-999999999,
,
,
,
,
,
,
,
,
,
,
,
,
,
,
,
,
,
,
,
,
,
,
,
,
,
,
,
,
,
,
,
,
,
,
,
,
,
,
,
,
,
,
,
,
,
,
,
,
,
,
,
,
,
,
,
,
,
,
,
,
,
,
,
,
,
,
,
,
,
,
,
,
,
,
,
,
,
,
,
,
,
,
,
,
,
,
,
,
,
,
,
,
,
,
,
,
,
,
,
,
,
,
,
,
,
,
,
,
,
,
,
,
,
,
,
,
,
,
,
,
,
,
,
,
,
,
,
,
,
,
,
,
,
,
,
,
,
,
,
,
,
,
15.202,37
15.375,82
15.357,90
15.357,104
13.309,129
12.819,59
,
,
,
,
,
,
,
,
,
,
,
,
14.755,37
14.811,97
14.783,78
14.756,117
14.685,111
12.223,111
14.704,31
4.756,42
4.765,63
4.771,71
4.801,81
4.833,96
4.76,96
4.745,92
4.694,98
4.648,99
4.58,87
4.445,90
4.389,88
4.288,87
4.211,86
4.129,90
4.043,93
3.994,100
3.855,89
3.849,81
3.75,76
3.778,82
3.763,79
3.737,84
3.737,84
3.72,80
3.714,79
3.704,82
3.705,77
3.775,76
3.808,78
3.843,80
3.868,80
3.877,82
3.905,83
3.923,81
4.152,78
4.332,69
4.037,65
3.939,66
3.934,61
3.942,71
3.991,70
3.966,70
3.99,72
3.985,63
4.037,65
4.013,66
4.005,57
4.037,65
4.029,55
4.036,64
4.04,69
4.103,78
4.202,104
4.175,103
4.057,84
4.048,16
12.044,49
11.952,105
11.946,57
11.999,97
12.071,53
,
,
,
,
,
,
,
,
,
,
,
,
,
,
,
,
,
,
,
,
,
,
,
,
,
,
,
,
,
,
,
,
,
,
,
,
,
,
,
,
,
,
,
,
,
,
,
,
,
,
,
,
,
,
,
,
,
,
,
,
,
,
,
,
,
,
,
,
,
,
,
,
,
,
,
,
,
,
,
,
,
,
,
,
,
,
,
,
,
,
,
,
,
,
,
,
,
,
,
,
,
,
,
,
,
,
,
,
,
,
,
,
,
,
,
,
,
,
,
,
,
,
,
,
,
,
,
,
,
,
,
,
,
,
,
,
,
,
,
,
,
,
,
,
,
,
,
,
,
,
,
,
,
,
,
,
,
,
,
,
,
,
,
,
,
,
,
,
,
,
,
,
,
,
,
,
,
,
,
,
,
,
,
,
,
,
,
,
,
,
,
,
,
,
,
,
,
,
,
,
,
,
,
,
,
,
,
,
,
,
,
,
,
,
,
,
,
,
,
,
,
,
,
,
,
,
,
,
,
,
,
,
,
,
,
,
,
,
,
,
,
,
,
,
,
,
,
,
,
,
,
,
,
,
,
,
,
,
,
,
,
,
,
,
,
,
,
,
,
,
,
,
,
,
,
,
,
,
,
,
,
,
,
,
,
,
,
,
,
,
,
,
,
,
,
,
,
,
,
,
,
,
,
,
,
,
,
,
,
,
,
,
,
,
,
,
,
,
,
,
,
,
,
,
,
,
,
,
,
,
,
,
,
,
,
,
,
,
,
,
,
,
,
,
,
,
,
,
,
,
,
,
,
,
,
,
,
,
,
,
,
,
,
,
,
,
,
,
,
,
,
,
,
,
,
,
,
,
,
,
,
,
,
,
,
,
,
,
,
,
,
,
,
,
,
,
,
,
,
,
,
,
,
,
,
,
,
,
,
,
,
,
,
,
,
,
,
,
,
,
,
,
,
,
,
,
,
,
,
,
,
,
,
,
,
,
,
,
,
,
,
,
,
,
,
,
,
,
,
,
,
,
,
,
,
,
,
,
,
,
,
,
,
,
,
,
,
,
,
,
,
,
,
,
,
,
,
,
,
,
,
,
,
,
,
,
,
,
,
,
,
,
,
,
,
,
,
,
,
,
,
,
,
,
,
,
,
,
,
,
8.368,33
8.463,100
8.425,60
8.477,61
8.54,87
8.624,89
8.687,68
8.699,48
8.721,13
,
,
,
,
,
,
,
,
,
,
,
,
,
,
,
,
8.773,33
8.713,69
8.762,72
8.81,85
8.929,78
8.863,67
14.652,94
14.673,100
14.667,113
14.495,92
14.469,106
14.496,71
,
,
,
,
,
,
,
,
,
,
,
,
,
,
,
,
,
,
,
,
,
,
,
15.274,16
15.258,84
15.22,93
15.214,66
15.202,77
15.225,32
,
,
,
,
,
,
,
,
13.014,35
13.041,53
12.942,55
12.917,54
12.872,62
12.802,74
12.765,45
,
,
,
,
,
,
,
,
,
,
,
,
,
,
,
,
,
,
,
,
,
,
,
,
,
15.299,25
15.301,42
15.361,64
15.294,93
15.323,116
15.295,115
15.217,114
15.199,116
15.224,116
15.237,120
15.234,119
15.238,113
15.214,113
15.214,113
15.234,119
15.162,105
15.166,99
15.175,88
15.158,60
,
,
,
,
,
,
,
,
,
,
,
,
,
,
,
,
,
,
,
,
,
,
,
,
,
,
,
,
,
,
,
,
,
,
,
,
,
,
,
,
,
,
,
,
,
,
,
,
,
,
,
,
,
,
,
,
,
,
,
,
,
,
,
,
,
,
,
,
,
,
,
,
,
,
,
,
,
,
,
,
,
,
,
,
,
,
,
,
,
,
,
,
,
,
,
,
,
,
,
,
,
,
,
,
,
,
,
,
,
,
,
,
,
,
,
,
,
,
,
,
,
,
,
,
,
,
,
,
,
,
,
,
,
,
,
,
,
,
,
,
,
,
,
,
,
,
,
,
,
,
,
,
,
,
,
,
,
,
,
,
,
,
,
,
,
,
,
,
,
,
,
,
,
,
,
,
,
,
,
,
,
,
,
,
,
,
,
,
,
,
,
,
,
,
,
,
,
,
,
,
,
,
14.356,39
14.484,103
14.475,115
14.283,110
14.274,107
14.415,112
14.368,113
14.284,103
14.351,108
14.373,107
14.487,104
14.564,112
14.617,113
14.595,114
14.62,114
14.614,112
14.603,109
14.625,108
14.66,111
14.684,118
14.689,112
14.669,99
14.634,96
14.676,101
14.707,110
14.67,114
14.628,109
14.639,112
14.645,114
14.635,111
14.619,99
14.578,109
14.564,112
14.521,114
14.521,86
14.41,18
,
14.481,41
0.851,13
14.436,58
0.826,15
0.801,17
0.851,23
0.802,30
0.827,30
0.826,25
0.851,25
0.902,31
0.876,28
0.827,29
0.753,43
0.728,46
0.78,52
0.756,54
0.735,61
0.707,56
0.684,60
0.685,61
0.736,62
0.71,61
0.688,64
0.69,66
0.714,65
0.739,65
0.663,64
0.685,61
0.733,58
0.74,66
0.74,66
0.757,57
0.829,48
0.727,31
0.678,45
0.658,58
0.683,58
0.681,55
0.731,54
0.778,45
0.728,45
0.706,55
0.779,50
0.787,63
0.766,67
0.842,68
0.785,61
0.728,46
0.655,51
0.704,50
0.684,60
0.708,58
0.633,59
0.711,62
0.659,60
0.688,64
0.687,63
0.691,67
0.659,60
0.682,57
0.684,60
0.764,65
0.732,56
0.687,63
0.708,58
0.688,64
0.688,64
0.683,59
0.737,63
0.685,61
0.738,64
0.733,59
0.741,67
0.739,65
0.716,67
0.741,74
0.743,71
0.716,67
0.767,73
0.72,75
0.749,76
0.717,72
0.717,72
0.716,74
0.742,73
0.717,72
0.688,64
0.717,72
0.745,75
0.717,68
0.714,65
0.736,62
0.736,62
0.691,67
0.636,62
0.688,64
0.711,62
0.665,66
0.69,66
0.691,67
0.668,69
0.668,69
0.739,65
0.692,68
0.736,62
0.668,69
0.691,74
0.668,70
0.639,65
0.666,67
0.659,60
0.683,58
0.708,58
0.686,62
0.736,62
0.711,62
0.659,60
0.687,63
0.685,61
0.686,62
0.632,57
0.685,61
0.689,65
0.683,59
0.687,63
0.682,56
0.734,60
0.643,69
0.664,65
0.684,60
0.661,62
0.689,65
0.692,68
0.64,66
0.688,64
0.69,66
0.692,68
0.641,67
0.693,70
0.667,72
0.666,74
0.695,75
0.668,71
0.642,73
0.693,69
0.641,67
0.643,69
0.686,62
0.69,66
0.688,64
0.684,60
0.682,56
0.679,48
0.679,49
0.629,49
0.606,54
0.655,51
0.628,45
0.679,48
0.653,47
0.628,40
0.678,41
0.703,43
0.653,37
0.702,30
0.727,30
0.728,34
0.726,28
0.777,29
0.777,29
0.801,28
0.828,36
0.751,28
0.777,30
0.776,28
0.728,35
0.728,38
0.827,30
0.777,31
0.753,35
0.778,39
0.728,39
0.753,40
0.753,44
0.755,51
0.732,56
0.73,51
0.729,48
0.706,53
0.732,56
0.731,53
0.734,60
0.708,59
0.707,57
0.732,56
0.733,58
0.778,46
0.729,48
0.756,55
0.788,64
0.765,66
0.768,71
0.767,68
0.792,68
0.814,65
0.789,65
0.787,63
0.742,68
0.765,66
0.783,59
0.739,65
0.768,69
0.739,65
0.737,63
0.74,66
0.736,62
0.765,66
0.788,64
0.832,56
0.866,67
0.787,63
0.781,55
0.778,35
,
,
,
,
,
,
,
15.449,29
15.49,69
,
,
,
15.549,29
15.507,61
15.375,33
,
,
14.176,21
14.236,57
14.167,64
14.257,41
13.993,19
14.357,49
,
,
,
,
,
14.402,22
14.344,67
14.298,107
14.209,110
14.166,112
14.197,114
14.209,110
14.162,111
14.187,111
14.154,94
14.255,109
14.184,110
14.184,110
14.34,79
14.268,98
14.259,110
14.324,100
14.262,111
13.959,117
13.863,111
13.975,107
14.226,115
14.187,111
14.155,109
14.126,115
14.143,120
13.334,116
13.227,99
13.357,108
13.352,121
13.277,114
13.455,115
13.297,105
13.271,112
13.277,114
13.377,121
13.47,112
13.295,119
13.314,110
13.396,112
14.282,117
13.467,125
13.324,113
13.302,121
13.352,121
13.338,117
13.471,126
13.471,105
13.391,96
13.331,115
13.327,121
13.373,120
13.331,115
13.37,119
13.384,116
13.377,114
13.437,117
13.427,121
13.467,125
13.459,123
13.504,128
13.455,122
13.459,123
13.402,121
13.341,118
13.356,122
13.363,117
13.345,119
13.356,122
13.327,114
13.388,117
13.374,113
13.437,117
13.583,129
13.575,127
13.347,105
13.306,115
13.374,113
13.29,103
13.509,123
14.175,128
13.459,123
13.906,123
14.272,121
13.413,117
13.338,117
14.283,124
13.414,110
13.266,118
13.348,120
14.276,115
14.396,114
14.285,118
14.332,117
14.368,113
14.205,109
14.318,113
14.282,117
14.272,114
14.282,117
14.358,110
14.176,115
14.382,117
14.365,112
14.378,116
14.375,115
15.032,118
14.457,117
14.202,108
14.137,111
12.862,109
12.734,115
12.56,108
12.557,107
12.589,102
12.563,109
12.62,111
12.584,115
12.982,128
13.089,117
13.06,116
13.122,112
12.932,100
12.923,112
12.943,118
12.993,118
12.983,115
12.974,105
13.205,107
13.026,113
12.947,119
12.973,112
13.544,119
13.587,117
13.612,95
13.528,107
13.661,117
13.514,103
12.991,110
13.026,113
13.25,106
13.476,114
13.831,116
13.866,119
13.948,121
13.538,110
13.606,108
13.679,115
13.669,112
13.762,103
13.737,54
,
13.682,12
13.827,93
13.812,83
14.464,62
14.483,110
14.366,126
13.108,108
13.128,114
13.117,96
14.48,102
13.58,115
13.419,97
13.652,107
13.693,119
13.563,124
13.827,128
14.475,115
14.448,107
14.419,106
14.508,110
14.441,105
14.43,102
14.401,108
14.433,110
14.393,113
14.415,112
14.45,115
14.405,102
14.483,89
14.518,66
14.487,90
14.465,112
14.4,122
14.382,117
14.386,111
14.112,111
13.451,121
13.413,117
13.264,110
13.433,116
13.208,108
13.205,107
13.739,58
13.811,110
13.814,111
13.838,111
13.812,83
13.916,62
13.905,116
13.788,118
8.207,99
8.249,104
8.321,110
8.313,115
8.295,117
8.211,100
8.08,92
13.914,60
13.892,79
13.897,92
13.868,91
13.884,50
13.848,86
13.807,109
13.837,118
13.837,118
13.834,117
13.845,113
13.839,104
13.856,109
13.83,101
13.846,106
13.881,109
13.881,109
13.829,108
13.86,110
13.85,107
13.801,107
13.862,96
13.836,103
13.83,101
13.808,102
13.83,101
13.777,100
13.73,101
13.414,124
13.23,107
13.222,112
13.227,92
13.344,97
13.789,111
13.576,114
13.884,117
13.77,120
14.259,110
13.327,114
13.319,97
14.022,99
13.392,111
4.077,51
3.987,65
3.936,63
3.98,56
4.064,92
4.11,98
4.092,100
4.116,107
4.105,104
4.143,108
4.143,108
4.146,109
4.154,104
4.04,86
7.139,101
7.16,107
7.15,97
7.166,88
13.38,100
7.197,96
4.057,97
4.106,97
4.029,83
4.016,80
4.008,97
4.027,95
3.994,100
4.063,106
4.046,101
4.085,98
4.068,93
4.064,99
4.051,95
4.081,97
4.072,94
4.1,95
4.089,86
4.063,74
4.103,78
4.113,92
4.13,97
4.118,87
4.157,79
4.103,78
4.152,96
7.71,100
7.668,95
7.752,91
7.728,98
7.656,99
7.623,104
7.655,106
7.68,106
7.739,94
7.594,89
7.515,88
7.549,84
7.594,89
7.603,98
7.585,93
7.656,99
7.635,100
7.628,98
7.578,98
7.631,92
7.621,78
7.617,77
7.79,88
7.706,92
7.606,99
7.58,106
7.562,108
7.461,100
7.503,105
7.499,104
7.528,98
7.614,94
7.634,107
7.577,105
7.569,110
7.53,106
7.541,102
7.577,105
7.593,95
7.618,95
13.246,112
13.3,106
4.001,39
4.003,52
3.984,62
3.937,64
3.989,67
3.988,66
3.99,68
3.961,79
3.987,85
4.007,90
3.987,85
4.025,82
4.038,66
4.011,64
4.028,51
4.075,34
13.894,120
13.917,112
13.922,72
7.454,65
7.613,76
7.566,102
7.566,102
7.545,103
7.524,97
7.49,94
7.391,88
7.407,92
7.444,95
7.531,99
7.573,104
7.623,104
7.987,108
8.282,106
8.115,88
7.746,96
7.519,89
7.433,86
7.454,98
7.479,85
7.763,76
7.627,64
7.532,80
7.563,101
7.573,104
7.564,94
7.578,65
8.1,62
8.196,83
3.95,88
4.141,100
4.124,95
3.95,88
3.931,78
3.956,78
3.965,92
3.959,97
3.997,101
3.963,98
3.938,98
3.93,103
3.968,107
3.962,105
3.965,99
3.989,106
3.969,100
3.941,99
3.904,89
3.928,95
3.843,86
3.92,93
3.875,94
3.909,97
3.891,99
3.989,106
3.955,103
3.994,100
4.005,96
4.076,95
4.063,67
4.101,89
3.993,75
4.196,102
4.072,94
4.054,96
4.046,101
4.046,101
4.043,100
4.048,88
4.052,89
8.182,99
8.173,90
8.111,87
8.035,87
7.907,71
8.193,46
8.103,85
7.99,88
8.171,96
8.149,97
8.019,103
7.831,99
7.799,97
7.786,87
7.698,90
7.746,96
7.823,104
7.828,98
8.099,97
8.119,89
8.127,105
8.099,97
8.146,96
8.224,90
8.211,93
8.171,96
8.124,97
8.088,94
8.155,106
8.166,102
8.17,83
8.054,74
8.067,95
7.902,91
7.798,104
7.752,105
7.752,105
7.739,94
7.791,82
7.825,62
7.792,44
7.891,29
7.942,42
7.892,44
7.943,49
8.069,55
8.081,70
8.056,69
8.055,72
7.988,76
7.984,75
7.988,81
8.038,94
7.985,100
7.956,92
7.923,90
7.857,86
7.761,87
7.749,97
7.77,103
7.698,104
7.734,107
7.72,103
7.723,104
7.716,102
7.716,102
7.67,103
7.643,95
7.638,101
7.628,98
7.614,94
7.653,98
7.706,99
7.791,102
7.785,100
7.777,91
7.788,81
7.827,91
7.977,105
7.881,99
7.806,99
7.781,99
7.768,95
7.718,95
7.688,101
7.877,105
7.944,89
7.943,95
8.034,100
8.086,108
8.097,111
8.107,114
8.07,96
8.095,103
7.247,96
8.03,92
8.106,92
8.08,92
8.052,65
7.596,56
7.4,97
7.296,103
7.274,104
7.24,94
7.294,95
7.307,72
7.197,57
7.422,56
7.395,52
7.344,48
7.293,35
16.914,101
16.914,101
16.983,121
17.131,127
13.433,129
13.292,131
13.155,107
13.118,111
13.16,116
13.135,116
8.014,109
8.017,117
8.039,123
8.026,126
7.994,124
7.875,119
7.806,99
7.76,100
7.78,106
7.673,104
7.668,95
7.684,75
7.753,98
7.821,96
7.882,80
7.877,91
7.984,107
7.977,105
8.069,103
8.026,91
7.907,80
7.781,99
7.795,103
7.834,107
7.819,110
7.827,105
7.798,104
7.831,92
7.86,100
7.997,111
8.143,117
8.043,110
7.937,108
7.943,95
7.924,84
7.939,94
7.999,97
8.022,104
8.006,99
8.059,100
8.188,108
8.107,80
13.764,111
13.735,95
13.647,74
7.544,51
7.571,57
7.576,63
7.607,69
7.617,77
7.606,73
7.584,75
7.578,65
7.544,51
7.493,35
7.596,57
7.62,83
7.748,90
8.045,96
8.019,103
7.988,101
8.005,106
8.018,110
8.025,112
7.972,111
7.997,111
8.035,115
8.001,112
8.009,107
8.018,110
7.977,105
7.999,97
7.977,105
7.974,97
7.956,99
7.899,97
7.923,104
7.863,101
7.82,103
7.763,101
7.703,98
7.723,104
7.653,98
7.691,102
7.757,114
7.851,112
7.843,95
13.446,105
7.496,55
7.5,61
7.482,73
7.466,88
7.523,90
7.506,67
7.518,49
7.515,28
12.895,125
12.912,109
18.151,114
18.475,114
18.277,107
18.316,104
18.294,112
18.32,105
18.387,110
18.287,110
18.199,106
18.235,102
18.356,101
19.488,112
19.492,74
,
,
,
,
7.615,24
7.738,81
7.549,97
7.627,105
7.784,107
7.703,98
7.67,103
7.618,95
7.516,102
7.354,98
7.374,104
7.58,106
7.652,91
7.65,62
,
7.343,39
7.538,76
7.578,98
7.523,104
7.534,107
7.488,108
7.522,111
7.506,106
7.353,105
7.382,99
7.513,101
7.5,97
7.464,101
7.464,101
7.56,93
7.777,91
7.811,87
7.856,99
8.17,103
8.228,105
8.221,103
8.242,102
7.959,107
7.555,106
7.467,102
7.457,99
3.988,113
3.955,103
3.855,89
3.86,97
3.832,96
3.859,90
3.955,103
3.909,84
3.8,76
3.827,82
3.822,87
3.847,87
3.803,82
3.818,80
3.831,83
3.817,68
3.849,81
3.822,87
8.803,96
8.868,93
7.464,101
7.3,97
7.264,101
7.336,93
7.523,104
7.489,101
7.46,107
7.449,104
7.432,92
7.449,104
7.469,95
7.438,108
7.46,107
6.072,95
5.887,80
5.876,96
5.893,101
5.878,90
5.85,83
5.932,105
5.856,112
5.75,103
5.795,109
5.767,108
5.81,106
5.786,99
5.794,94
5.778,104
5.856,112
5.952,111
5.956,112
5.899,124
3.559,110
3.519,113
3.502,115
3.471,106
3.447,99
3.416,97
3.454,101
3.423,92
3.434,95
3.427,93
3.411,89
3.344,79
3.325,71
3.374,69
3.348,67
3.374,70
3.348,74
3.376,75
3.401,75
3.374,70
3.464,90
3.514,97
3.529,94
3.529,94
3.433,82
3.546,99
3.447,99
3.411,89
3.372,74
3.461,83
3.373,72
3.418,79
3.374,70
3.384,77
3.348,74
3.359,77
3.399,70
3.373,68
3.399,70
3.373,72
3.373,68
3.32,64
3.352,75
3.35,69
3.349,72
3.349,72
3.35,71
3.348,74
3.349,73
3.3,70
3.349,68
3.35,71
3.299,72
3.349,68
3.319,79
3.3,71
3.299,73
3.299,73
3.347,66
3.323,67
3.324,72
3.372,74
3.398,68
3.292,61
3.321,65
3.315,59
3.319,63
3.35,69
3.398,72
3.373,73
3.348,74
3.374,69
3.373,72
3.398,68
3.398,72
3.399,71
3.397,74
3.424,80
3.418,79
3.401,75
3.359,77
3.448,80
3.444,85
3.472,72
3.521,72
3.574,75
3.677,94
3.681,95
3.632,95
3.568,85
3.621,86
3.559,89
3.661,90
3.621,80
3.578,81
3.587,90
3.555,88
3.659,103
3.701,101
3.715,105
3.797,100
3.823,108
3.771,107
3.76,104
3.646,86
3.63,82
3.621,80
3.596,71
3.658,89
3.662,84
3.695,86
3.679,82
3.701,81
3.708,83
3.683,83
3.794,80
3.73,45
8.005,74
7.981,73
3.62,73
3.67,70
3.642,85
3.642,85
3.594,74
3.652,81
3.656,77
3.695,86
3.707,89
3.724,87
3.728,88
3.715,91
3.771,107
3.921,115
3.908,104
3.948,101
3.571,99
3.722,107
3.746,107
3.732,110
3.746,107
3.716,98
3.679,82
3.744,86
3.744,86
3.768,92
3.81,90
3.835,97
3.889,98
5.773,95
8.565,87
8.546,77
3.742,67
3.737,84
3.703,88
3.546,99
5.899,110
6.129,119
8.069,103
8.143,95
8.365,101
8.661,99
8.697,102
8.657,91
8.716,100
8.744,101
8.639,107
8.422,103
8.267,88
3.79,98
3.837,112
3.924,116
3.883,111
3.823,108
3.772,100
3.703,88
3.727,94
3.711,90
3.711,90
3.758,96
3.719,92
3.719,92
3.737,97
3.771,107
3.792,106
3.816,106
3.863,105
3.877,102
3.74,85
3.515,62
3.569,66
3.62,92
3.621,80
3.613,84
3.581,82
3.634,83
3.621,80
3.784,111
3.904,110
5.646,109
5.719,94
5.707,64
3.558,49
3.656,77
3.634,83
3.638,84
3.638,84
3.679,82
3.694,92
3.752,109
3.939,113
5.844,94
5.832,105
5.844,94
5.849,51
8.293,40
8.419,46
5.695,28
5.793,81
5.923,95
5.818,101
5.845,109
5.864,107
5.775,103
5.839,107
5.818,101
5.811,92
5.925,103
5.95,103
5.971,102
6.077,104
5.992,108
5.64,107
5.423,102
5.344,108
5.358,112
5.311,113
5.234,105
5.258,112
5.234,105
5.245,101
5.263,99
5.267,93
5.654,97
6.067,101
6.128,97
6.103,97
6.107,98
6.177,104
6.215,115
6.166,108
6.077,104
6.074,103
6.038,107
6.067,101
6.12,102
5.989,107
5.832,91
5.768,101
5.746,102
5.76,106
5.736,99
5.807,105
5.835,106
5.79,100
5.761,99
5.732,105
5.775,103
5.796,102
5.754,97
5.79,100
5.711,99
5.746,102
5.715,100
5.711,99
5.721,102
5.658,98
5.583,105
5.58,97
5.538,80
5.562,70
5.611,73
5.731,79
5.758,65
5.597,41
19.385,111
18.652,100
18.622,106
13.393,104
13.372,105
13.31,109
13.258,101
13.202,99
13.297,105
13.25,106
18.114,103
18.098,113
18.098,113
18.105,115
18.098,113
13.347,105
13.343,104
13.286,102
13.25,106
13.272,105
13.264,110
13.267,111
13.277,114
13.296,112
13.317,111
13.39,103
13.333,101
13.323,98
5.697,47
5.661,68
5.7,83
5.625,83
5.636,92
5.63,97
5.675,103
5.665,100
5.629,104
5.644,101
5.629,104
5.626,103
5.651,103
5.626,103
5.658,105
5.612,99
5.594,101
5.612,99
5.619,101
5.609,98
5.636,106
5.571,109
5.544,101
5.533,105
5.536,106
5.5,95
5.492,93
5.534,98
5.576,103
5.572,102
5.615,107
5.558,105
5.578,111
5.576,103
5.636,106
5.579,104
5.611,106
5.597,102
5.64,107
5.586,106
5.557,112
5.56,113
5.511,113
5.514,114
5.511,113
5.574,117
5.56,113
5.561,106
5.594,101
5.566,100
5.557,112
5.553,111
5.554,104
5.51,98
5.537,92
5.54,107
5.477,103
5.497,109
5.487,106
5.452,83
5.547,38
5.545,28
5.474,44
5.483,79
5.484,105
5.427,103
5.43,104
5.437,106
5.389,80
5.565,107
5.609,120
5.634,120
5.532,112
5.515,107
5.577,118
5.545,116
5.514,114
8.088,94
8.156,99
8.242,102
8.268,102
8.383,99
8.404,105
8.221,103
8.2,97
8.195,89
8.194,95
8.135,100
8.134,107
8.152,105
8.112,108
8.14,109
8.17,103
8.196,83
8.103,65
8.101,63
8.048,61
8.141,82
8.127,91
8.146,96
8.16,100
8.17,103
8.155,106
8.195,110
8.169,110
8.169,110
8.188,108
8.173,104
8.197,96
8.164,94
8.2,97
8.182,99
8.173,104
8.172,111
8.137,108
8.128,98
8.156,99
8.146,96
8.127,91
0.652,33
0.728,44
0.703,41
0.629,49
0.633,59
0.656,54
0.631,53
0.604,48
0.629,50
0.656,55
0.629,50
0.654,50
0.578,44
0.628,47
0.53,51
0.581,54
0.58,51
0.553,44
0.631,54
0.579,48
0.555,51
0.578,41
0.628,43
0.578,45
0.628,43
0.689,85
0.685,84
0.714,85
0.689,85
0.674,81
0.627,82
0.651,88
0.635,84
0.651,88
0.676,88
0.609,90
0.679,95
0.727,102
0.746,100
0.681,103
0.716,106
5.404,111
5.402,103
5.41,85
5.389,80
5.364,80
5.389,80
5.408,112
0.696,100
0.746,93
0.739,85
0.678,46
0.676,26
5.3,95
5.277,103
5.284,105
5.28,104
5.327,103
5.337,106
5.387,106
5.359,105
5.347,109
5.377,103
5.406,97
5.384,105
5.363,99
5.373,102
5.408,63
5.397,25
19.672,115
20.328,110
20.081,111
20.091,114
15.188,120
14.902,109
14.863,112
12.347,131
15.014,126
12.237,115
12.492,130
12.354,113
12.335,128
12.34,123
12.364,116
12.389,116
12.389,109
12.386,108
12.384,100
12.328,98
12.21,107
12.187,87
12.153,105
12.17,110
12.152,112
12.19,94
12.331,86
12.26,107
12.245,110
19.713,105
19.924,94
19.755,110
19.726,109
19.881,118
19.937,105
19.936,112
20.061,105
20.094,100
20.074,109
20.245,115
20.397,116
19.438,112
19.328,109
19.517,106
19.613,105
19.759,104
20.928,83
20.746,101
20.26,112
19.963,120
20.195,115
19.193,113
18.952,115
18.948,114
18.917,112
18.953,108
20.094,100
20.394,115
7.684,20
7.63,67
7.657,86
7.71,100
7.681,99
7.656,99
7.766,102
7.716,102
7.746,96
7.707,86
7.753,85
7.752,91
7.741,82
7.763,81
7.745,83
7.745,83
7.691,82
7.766,82
7.749,84
7.728,98
7.772,111
7.734,107
7.716,102
7.731,72
7.696,56
17.609,115
17.764,117
7.746,56
7.686,87
7.703,98
7.713,101
7.691,102
7.688,101
7.66,93
7.681,92
7.703,85
7.625,62
17.706,100
17.648,91
15.666,134
15.574,136
15.488,133
15.395,122
15.456,125
15.505,131
15.594,122
15.416,80
17.713,38
17.664,50
17.589,37
17.673,64
17.662,82
17.648,91
17.669,104
17.588,109
17.629,114
17.661,116
17.753,114
17.714,117
17.728,114
17.707,115
17.717,118
17.69,117
17.492,110
17.466,117
17.453,106
17.547,62
17.548,63
18.223,113
18.246,105
18.119,119
16.053,125
15.807,119
15.754,111
15.714,114
15.544,115
15.465,114
15.42,115
15.454,118
15.479,118
15.429,118
11.747,131
11.693,124
15.562,113
15.712,106
12.083,114
11.919,110
15.203,95
15.212,105
15.31,112
15.279,83
20.628,103
20.631,104
18.801,128
11.416,43
18.586,110
18.44,111
18.394,112
18.391,104
18.497,113
18.49,111
18.482,116
18.529,108
11.881,68
11.882,69
11.719,52
21.627,54
21.639,70
15.091,92
15.014,98
15.002,109
15.138,120
19.819,107
19.808,104
19.892,114
19.906,96
19.891,73
19.817,71
19.782,96
19.784,104
19.833,104
19.771,100
19.766,106
19.819,107
19.867,114
19.904,110
20.005,118
21.611,98
21.625,95
21.605,90
21.532,97
21.604,96
21.204,96
21.268,100
21.114,92
21.364,92
21.049,102
20.964,99
20.974,102
20.993,100
20.574,102
20.443,100
20.435,105
20.534,112
17.69,117
17.797,112
17.945,119
17.782,122
17.913,117
17.852,114
17.609,122
17.469,118
17.654,121
17.641,124
17.632,128
17.615,117
17.538,109
17.485,108
17.471,104
17.362,101
17.372,104
17.408,107
17.552,113
18.863,111
18.878,108
18.848,114
18.921,106
18.985,110
18.992,112
18.895,113
18.788,111
15.988,121
16.062,114
16.083,120
15.917,115
15.996,123
16.099,124
16.177,131
16.152,131
16.173,130
16.144,129
16.107,126
16.094,116
15.996,123
15.95,110
16.058,120
18.498,106
18.42,105
18.477,107
-999999999,
16.013,114
16.07,123
16.041,122
15.995,116
15.877,118
15.874,117
15.818,115
15.879,104
19.065,112
17.631,93
18.296,98
18.271,98
17.602,74
17.543,56
17.48,70
17.43,114
17.469,78
17.425,64
17.585,81
17.652,99
17.601,120
17.634,108
17.717,96
17.725,113
15.538,133
15.423,116
17.631,107
17.683,108
17.392,117
17.37,118
17.339,109
,
20.676,50
20.545,108
19.754,117
20.156,111
19.491,113
19.799,101
20.414,99
18.951,100
18.8,107
18.864,104
20.74,114
20.289,106
19.609,104
19.663,105
20.178,110
19.506,110
19.382,110
20.23,96
19.64,113
19.889,113
19.631,103
19.67,107
19.703,39
,
,
,
,
,
,
,
,
,
16.015,75
16.166,115
16.13,119
16.102,111
19.73,110
19.633,111
16.219,129
16.028,125
16.215,128
15.863,114
12.403,120
12.389,116
12.361,115
12.319,110
12.603,133
15.888,114
12.676,120
12.562,116
12.503,113
12.425,112
12.379,106
12.468,110
12.545,111
12.531,114
12.559,122
12.707,134
12.683,128
12.554,127
12.478,113
12.438,116
12.481,114
12.414,109
12.464,109
12.488,116
12.481,114
12.45,112
12.431,114
12.488,116
12.485,115
12.492,117
12.488,116
12.563,123
12.591,130
15.423,116
15.426,117
12.757,134
12.662,129
12.599,132
12.545,111
12.4,119
12.393,117
12.407,121
12.552,113
12.531,114
12.372,111
12.355,106
12.382,114
12.514,109
12.564,102
12.554,99
12.529,106
12.535,115
12.467,95
12.563,109
12.667,124
12.425,112
12.537,116
12.463,94
12.312,108
12.396,118
12.379,113
12.357,114
16.002,118
16.069,116
15.957,112
16.182,126
16.045,123
17.148,125
16.106,112
16.033,120
15.825,110
16.112,121
,
,
,
,
,
,
,
,
,
,
,
,
,
,
,
,
,
,
,
20.431,60
20.349,102
20.324,102
20.494,115
20.397,116
20.67,108
20.706,104
20.006,111
19.693,114
17.58,121
17.831,122
17.735,116
17.69,117
17.71,116
17.803,114
17.846,112
17.977,114
18.812,118
18.76,110
18.761,103
17.622,119
17.707,128
17.665,117
19.791,106
19.822,108
20.971,81
17.555,114
17.726,106
19.85,109
19.861,112
19.844,107
20.091,86
18.869,120
18.427,107
18.489,118
18.382,116
18.585,117
18.56,117
18.543,112
18.255,115
18.769,120
18.916,119
18.736,110
18.881,123
18.677,93
18.693,112
18.656,116
18.667,119
18.66,117
18.674,121
18.603,115
18.711,110
18.898,114
8.699,49
8.662,71
8.681,79
8.692,87
8.635,74
8.676,56
18.421,98
18.431,101
18.387,110
19.829,89
19.799,76
,
,
18.185,32
18.349,92
18.137,117
18.158,116
15.072,122
14.873,122
14.858,118
14.858,118
14.756,117
14.84,120
14.926,116
14.958,118
15.032,118
15.071,115
15.117,114
14.963,112
14.933,118
14.873,115
14.89,120
15.036,119
15.241,121
15.248,116
15.227,117
15.01,125
14.964,126
15.063,126
15.14,133
18.076,114
17.74,110
18.113,110
18.04,118
18.088,110
17.992,111
18.039,103
15.055,124
14.902,109
14.915,120
14.923,115
14.927,109
14.887,119
14.72,114
14.766,120
14.738,119
14.652,116
14.759,118
14.777,116
14.815,120
14.973,115
14.565,126
13.774,121
13.735,117
13.856,123
13.771,113
13.774,121
13.824,114
13.834,117
13.785,117
13.984,117
13.969,120
13.944,120
13.973,114
13.981,123
13.919,120
14.176,115
14.154,116
14.296,121
14.357,117
14.446,121
14.389,119
14.396,121
14.276,115
14.269,113
17.237,101
17.254,106
17.353,113
17.197,111
17.204,113
17.496,125
20.156,111
20.632,97
14.313,97
14.191,112
14.236,118
14.229,116
14.208,117
14.251,115
14.179,116
14.265,119
14.777,123
14.425,115
14.31,118
14.335,118
14.538,119
14.534,96
14.437,90
14.391,91
14.313,84
14.214,84
10.729,127
10.733,128
10.575,120
10.47,104
10.459,108
10.509,108
10.522,119
10.705,121
10.724,112
10.613,82
14.475,87
14.727,116
14.894,121
14.767,113
14.826,116
14.873,115
14.787,119
14.749,122
14.738,119
14.339,119
14.247,114
14.197,114
14.201,115
14.226,115
14.179,116
14.183,117
14.269,113
14.247,71
15.113,85
15.28,78
20.713,67
20.74,86
20.02,87
19.933,104
21.589,86
21.57,108
21.499,102
16.938,108
16.863,108
16.991,109
14.42,127
14.367,120
14.301,108
14.354,109
14.346,114
14.396,121
14.5,122
14.241,112
14.222,114
14.333,124
14.561,125
14.545,121
14.321,114
14.276,115
14.247,121
14.247,121
14.254,116
14.269,113
14.219,113
14.03,116
13.92,113
13.948,121
13.953,108
13.937,118
13.894,120
13.862,118
13.841,119
13.88,116
13.814,111
13.781,94
1.976,32
1.952,43
1.954,52
1.985,62
2.054,77
2.016,73
2.016,72
1.977,77
2.027,82
2.017,80
2.064,79
2.043,73
2.103,81
2.035,84
1.991,86
2.016,92
2.038,91
2.065,91
2.038,91
2.012,91
2.034,90
1.995,87
1.976,82
1.986,79
2.019,75
1.99,67
2.038,64
2.001,43
2.054,43
2.082,50
2.083,52
2.032,56
2.017,69
1.99,74
2.079,88
2.017,86
2.025,94
2.061,90
2.078,94
1.999,88
1.999,88
2.038,91
1.999,88
2.038,91
2.012,91
1.999,88
2.02,93
1.991,86
2.003,89
2.017,86
1.984,84
1.971,87
1.988,85
1.997,81
1.967,80
1.986,79
1.94,74
1.948,76
1.951,82
2.021,87
1.991,86
1.941,73
1.939,66
1.886,63
1.931,56
1.953,49
1.971,21
14.853,82
20.796,76
21.105,59
1.937,19
1.931,18
1.901,32
1.905,54
1.917,69
1.95,88
1.949,94
1.941,99
1.934,97
1.928,95
1.959,97
1.912,91
1.92,93
1.904,89
1.941,92
1.896,87
1.941,73
1.962,64
1.932,58
1.885,62
1.901,82
1.916,92
1.925,88
1.896,87
1.916,92
1.916,92
1.909,84
1.948,81
1.948,76
1.942,70
1.891,73
1.944,75
1.94,74
1.94,67
1.906,56
1.929,51
1.928,48
1.927,44
1.926,32
1.902,34
17.7,113
17.735,116
17.753,114
17.803,114
17.863,117
17.817,111
17.849,113
17.849,113
17.842,111
17.807,115
17.743,111
17.743,111
17.807,115
17.757,115
17.747,112
17.764,117
17.793,111
17.829,107
1.956,18
2.077,22
1.95,26
17.735,116
17.683,115
1.969,20
1.871,21
17.654,121
17.721,119
17.818,125
19.065,112
19.161,111
19.043,113
18.978,108
19.096,114
19.1,115
19.012,111
19.033,110
19.1,115
19.075,115
19.059,83
19.03,31
,
,
,
,
,
,
,
,
,
,
,
,
,
,
21.524,36
21.478,103
21.37,108
21.313,106
21.428,103
21.406,104
21.354,96
21.389,68
21.522,26
,
,
,
14.132,39
14.16,53
14.283,89
14.247,86
14.216,79
14.256,82
14.137,59
14.16,83
14.206,82
1.651,33
1.677,43
1.677,35
1.602,47
1.627,43
1.631,56
1.587,64
1.567,71
1.566,73
1.544,75
1.612,91
1.596,87
1.579,95
1.575,94
1.592,92
1.6,94
1.575,94
1.589,98
1.563,91
1.585,97
1.559,90
1.614,98
1.579,95
1.579,95
1.575,94
1.567,92
1.628,95
1.58,89
1.588,91
1.551,88
1.584,90
1.563,91
1.576,88
1.56,84
1.543,86
1.58,83
1.584,84
1.544,75
1.552,77
1.602,77
1.567,71
1.541,73
1.535,62
1.559,61
1.509,60
1.507,57
1.56,62
1.558,60
1.536,63
1.566,68
1.617,71
1.573,76
1.573,81
1.638,85
1.6,94
1.602,102
1.599,101
1.559,90
1.62,93
1.645,93
1.572,87
1.584,90
1.563,91
1.6,94
1.588,91
1.579,95
1.616,92
1.563,91
1.58,83
1.596,93
1.596,87
1.646,87
1.631,96
1.612,91
1.638,85
1.586,79
1.655,83
1.623,76
1.598,76
1.64,74
1.591,68
1.592,71
1.507,78
1.462,79
1.374,81
1.343,70
1.356,83
1.318,86
1.363,91
1.309,90
1.332,96
1.304,95
1.325,94
1.317,92
1.309,90
1.332,96
1.321,93
1.317,92
1.305,89
1.309,90
1.335,84
1.318,86
1.357,78
1.345,75
1.345,75
1.424,76
1.449,76
1.485,84
1.521,93
1.554,95
1.596,100
1.585,97
1.602,102
1.549,101
1.556,103
1.574,101
1.546,100
1.566,106
1.601,109
1.57,107
0.406,103
,
,
0.329,95
,
,
,
,
,
,
,
,
,
,
,
,
,
,
,
,
,
,
,
,
0.227,31
0.276,25
11.133,128
13.942,112
13.975,107
10.742,110
1.575,24
1.625,28
1.576,33
1.477,32
1.527,43
1.527,40
1.503,40
1.478,45
1.455,51
1.504,49
1.479,49
1.508,59
1.481,55
1.53,54
1.556,57
1.536,63
1.535,62
1.534,61
1.531,57
1.533,60
1.534,61
1.532,59
1.584,61
1.584,61
1.612,64
1.592,70
1.59,74
1.623,81
1.634,84
1.673,81
1.626,82
1.613,85
1.629,89
1.6,88
1.563,91
1.572,87
1.6,88
1.624,94
1.616,92
1.62,93
1.628,95
1.58,89
1.576,82
1.54,74
1.636,79
1.566,72
1.566,68
1.561,79
1.539,85
1.513,91
1.529,95
1.539,98
1.529,95
1.546,100
1.542,99
1.554,95
1.514,85
1.507,78
1.544,75
1.542,71
1.566,72
1.577,77
1.541,72
1.537,64
1.409,60
0.382,57
0.356,53
0.378,45
0.453,44
0.378,41
0.303,46
0.359,60
0.388,64
1.492,68
1.532,78
1.528,77
1.552,77
1.611,79
1.516,74
1.443,71
0.485,61
0.483,58
0.357,57
1.408,58
1.493,69
1.541,68
1.569,75
1.567,70
1.611,79
1.592,86
1.564,85
1.592,86
1.594,75
1.592,71
1.592,80
1.552,77
1.612,91
1.604,89
1.596,93
1.638,98
1.638,98
1.681,96
1.642,86
1.673,81
1.592,71
1.513,64
1.59,67
1.68,83
1.704,89
1.698,101
1.678,95
1.709,97
1.708,90
1.72,93
1.729,89
1.721,87
1.716,92
1.723,101
1.716,99
1.737,105
1.701,102
1.709,97
1.695,93
1.712,91
1.686,79
1.69,74
1.684,61
1.629,51
1.727,43
1.732,59
1.782,58
1.74,74
1.748,81
1.733,90
1.745,93
1.724,94
1.741,99
1.734,97
1.688,98
1.691,99
1.681,96
1.656,96
1.67,93
1.642,86
1.548,76
1.199,76
0.739,65
0.632,57
0.631,53
0.607,57
0.682,57
0.582,57
0.657,57
0.631,53
0.632,57
0.631,54
0.633,58
0.658,58
0.63,51
0.631,55
0.681,55
0.581,54
0.632,57
0.639,65
0.634,60
0.638,64
0.632,56
0.631,55
0.638,64
0.636,62
0.636,62
0.693,70
0.684,60
0.639,65
0.642,68
0.667,68
0.691,67
0.643,69
0.688,64
0.635,61
0.729,48
0.728,46
0.778,47
0.783,58
1.11,61
1.366,67
1.487,63
1.385,61
1.133,58
0.981,54
1.141,67
1.265,66
1.343,71
1.342,68
1.333,58
1.365,66
1.342,68
1.342,68
1.336,62
1.286,62
1.283,58
1.262,63
1.284,60
1.231,54
1.179,49
1.078,37
0.927,32
0.978,45
1.403,46
1.504,50
1.483,59
1.468,69
1.392,72
1.395,75
1.349,76
1.362,79
1.349,81
1.312,79
1.324,81
1.262,79
1.212,79
1.297,87
1.335,84
1.359,90
1.385,84
1.389,85
1.443,86
1.447,87
1.463,91
1.443,86
1.402,82
1.41,84
1.362,79
1.274,76
1.262,79
1.195,75
1.212,79
1.193,80
1.181,83
1.181,83
1.081,83
1.068,80
1.002,82
0.953,77
0.791,74
0.766,74
0.72,75
0.742,73
0.693,70
0.718,70
0.743,69
0.763,64
0.789,65
0.79,66
0.842,68
0.892,68
0.893,69
0.843,70
0.866,74
0.842,73
0.837,79
0.828,77
0.831,83
0.812,79
0.793,86
0.822,87
0.832,78
0.824,81
0.824,81
0.792,72
0.803,77
0.792,73
0.807,78
0.774,76
0.795,75
0.767,72
0.774,76
0.792,73
0.743,69
0.792,72
0.753,77
0.793,69
0.791,74
0.793,70
0.762,63
0.833,59
0.781,55
0.83,51
0.806,53
0.755,51
0.755,52
0.856,55
1.383,59
1.516,67
1.517,68
1.542,70
1.542,69
1.52,75
1.466,74
1.502,82
1.445,75
1.399,76
1.412,79
1.393,80
1.341,74
1.402,82
1.424,76
1.432,78
1.485,84
1.431,83
1.481,83
1.477,82
1.547,87
1.51,84
1.539,85
1.527,82
1.549,81
1.527,82
1.586,79
1.602,77
1.591,68
1.561,63
1.489,65
1.382,57
0.981,55
0.732,57
0.831,55
0.792,68
0.792,68
0.766,67
0.749,76
0.742,68
0.793,71
0.741,67
0.742,68
0.738,64
0.741,67
0.764,65
0.785,61
0.739,65
0.79,66
0.743,71
0.738,64
0.743,71
0.74,66
0.789,65
0.743,69
0.813,64
0.849,76
1.024,81
1.268,80
1.449,76
1.528,77
1.524,81
1.51,97
1.432,96
1.389,98
1.371,93
1.432,96
1.472,87
1.387,79
1.093,86
0.881,83
0.87,75
1.014,85
1.037,79
0.892,73
0.764,65
0.793,71
0.777,82
0.818,80
0.792,73
0.809,60
0.786,62
0.734,60
0.686,62
0.713,64
0.734,60
0.693,69
0.688,64
0.711,62
0.66,61
0.692,68
0.733,58
0.707,57
0.713,64
0.735,61
0.788,64
0.991,67
1.093,71
1.262,79
1.339,85
1.38,89
1.385,84
1.477,82
1.441,74
1.442,73
1.468,80
1.399,76
1.393,80
1.32,75
1.243,71
1.295,75
1.143,71
1.031,54
1.081,55
1.337,63
1.392,73
1.393,80
1.397,87
1.443,86
1.393,86
1.392,92
1.263,91
1.172,87
1.027,82
1.01,84
0.918,80
0.924,76
0.981,83
0.968,80
0.978,77
1.024,81
1.328,77
1.561,79
1.628,95
1.592,99
1.571,100
1.582,96
1.555,89
1.56,84
1.637,91
1.592,86
1.572,87
1.551,88
1.522,87
1.431,83
1.464,85
1.451,88
1.505,89
1.463,91
1.505,89
1.482,96
1.477,82
1.513,91
1.492,92
1.525,94
1.525,94
1.53,89
1.55,94
1.585,97
1.293,86
1.396,93
1.527,82
1.439,85
1.139,85
1.076,88
1.029,95
1.009,90
0.999,101
1.021,100
0.988,91
1.035,84
0.963,91
0.996,100
0.954,95
0.959,90
0.984,90
0.943,86
0.931,83
0.981,83
0.895,75
0.938,64
1.468,71
1.221,100
1.021,93
1.021,93
0.955,89
0.956,83
0.957,96
0.963,91
0.971,93
1.032,96
0.939,85
0.96,84
0.936,62
0.878,46
1.128,36
1.077,33
0.977,30
1.078,35
1.013,19
1.101,15
13.979,101
13.926,100
13.9,107
13.917,112
1.726,33
1.752,40
1.755,53
1.734,61
1.715,67
1.716,72
1.711,79
1.696,87
1.688,85
1.699,94
1.666,92
1.687,91
1.716,99
1.706,96
1.709,97
1.716,99
1.713,98
1.688,98
1.703,95
1.663,85
1.712,91
1.671,87
1.667,86
1.642,80
1.637,91
1.625,88
1.604,89
1.617,86
1.623,81
1.646,87
1.666,99
1.582,96
1.624,101
1.616,106
1.624,101
1.592,99
1.589,98
1.641,99
1.596,100
1.546,93
1.641,99
1.589,98
1.592,99
1.592,99
1.579,95
1.577,102
1.557,96
1.56,97
1.552,77
1.623,81
2.015,67
2.362,73
2.363,80
2.371,88
2.351,78
2.273,60
2.323,55
2.271,56
2.295,48
2.373,37
2.374,49
2.409,63
2.412,65
2.389,71
2.356,63
2.35,55
2.347,38
2.213,33
2.4,43
2.296,51
2.279,65
2.306,66
2.336,70
2.338,75
2.336,70
2.306,66
2.282,68
2.255,73
2.308,72
2.301,61
2.334,67
2.396,76
2.387,74
2.482,51
2.347,47
2.349,52
2.385,65
2.373,77
2.429,89
2.437,91
2.392,93
2.388,92
2.358,85
2.406,90
2.389,86
2.358,85
2.424,88
2.407,84
2.42,87
2.446,93
2.41,91
2.391,75
2.436,79
2.505,102
2.446,93
2.412,85
2.359,66
2.221,61
6.457,85
6.593,109
6.742,116
6.668,109
6.728,119
6.776,125
6.728,119
6.502,104
6.467,101
6.601,125
6.601,125
10.937,116
10.888,109
10.874,112
11.207,134
9.676,134
9.668,112
9.63,101
9.873,113
10.905,114
6.481,105
6.55,111
6.61,114
6.572,110
6.565,108
6.516,101
6.565,108
6.533,106
6.554,112
6.63,126
6.651,125
6.667,129
10.913,123
10.95,105
10.456,107
10.27,97
10.186,88
6.261,114
6.444,123
6.49,115
6.284,106
10.19,110
10.35,113
6.514,115
6.585,121
6.624,118
6.503,97
6.571,117
6.585,121
6.597,124
6.556,120
6.574,118
6.53,126
10.337,102
6.339,100
6.336,114
9.958,101
9.924,106
9.928,107
10.014,110
9.828,93
6.438,107
6.432,120
6.368,94
6.289,100
9.991,96
6.219,109
6.298,110
6.34,122
6.35,118
6.36,99
6.256,105
10.275,113
10.212,102
10.094,104
10.026,99
10.027,114
10.1,113
7.211,128
10.052,99
10.024,113
10.084,101
10.199,120
11.435,115
10.498,112
6.971,130
6.824,118
10.452,106
10.482,100
12.99,130
10.199,120
10.198,105
10.122,112
10.111,109
10.055,107
10.086,109
10.211,109
10.543,118
10.559,108
10.331,100
10.341,103
10.337,102
10.349,98
10.385,101
10.633,115
10.225,113
10.061,109
10.086,109
10.058,108
10.108,108
10.037,102
6.603,119
6.606,120
6.81,121
6.764,122
6.699,118
10.707,107
6.893,123
6.889,122
6.853,119
6.889,122
6.899,118
6.843,109
6.947,110
7.013,115
6.953,119
6.921,130
7.361,128
7.335,107
7.205,113
12.957,128
11.419,137
11.22,111
11.75,119
11.622,125
11.226,139
11.183,128
12.186,128
11.938,101
11.302,113
11.385,115
6.992,116
6.96,114
6.897,110
11.865,109
12.049,125
11.765,123
10.928,106
10.941,117
7.19,94
7.211,100
7.186,100
7.138,108
7.12,110
7.108,114
6.725,58
12.592,110
7.058,127
6.863,100
6.863,100
6.847,110
6.807,113
6.759,99
6.759,92
6.733,74
6.804,79
6.871,95
6.919,102
6.88,105
9.643,112
9.528,108
11.794,110
11.754,113
11.753,98
11.731,92
11.791,102
9.317,113
9.192,106
6.946,95
6.899,78
6.71,69
6.81,71
6.858,74
6.898,83
6.919,77
6.885,71
6.905,65
6.934,70
6.927,84
6.924,96
6.959,99
6.948,103
7.023,118
7.224,125
7.282,127
10.991,95
11.074,112
11.124,112
11.233,128
11.23,121
14.826,116
13.757,123
13.562,117
13.59,118
13.609,123
13.753,122
13.135,116
12.965,117
12.943,118
12.94,117
13.187,136
14.691,120
9.414,119
9.669,126
13.004,121
7.307,99
7.502,112
7.34,94
7.51,107
7.535,100
12.954,121
12.912,109
9.487,111
7.108,114
7.177,112
7.241,109
7.169,95
9.471,99
9.529,101
9.467,91
9.602,115
9.653,122
12.799,105
12.745,111
12.78,114
12.804,114
12.767,110
12.852,106
12.153,126
9.509,89
9.605,116
7.222,118
7.191,123
7.095,110
7.23,113
7.326,119
7.269,117
7.276,119
7.229,120
7.233,114
7.198,111
7.228,126
7.195,124
7.232,127
9.497,121
1.551,32
1.576,32
1.527,37
1.577,39
1.577,34
1.576,29
1.602,43
1.603,50
7.294,130
7.294,130
7.155,113
10.993,103
11.105,121
11.392,130
6.806,120
6.768,109
6.757,113
6.84,108
10.913,109
11.096,104
11.082,107
11.058,100
11.154,99
11.183,100
6.78,91
6.831,98
6.823,103
6.843,109
6.846,117
6.928,119
6.928,119
6.917,116
6.96,114
1.655,53
1.611,79
1.791,92
1.756,78
1.756,78
1.742,86
1.724,94
1.746,87
1.667,80
1.552,77
1.606,78
1.567,80
1.528,77
1.493,80
1.493,80
0.478,77
0.464,85
0.412,79
0.399,81
0.393,71
0.353,77
0.343,69
0.343,71
0.342,72
0.314,65
0.314,65
0.343,69
0.316,67
0.315,66
0.318,70
0.292,68
0.345,75
0.29,66
0.343,71
0.338,64
0.343,71
0.338,64
0.315,66
0.337,63
0.339,65
0.341,67
0.339,65
0.311,62
0.313,64
0.34,66
0.341,67
0.367,68
0.337,63
0.34,66
0.368,70
0.343,70
0.343,69
0.343,69
0.367,68
0.339,65
0.388,64
0.341,67
0.312,63
0.316,67
0.359,60
0.336,62
0.334,60
0.336,62
0.339,65
0.336,62
0.364,65
0.338,64
0.365,66
0.34,66
0.341,67
0.389,65
0.338,64
0.366,67
0.364,65
0.361,62
0.388,64
0.44,66
0.441,67
0.692,72
1.293,71
1.474,81
1.474,81
1.468,80
1.477,82
1.489,85
1.427,82
1.485,84
1.424,81
1.427,82
1.488,91
1.467,92
1.418,86
1.439,85
1.427,82
1.435,84
1.399,76
1.462,79
1.468,80
1.457,78
1.432,78
1.417,72
1.453,77
1.453,77
1.456,83
1.399,76
1.407,78
1.367,72
1.342,72
1.324,76
1.167,72
0.959,60
0.783,59
0.733,58
0.707,56
0.632,56
0.682,57
0.686,62
0.658,58
0.681,54
0.682,57
0.683,58
0.655,52
0.686,62
0.632,57
0.684,60
0.732,57
0.734,60
0.811,62
0.783,59
0.786,62
0.839,65
0.809,60
0.808,58
0.784,60
0.758,58
0.681,54
0.679,50
0.632,56
0.604,48
0.583,59
0.605,52
0.559,60
0.583,58
0.555,52
0.529,48
0.532,57
0.529,50
0.558,58
0.505,52
0.555,51
0.532,57
0.506,54
0.534,60
0.56,61
0.64,66
0.69,66
0.961,62
1.036,62
1.108,58
1.141,67
1.212,63
1.243,69
1.24,66
1.242,68
1.243,71
1.236,62
1.184,60
1.213,64
1.19,66
1.191,67
1.189,65
1.141,67
1.141,67
1.066,67
0.993,71
1.04,66
0.917,68
0.832,78
0.916,67
0.916,67
0.893,69
0.991,74
1.045,75
1.142,72
1.067,72
1.095,75
1.145,75
1.17,75
1.274,81
1.293,70
1.274,81
0.292,68
0.29,66
0.437,63
0.462,63
0.538,64
0.562,63
0.631,53
0.634,60
0.681,53
0.737,63
0.685,61
0.781,55
0.907,57
1.108,59
1.06,61
1.11,61
1.093,69
0.989,65
1.043,70
1.11,61
1.118,71
1.043,71
0.895,75
0.892,72
0.978,77
0.992,73
0.992,68
0.992,68
0.942,68
0.967,68
0.892,68
0.893,71
0.886,62
0.841,67
0.816,74
0.84,66
0.814,65
0.842,68
0.89,66
0.867,68
0.868,70
0.891,74
0.891,74
0.867,72
0.841,67
0.867,68
0.843,71
0.843,70
0.895,75
0.866,74
0.892,72
0.841,67
0.94,66
0.917,68
0.943,71
0.943,71
0.94,66
0.964,65
0.943,70
0.992,73
0.964,65
0.991,74
0.993,71
1.057,78
0.993,69
0.966,74
0.974,76
0.999,76
1.003,77
0.968,71
0.993,70
0.941,67
1.015,66
1.016,67
1.013,64
1.013,64
1.009,60
0.979,49
1.028,42
1.077,31
9.408,124
9.53,129
13.101,133
13.223,126
13.406,122
12.895,125
12.893,118
1.224,22
12.919,111
12.953,127
12.843,118
10.231,128
10.175,113
10.201,106
10.256,100
10.203,69
10.172,63
10.165,51
9.823,74
9.591,79
9.589,90
9.562,96
9.607,102
9.637,103
9.607,102
9.576,100
9.615,104
9.596,106
9.604,101
9.655,94
9.766,97
9.889,103
9.993,104
9.957,108
9.968,104
9.863,83
9.747,106
9.585,110
9.561,103
9.598,86
9.853,100
9.809,82
9.638,96
9.582,102
9.582,102
9.521,99
9.576,100
9.525,100
9.524,107
9.561,103
9.51,103
9.543,105
9.553,108
9.543,105
9.532,102
9.481,102
9.493,98
9.492,91
9.54,84
9.587,96
0.976,16
0.963,19
0.97,20
0.876,16
0.851,24
0.876,27
0.828,36
0.853,38
0.829,50
0.883,58
0.835,61
0.862,63
0.841,67
0.817,68
0.842,68
0.842,68
0.79,66
0.84,74
0.842,73
0.837,63
0.843,69
0.842,68
0.866,67
0.835,61
0.84,66
0.864,65
0.843,71
0.842,68
0.867,73
0.874,76
0.842,73
0.889,65
0.814,65
0.843,70
0.891,67
0.864,65
0.838,64
0.881,53
0.865,66
0.833,59
0.831,54
0.831,54
0.83,51
0.853,39
0.828,37
0.877,31
0.901,17
9.907,101
10.346,119
12.843,118
9.57,113
9.514,84
9.547,99
9.746,113
10.273,105
10.272,112
10.32,97
10.269,104
10.261,109
10.126,106
9.889,103
10.115,110
10.023,98
9.464,84
9.637,103
10.094,104
10.191,103
10.187,102
10.244,104
10.301,106
10.139,95
10.198,64
9.814,56
9.964,89
9.934,88
10.001,92
10.069,104
10.062,102
0.651,10
0.826,17
0.782,18
0.826,25
0.726,26
0.678,38
0.678,34
0.653,41
0.728,42
0.728,42
0.678,42
0.628,45
0.678,46
0.728,47
0.678,46
0.628,44
0.679,49
0.678,41
0.653,41
0.653,43
0.628,35
0.728,35
0.677,29
0.727,29
0.801,23
0.751,17
9.803,93
12.172,118
12.48,127
12.439,123
12.4,112
0.726,23
12.46,122
0.776,11
10.133,135
0.878,39
0.953,40
0.828,35
7.594,89
7.527,91
7.553,98
0.804,49
0.953,45
7.701,112
7.697,111
7.701,112
7.674,97
7.722,111
7.663,101
7.634,107
7.734,107
7.687,108
7.623,104
7.531,92
7.51,75
7.51,75
7.561,87
7.519,89
7.539,94
7.514,94
7.559,107
7.524,97
7.556,92
7.602,91
7.573,90
7.631,92
7.589,94
7.589,94
7.61,93
7.606,99
7.553,98
7.539,94
7.581,99
7.57,83
7.567,77
7.58,67
7.52,53
15.714,121
18.802,115
18.582,109
18.681,116
17.757,115
17.644,111
17.807,115
7.294,49
7.308,71
7.325,84
7.292,82
7.308,70
7.281,67
7.248,59
7.295,52
7.294,49
7.293,43
7.268,45
7.266,23
17.748,126
7.26,20
7.241,26
7.267,33
7.218,38
7.293,37
7.243,39
7.243,36
7.293,37
7.293,47
7.271,53
7.296,55
7.252,63
7.25,61
7.275,61
7.28,66
7.254,65
7.256,67
7.257,68
7.251,62
7.305,66
7.305,66
7.256,74
7.272,78
7.374,90
7.411,100
7.458,114
7.43,113
7.391,109
7.543,117
7.521,118
7.487,115
7.413,108
9.71,95
9.716,97
9.757,109
9.764,111
9.662,103
9.654,101
9.676,100
9.697,106
9.693,105
9.711,110
9.707,109
9.719,105
9.676,100
9.745,98
9.73,101
9.744,105
9.73,101
9.788,103
9.737,103
9.784,102
9.745,98
9.727,100
9.737,103
9.679,101
9.737,103
9.72,98
9.724,86
9.723,73
9.776,75
9.724,69
9.764,59
9.767,62
9.76,49
9.682,31
17.959,116
18.34,111
18.332,116
18.542,119
19.613,105
18.144,119
12.757,107
12.703,106
12.736,101
18.148,113
18.096,105
16.822,118
16.828,126
16.845,124
16.769,117
16.841,123
16.824,125
16.841,123
16.832,127
16.763,122
18.258,116
18.173,113
18.073,113
12.726,98
12.675,105
12.661,101
12.622,97
12.668,103
12.668,103
12.668,103
18.172,98
16.599,104
16.691,129
16.46,121
16.463,128
18.846,106
19.557,103
18.532,109
9.556,29
9.768,79
9.778,87
9.821,98
9.802,107
9.773,99
9.781,101
7.318,117
7.181,106
7.406,127
7.376,119
7.377,126
7.322,118
7.274,104
7.24,94
7.182,92
7.171,103
9.654,108
7.568,117
7.488,108
7.457,99
7.432,99
7.247,96
7.149,97
7.21,100
7.394,95
7.444,95
7.457,92
7.464,101
7.465,94
7.4,84
7.607,114
7.69,123
12.283,121
12.603,133
7.058,71
7.432,99
7.204,65
7.166,88
7.551,112
7.53,106
7.461,128
7.505,113
7.338,108
7.518,130
7.386,100
7.386,122
7.3,119
7.445,124
11.052,120
10.967,110
11.126,120
10.812,123
10.556,107
10.745,131
11.262,129
11.077,113
11.142,124
11.212,129
10.959,122
10.71,108
10.759,122
10.64,117
10.549,91
7.556,92
7.614,94
7.594,83
7.649,97
7.762,108
7.772,111
7.784,107
7.754,113
7.744,110
7.79,109
7.776,112
7.713,101
7.715,102
7.677,105
7.709,107
9.749,127
10.992,143
10.874,132
13.034,108
11.033,128
10.83,114
11.08,114
11.113,109
11.1,105
10.466,124
10.267,96
10.453,99
11.785,128
11.735,100
10.654,114
7.366,123
10.845,131
10.775,126
10.553,92
11.839,116
10.125,113
6.635,121
6.631,120
6.533,106
6.447,95
6.403,97
6.677,97
6.767,129
6.601,125
6.707,113
6.742,116
6.771,110
6.675,90
10.424,145
6.639,115
6.667,129
6.506,120
6.342,129
6.174,118
5.965,100
6.556,120
6.443,116
9.946,91
9.925,99
9.921,105
6.521,124
6.465,115
6.486,114
6.393,109
6.272,117
6.279,119
6.122,117
6.105,112
6.201,111
6.28,112
5.991,115
6.088,107
6.482,120
6.589,122
10.151,133
12.438,129
10.064,117
9.929,100
10.007,108
9.918,97
5.854,97
6.038,107
5.95,83
6.004,84
6.559,99
10.007,108
9.952,86
9.912,89
9.965,103
6.289,115
6.425,118
6.411,114
9.97,112
9.924,106
9.92,105
9.906,108
9.957,108
9.953,107
9.928,107
9.921,105
9.931,108
9.871,105
9.96,109
9.898,106
9.913,110
9.947,120
9.956,122
9.884,102
9.833,88
9.816,90
13.819,126
13.622,139
12.579,99
,
,
,
,
,
,
,
,
,
13.956,30
13.981,102
14.043,120
14.19,62
14.076,115
14.25,122
10.01,123
9.956,122
9.94,118
14.56,58
14.143,85
13.962,118
13.788,118
10.356,128
10.196,119
14.492,120
14.421,114
14.649,122
14.649,122
14.346,121
12.628,133
12.428,113
12.525,126
12.583,128
12.518,110
12.541,117
16.895,124
16.57,117
16.666,116
16.51,114
16.563,115
16.596,110
16.588,115
12.998,132
12.774,112
12.73,114
12.784,115
12.78,114
12.773,119
12.776,113
12.908,122
16.845,110
12.753,106
12.577,113
12.607,93
17.974,113
17.909,94
17.959,116
12.772,97
12.801,113
16.401,125
16.257,126
16.202,111
16.201,118
16.122,117
16.108,113
16.149,110
16.091,115
16.137,114
16.564,108
15.977,118
15.444,122
15.552,110
16.094,116
16.169,116
16.151,118
16.169,109
16.298,110
16.056,112
16.038,107
16.003,111
14.807,83
14.801,109
14.851,109
10.231,115
10.278,114
14.434,118
14.482,117
14.496,121
14.777,136
13.826,134
13.672,113
13.38,128
12.608,128
12.526,120
12.646,125
12.815,143
14.528,142
13.984,130
13.994,120
14.263,125
14.3,122
14.316,126
14.216,126
14.067,126
13.872,127
13.88,129
12.844,131
12.704,127
12.571,125
12.485,115
12.531,114
12.576,113
12.63,121
12.68,121
12.687,129
10.18,134
10.227,140
10.202,140
10.182,141
10.24,143
10.203,140
10.17,138
10.107,122
10.092,118
10.039,117
10.089,117
10.016,111
10.053,121
10.111,123
10.177,127
10.251,133
15.999,117
12.67,131
12.521,111
13.431,115
13.858,35
14.479,82
14.44,112
14.226,115
14.44,112
14.339,119
12.521,125
12.676,139
12.644,131
12.604,127
12.575,126
12.624,132
14.968,127
14.973,115
15.032,118
15.067,127
15.01,125
15.043,121
15.064,113
15.092,114
13.512,124
13.605,122
13.54,118
13.551,121
13.591,131
13.744,132
13.621,126
13.617,125
13.719,126
13.739,131
13.647,133
13.629,128
13.728,141
13.533,123
10.253,121
13.516,125
13.521,126
13.715,131
10.085,116
13.371,132
13.479,128
13.449,133
13.072,132
12.041,109
11.979,113
11.976,112
12.018,110
12.044,117
12.036,115
12.392,130
12.995,125
12.978,127
13.015,124
12.97,125
12.951,113
13,120
12.993,118
12.976,113
12.942,118
12.966,124
12.996,119
12.958,115
13.042,118
12.993,118
13.071,119
13.077,114
13.122,112
13.157,115
13.161,109
13.195,119
13.252,121
12.937,123
12.709,122
12.643,118
12.579,121
12.619,118
12.535,115
12.561,116
12.52,111
12.517,117
12.544,118
12.537,116
12.5,91
12.442,49
13.166,53
13.191,118
12.667,124
12.462,116
12.869,111
13.195,119
12.733,115
12.577,113
12.622,119
13.039,117
12.637,116
12.634,115
12.642,124
12.708,115
12.612,116
12.619,118
12.668,118
12.659,115
12.698,119
12.613,102
12.634,115
10.239,130
9.748,114
14.367,120
14.233,117
10.431,128
10.135,116
14.302,116
10.036,123
9.875,114
14.527,116
14.615,126
14.528,123
14.387,125
14.253,116
14.282,117
14.419,133
14.523,134
14.538,132
14.534,131
14.416,126
13.499,127
13.423,113
13.505,122
13.504,115
9.929,122
9.937,124
9.81,117
9.542,63
16.552,112
16.507,113
16.51,121
16.538,122
10.173,85
10.152,80
10.129,75
16.753,126
18.182,116
17.501,113
17.41,108
17.403,113
17.422,119
17.419,111
17.433,115
17.455,114
17.498,119
17.43,114
10.117,59
10.103,70
10.007,108
10.046,132
9.757,129
9.728,122
13.326,127
13.284,116
13.238,117
13.247,120
13.24,118
13.241,118
13.312,117
13.514,137
13.565,131
13.588,124
13.267,125
9.767,112
9.966,118
9.936,117
13.028,114
13.101,127
13.322,139
13.801,134
13.309,116
13.269,119
13.24,118
9.964,124
9.689,131
10.152,127
10.206,128
10.21,123
13.802,128
13.827,122
9.597,121
12.517,110
12.58,114
12.684,115
10.28,134
10.139,117
9.789,131
9.604,116
10.551,106
10.426,113
10.347,105
10.44,124
12.917,118
12.441,117
12.879,114
13.012,109
13.313,124
13.638,118
13.326,114
13.337,117
13.345,119
13.405,122
13.333,116
13.369,119
13.333,116
13.301,114
13.244,119
13.252,121
13.31,123
13.196,119
13.188,117
13.188,117
13.242,111
13.256,122
13.237,117
13.326,121
13.39,118
13.401,121
13.316,118
13.313,117
13.305,122
13.291,118
13.337,117
13.413,124
12.726,113
12.633,115
12.417,110
12.469,96
5.855,63
5.921,82
5.982,85
5.936,71
5.891,87
5.934,106
5.97,109
5.99,115
6.093,109
6.034,92
6.039,93
6.049,96
6.048,103
6.081,98
6.109,99
6.117,101
6.072,89
5.985,72
5.953,61
12.604,121
12.765,130
12.678,106
12.651,113
5.933,65
5.912,70
5.914,75
5.992,81
6.011,86
6.064,87
6.063,93
6.041,101
6.026,111
6.037,107
6.005,112
5.991,108
6.002,90
6.051,90
5.985,67
5.961,70
5.989,93
5.967,101
5.96,106
6.005,112
5.991,108
6.021,117
6.08,112
6.044,102
6.031,85
6.004,84
6.024,83
6.041,81
5.988,75
6.032,85
6.112,107
6.168,123
6.193,123
6.199,118
6.167,116
6.208,106
10.448,126
10.515,124
10.565,124
10.599,126
10.511,129
10.351,133
10.389,130
10.459,135
10.601,133
10.641,143
10.698,145
10.655,134
10.587,136
10.527,127
10.458,108
-999999999,
9.898,106
10.364,110
10.452,106
10.498,105
10.549,120
10.616,137
12.636,116
12.684,115
12.946,61
12.508,100
12.53,121
12.436,101
5.852,104
5.776,111
5.786,114
5.855,112
5.868,116
5.868,94
5.839,100
5.802,111
5.879,119
5.798,110
5.819,109
5.791,108
5.861,114
5.848,110
5.905,112
5.923,110
5.929,119
5.912,114
5.88,112
5.869,109
10.569,104
10.588,102
10.616,103
5.91,92
6.009,106
6.055,112
5.991,108
6.029,112
5.986,114
6.035,121
6.007,120
6.022,117
10.368,111
10.321,112
5.911,99
5.948,110
5.979,119
5.908,113
5.803,97
5.842,101
5.797,95
5.785,99
5.763,107
5.758,113
5.794,109
5.833,113
5.815,115
5.749,110
5.808,113
5.752,104
5.743,94
5.724,83
5.806,105
10.086,102
10.088,95
10.017,104
10.012,95
10.127,71
5.515,100
5.416,100
5.432,112
5.409,85
10.091,96
10.041,96
10.063,95
10.029,100
10.078,86
10.209,129
10.103,114
10.16,123
10.326,127
10.157,108
10.121,112
6.278,119
10.067,111
10.054,107
10.072,112
10.043,111
6.409,127
6.409,127
6.318,123
6.281,120
6.21,121
6.161,114
6.154,112
6.193,109
6.157,113
6.151,111
6.15,111
6.126,104
6.133,106
6.133,106
6.18,105
6.119,102
6.148,103
6.254,112
6.16,114
5.958,113
5.811,114
5.701,111
5.546,102
5.606,112
5.609,113
5.593,101
5.543,108
5.443,108
5.4,110
5.4,110
5.419,101
5.483,105
5.585,106
5.528,104
5.499,95
5.444,81
5.448,82
5.425,95
5.433,105
5.376,103
5.4,110
5.396,109
5.39,107
5.362,99
5.369,81
5.337,73
5.329,59
5.355,61
5.352,57
5.298,41
12.243,95
12.249,84
12.248,104
12.25,119
12.226,119
12.196,118
5.303,59
5.337,73
5.319,76
5.372,82
5.375,89
5.367,87
5.359,85
5.363,86
5.288,80
5.149,49
12.459,122
12.476,120
12.712,123
12.736,116
12.64,117
12.385,122
12.292,117
12.335,115
12.309,107
12.259,107
12.193,117
12.123,125
12.335,122
12.335,115
12.554,121
12.434,128
12.304,106
11.596,90
12.841,83
12.849,98
12.851,106
12.792,118
4.973,27
4.989,69
4.968,75
4.866,73
4.706,41
12.747,119
12.842,118
12.982,128
11.56,115
12.785,108
12.811,109
12.774,105
12.796,119
12.758,115
12.836,123
12.583,115
5.16,66
5.159,65
5.163,69
5.162,73
5.169,81
5.161,67
5.162,73
5.213,86
5.183,91
5.167,87
5.208,91
5.163,86
5.163,86
5.184,85
5.138,80
5.14,75
5.113,73
5.113,70
5.164,70
5.188,70
5.186,66
5.238,69
5.159,64
5.21,66
5.184,64
5.2,52
5.198,39
12.869,104
12.869,104
12.891,103
12.93,107
12.925,113
4.783,18
4.852,30
4.926,43
4.952,52
4.954,57
4.989,71
5.057,79
5.117,87
5.113,86
5.123,77
5.163,71
5.152,54
12.786,123
12.811,123
12.921,119
12.818,111
12.644,111
12.647,119
12.637,116
12.7,120
12.35,119
12.708,122
12.743,118
12.747,119
12.1,119
12.65,120
12.69,117
12.7,120
12.414,102
12.786,116
12.81,116
12.665,117
11.849,119
11.752,120
12.525,126
12.707,128
12.726,113
12.745,104
12.503,106
12.467,110
12.459,115
12.441,117
11.742,117
11.76,122
12.272,118
12.157,121
12.153,120
12.418,124
11.78,99
12.293,110
12.338,116
12.467,124
12.899,120
12.95,113
12.911,123
12.238,101
5.055,61
5.049,50
5.076,55
5.098,45
4.93,57
4.971,76
4.91,79
4.806,52
12.789,117
12.818,111
12.874,98
12.857,122
12.808,108
12.711,116
5.204,60
5.201,83
5.136,74
5.098,39
12.898,105
5.502,57
5.505,61
5.556,64
5.51,66
5.503,59
5.475,51
5.506,62
5.502,56
5.506,62
5.478,59
5.549,54
5.546,40
5.522,35
12.883,108
5.048,45
5.079,60
5.162,68
5.138,80
5.132,79
5.152,78
5.152,78
5.169,76
5.212,72
5.319,76
5.571,82
5.661,86
5.644,88
5.657,98
5.646,102
5.653,104
5.656,112
5.316,100
5.237,99
5.49,107
5.699,103
5.686,70
5.646,77
5.707,98
5.695,102
5.764,100
5.838,107
5.898,110
5.809,106
5.639,107
5.62,109
5.574,110
5.549,110
5.514,107
5.493,108
5.507,112
5.539,107
5.552,111
5.535,106
5.527,111
5.549,110
5.567,108
5.604,97
5.473,77
5.452,78
5.384,98
5.316,100
5.301,103
5.36,113
5.35,110
5.453,111
5.452,96
5.419,101
5.415,107
5.386,106
5.318,108
5.403,111
5.453,111
5.526,118
9.996,105
9.956,108
9.956,108
10.013,110
10.038,117
9.968,97
9.945,105
9.968,97
5.864,100
5.813,107
5.528,104
5.483,105
5.621,102
5.653,84
5.715,87
5.735,99
5.77,102
5.716,108
5.727,104
5.798,110
5.739,100
5.764,100
5.825,96
5.814,100
5.775,96
5.743,94
5.757,98
5.784,106
5.731,105
5.815,115
5.788,107
5.707,85
5.767,76
5.903,97
5.875,118
5.898,124
5.783,113
5.805,112
5.768,116
5.806,112
5.784,106
5.71,68
5.899,83
5.838,107
5.377,118
5.257,112
5.504,104
5.766,87
5.802,90
5.648,89
5.59,93
5.579,97
5.441,93
5.269,76
5.113,71
5.052,78
5.047,82
4.961,65
12.202,91
12.318,83
12.33,99
12.42,111
12.3,112
12.25,119
12.046,118
11.885,115
11.874,119
11.842,117
11.849,119
11.867,117
11.835,122
11.788,116
11.817,117
11.867,117
11.838,116
11.835,115
11.827,120
11.827,120
11.828,113
11.831,114
11.86,115
11.881,114
11.949,119
11.928,113
11.853,113
11.903,113
11.985,115
12.078,120
12.078,120
12.046,118
11.97,118
11.942,117
11.974,119
12.024,119
12.094,124
12.002,120
11.956,121
11.935,115
11.881,114
11.892,117
11.842,117
11.838,116
11.806,114
11.868,110
11.785,115
11.792,117
11.763,116
11.895,118
11.895,118
12.196,118
12.271,118
12.268,117
12.271,118
12.243,117
12.239,116
12.239,116
12.239,116
12.257,121
12.189,116
12.186,115
12.186,115
12.194,110
12.212,108
4.916,71
4.961,85
4.932,90
4.883,90
4.9,82
4.866,68
4.854,50
4.869,75
4.904,83
4.712,60
4.914,74
4.77,70
4.831,53
4.864,66
4.873,76
4.662,56
12.215,123
11.725,112
5.014,80
4.916,70
4.908,84
4.863,85
4.866,99
4.841,106
4.818,99
4.927,95
4.863,98
4.715,63
11.498,119
13.498,106
13.5,114
13.401,114
13.43,115
4.859,60
4.88,83
4.769,72
4.633,34
12.52,111
12.641,110
13.323,113
13.532,116
13.515,111
13.515,111
13.525,114
13.5,121
13.706,116
9.71,110
9.711,124
9.668,126
9.608,117
9.543,98
9.575,93
9.564,84
9.581,82
5.02,94
5.034,98
5.019,101
4.936,105
4.932,104
4.942,107
4.887,105
4.899,109
4.898,101
4.822,87
4.891,92
4.911,91
4.891,72
4.88,55
4.808,57
4.877,46
4.899,25
13.155,128
13.367,125
13.387,117
13.373,113
13.394,119
14.105,136
11.921,131
11.968,110
12.433,134
11.952,120
12.128,120
12.061,122
11.999,119
12.139,116
12.146,118
12.15,119
12.082,114
11.939,109
11.981,114
11.995,118
12.006,121
11.956,114
12.003,113
12.143,117
12.136,115
4.904,55
4.904,55
4.914,67
4.911,64
4.882,58
4.882,59
4.755,45
4.833,59
4.819,71
4.881,78
4.92,87
4.973,88
4.965,80
4.804,37
12.89,110
12.509,115
12.43,114
12.424,112
12.437,116
12.43,114
12.409,115
12.381,114
12.331,114
12.31,115
12.276,112
12.3,112
12.292,117
12.264,116
12.15,119
11.76,115
11.721,111
11.881,114
11.817,117
12.008,107
12.126,112
12.245,103
12.174,84
12.189,116
12.145,103
12.016,41
11.975,63
12.084,107
11.853,113
11.831,114
11.641,117
11.609,115
11.588,109
11.61,108
11.754,106
12.08,106
12.157,114
12.093,117
12.079,113
12.103,85
,
,
,
,
,
,
,
,
,
,
,
,
,
,
,
,
,
,
,
,
,
,
,
,
,
,
,
,
,
,
,
,
,
,
,
,
,
,
,
,
,
,
,
,
,
,
,
,
,
,
,
,
,
,
,
,
,
,
,
,
,
,
,
,
,
,
,
,
,
,
,
,
,
,
,
,
,
,
,
,
,
,
,
,
,
,
,
,
,
,
,
,
,
,
,
,
,
,
,
,
,
,
,
,
,
,
,
,
,
,
,
,
,
,
,
,
,
,
,
,
,
,
,
,
,
,
,
,
,
,
,
,
,
,
,
,
,
,
,
,
,
,
,
,
,
,
,
,
,
,
,
,
,
,
,
,
,
,
,
,
,
,
,
,
,
,
,
,
,
,
14.255,30
,
,
,
14.354,31
14.399,87
14.338,119
14.295,121
14.32,121
14.434,118
14.447,107
14.414,112
14.399,122
14.428,123
14.37,121
14.391,120
14.5,108
14.748,87
14.777,109
14.781,103
14.801,88
14.856,103
14.835,97
14.829,117
14.803,38
,
,
,
,
,
,
,
,
,
,
,
,
,
,
,
,
,
,
,
,
,
,
,
,
,
,
,
,
,
,
,
,
,
,
,
,
,
,
,
,
,
,
,
,
,
,
,
,
,
,
,
,
,
,
,
,
,
,
,
,
,
,
,
,
,
,
,
,
,
,
,
,
,
,
,
,
,
,
,
,
,
,
,
,
,
,
,
,
,
,
,
,
,
,
,
,
,
,
,
,
,
,
,
,
,
,
,
,
,
,
,
,
,
,
,
,
,
,
,
,
,
,
,
,
,
,
,
,
,
,
,
,
,
,
,
,
,
0.75,17
0.7,12
0.646,21
0.623,22
0.696,21
0.725,28
0.681,18
0.625,25
0.627,34
0.677,37
0.702,41
0.677,44
0.68,54
0.63,55
0.632,58
0.582,58
0.607,59
0.63,53
0.63,54
0.63,54
0.579,51
0.555,53
0.63,53
0.603,48
0.579,51
0.577,44
0.604,52
0.577,47
0.527,45
0.552,46
0.652,40
0.677,45
0.679,51
0.631,56
0.652,46
0.678,48
0.627,41
0.602,46
0.627,39
0.626,29
0.575,24
0.646,21
9.723,86
9.684,89
9.686,96
9.679,94
9.622,99
9.48,82
9.212,63
9.394,92
9.309,59
9.258,58
9.102,49
9.074,27
,
,
9.298,21
9.308,56
9.294,69
9.311,84
9.401,101
9.39,105
9.365,105
9.4,108
9.379,102
9.431,95
9.285,90
9.324,108
9.321,107
9.352,109
9.402,94
9.369,68
9.43,41
,
,
,
,
,
,
,
,
,
,
,
,
,
,
,
,
,
,
,
,
,
,
,
,
,
,
,
,
,
,
,
,
,
,
,
,
9.249,22
9.176,33
,
,
,
,
,
,
,
,
,
,
,
9.099,17
9.303,31
9.307,53
9.343,68
9.336,84
9.3,101
9.332,103
9.266,106
9.227,102
9.184,84
9.176,82
9.166,73
9.141,68
9.183,90
9.218,86
9.232,96
9.262,112
9.614,125
9.838,118
9.692,112
9.628,108
9.752,115
9.763,111
9.831,116
13.072,126
13.007,115
9.08,118
9.161,112
9.466,126
9.384,118
9.072,101
9.123,101
9.089,106
9.1,102
9.2,116
9.166,99
9.078,89
8.997,94
9.036,105
9.078,124
9.15,123
9.255,124
9.193,121
9.205,110
9.198,108
9.125,88
9.241,106
9.024,88
9.093,107
9.139,113
9.107,111
9.04,99
8.988,106
9.087,120
14.203,116
14.239,119
14.186,111
14.281,117
14.313,119
14.261,111
14.228,116
14.25,115
14.423,100
14.235,118
14.192,120
14.171,121
14.22,127
14.37,121
14.264,119
14.264,119
14.543,99
14.683,118
14.652,123
14.598,122
14.615,120
14.73,117
14.808,111
14.769,114
14.843,121
14.804,117
14.823,108
14.886,62
14.84,66
14.862,112
14.793,121
14.834,125
14.808,111
14.778,77
14.809,60
,
,
,
,
,
,
,
,
,
,
,
,
,
,
,
,
,
,
,
,
,
,
,
,
,
,
,
,
,
,
,
,
,
,
,
,
,
,
,
,
,
,
,
,
,
,
,
,
,
,
,
,
,
,
,
,
,
,
,
,
,
,
,
,
,
,
,
,
,
,
,
,
,
,
,
,
,
,
,
,
,
,
,
,
,
,
,
,
,
,
,
,
,
,
,
,
,
,
,
,
,
,
,
,
,
,
,
,
,
,
,
,
,
,
,
,
,
,
,
,
,
,
,
,
,
,
,
,
,
,
,
,
,
,
,
,
,
,
,
14.079,26
14.056,47
14.165,112
14.167,98
14.131,77
14.181,42
,
,
,
,
,
,
,
,
,
,
,
,
,
,
,
,
,
,
,
,
,
,
,
,
,
,
,
,
,
,
,
,
,
,
,
,
,
14.129,12
,
,
14.206,41
14.28,77
14.305,34
14.184,54
14.036,111
14.036,111
13.947,86
13.958,117
13.988,90
14.071,114
14.06,96
14.22,72
14.069,106
14.046,121
14.089,119
14.08,102
14.075,115
14.108,110
14.174,100
14.182,117
14.205,82
14.433,103
9.173,101
9.232,118
9.165,106
9.129,110
9.264,120
9.188,120
9.225,116
9.011,98
14.196,121
9.333,118
9.136,112
9.082,104
9.126,102
9.006,90
14.17,99
14.31,111
14.509,118
14.537,119
9.268,114
9.267,99
9.454,109
9.293,99
9.268,69
15.126,47
,
,
,
,
,
16.593,35
16.413,115
16.462,100
,
,
,
16.303,63
16.238,107
16.364,115
16.305,105
16.581,106
16.382,74
16.372,83
16.396,52
15.634,120
16.32,49
11.876,64
11.794,103
11.795,118
11.764,88
11.741,46
11.87,96
9.959,123
9.932,129
9.675,100
9.763,111
9.861,124
9.978,134
9.945,126
9.861,124
9.96,136
9.923,133
11.918,124
11.974,119
11.852,120
11.825,112
11.789,109
11.778,113
11.889,109
11.8,112
11.771,111
11.775,112
15.233,119
15.116,70
11.918,110
15.17,122
15.423,109
16.332,74
16.725,61
16.457,106
16.251,111
16.581,106
16.479,91
16.444,38
,
,
,
,
,
,
,
,
,
,
,
,
,
,
,
,
,
,
,
,
,
,
,
,
,
,
,
,
,
,
,
,
,
,
,
,
,
,
,
,
,
,
,
,
,
,
,
,
,
,
,
,
,
,
,
,
,
,
,
,
,
,
,
,
,
,
,
,
,
,
,
,
,
,
,
,
,
,
,
,
,
,
,
,
,
,
,
,
,
,
,
,
,
,
,
,
,
,
,
,
,
,
,
,
,
,
,
,
,
,
,
,
,
,
,
,
,
,
,
,
,
,
,
,
,
,
,
,
,
,
,
,
,
,
,
,
,
,
,
,
,
,
,
,
,
,
,
,
,
,
,
,
,
,
,
,
,
,
,
,
,
,
,
,
,
,
,
,
,
,
,
,
,
,
,
,
,
,
,
,
,
,
,
,
,
,
,
,
,
,
,
,
,
,
,
,
,
,
,
,
,
,
,
,
,
,
,
,
,
,
,
,
,
,
,
,
,
,
,
,
,
,
,
,
,
,
,
,
,
,
,
,
,
,
,
,
,
,
,
,
,
,
,
,
,
,
,
,
,
,
,
,
,
,
,
,
,
,
,
,
,
,
,
,
,
,
,
,
,
,
,
,
,
,
,
,
,
,
,
,
,
,
,
,
,
,
,
,
,
,
,
,
,
,
,
,
,
,
,
,
,
,
,
,
,
,
,
,
,
,
,
,
,
,
,
,
,
,
,
,
,
,
,
,
,
,
,
,
,
,
,
,
,
,
,
,
,
,
,
,
,
,
,
,
,
,
,
,
,
,
,
,
,
,
,
,
,
,
,
,
,
,
,
,
,
,
,
,
,
,
,
,
0.475,24
0.427,43
0.377,45
0.38,54
,
,
,
,
,
,
,
,
,
,
,
,
,
,
,
,
,
,
,
,
,
,
,
,
,
,
,
,
,
,
,
,
,
,
,
,
,
,
,
,
,
,
,
,
,
,
,
,
,
,
,
,
,
,
,
,
,
,
,
,
,
,
,
,
,
,
,
,
,
,
,
,
,
,
,
,
,
,
,
,
,
,
,
,
,
,
,
,
,
,
,
,
,
,
,
,
,
,
,
,
,
,
,
,
,
,
,
,
,
,
,
,
,
,
,
,
,
,
,
,
,
,
,
,
0.262,64
0.258,60
0.238,65
0.288,65
0.24,67
0.289,66
0.289,66
0.267,69
0.267,69
0.291,73
0.286,63
0.289,66
0.264,66
0.261,63
0.266,73
0.29,67
0.241,73
0.298,76
0.29,67
0.334,61
0.292,70
0.291,68
0.292,70
0.263,65
0.265,67
0.29,74
0.241,73
0.267,69
0.239,66
0.237,64
0.237,64
0.26,62
0.285,62
0.292,69
0.286,63
0.24,67
0.263,65
0.258,60
0.256,57
0.285,62
0.283,60
0.258,60
0.234,61
0.288,65
0.234,61
0.258,60
0.234,61
0.282,59
0.233,60
0.28,53
0.28,54
0.28,55
0.278,49
0.305,55
0.328,50
0.353,49
0.406,56
0.428,49
0.429,52
0.429,52
0.48,53
0.478,48
0.48,53
0.478,48
0.527,46
0.553,48
0.578,50
0.658,60
0.631,56
0.604,51
0.58,55
0.531,57
0.481,56
0.355,53
0.354,52
0.33,54
0.405,54
0.528,50
0.628,49
0.652,47
0.679,52
0.728,50
0.73,54
0.73,53
0.732,59
0.654,51
0.627,44
0.677,39
0.601,31
0.601,32
0.602,40
0.577,35
0.601,32
0.577,34
0.476,31
0.352,39
0.332,59
0.348,81
0.38,103
0.407,111
0.492,114
0.489,113
0.416,99
0.567,114
0.54,106
0.54,106
0.557,111
0.441,99
0.442,80
0.336,79
0.448,81
2.595,91
2.512,97
2.134,95
1.442,86
1.379,89
1.354,89
1.333,90
1.316,92
1.353,95
1.341,92
1.349,94
1.338,98
1.331,96
1.329,89
1.355,83
1.392,86
1.38,83
1.404,89
1.362,91
1.334,97
1.32,93
1.35,88
1.311,79
1.291,73
1.331,78
1.286,79
1.306,78
1.266,68
1.186,63
1.008,60
0.428,50
0.33,53
0.305,54
0.556,56
0.48,55
0.33,55
0.709,61
0.855,55
1.085,62
1.192,69
1.216,68
1.242,69
1.239,66
1.212,64
1.167,71
1.138,65
1.215,67
1.192,69
1.207,59
1.136,63
1.105,53
0.98,53
0.83,55
0.353,50
0.353,49
0.277,46
0.329,52
0.327,44
0.327,47
0.33,55
0.356,57
0.404,51
0.43,53
0.58,54
0.654,52
0.754,52
1.03,54
0.856,57
0.983,60
0.907,59
0.93,54
0.504,51
0.429,52
0.406,56
0.43,55
0.705,54
0.981,57
0.96,62
0.967,69
1.161,63
1.216,68
1.265,67
1.242,70
1.292,71
1.213,65
1.085,62
0.855,55
0.483,60
0.33,53
0.352,42
0.704,51
0.83,53
1.136,63
1.242,71
1.184,84
1.324,94
1.356,96
1.378,95
1.451,102
1.434,97
1.408,90
1.387,91
1.359,97
1.331,96
1.366,99
1.338,98
1.355,103
1.345,100
1.345,93
1.37,93
1.325,88
1.316,92
1.337,91
1.308,90
1.354,89
1.346,87
1.338,85
1.381,96
1.384,97
1.409,97
1.349,94
3.106,87
2.965,79
2.838,74
2.873,81
2.807,79
2.793,81
2.767,81
2.774,83
2.713,81
2.616,78
2.501,76
2.482,83
2.478,77
2.554,81
2.603,75
2.734,80
2.969,85
3.061,82
3.127,80
3.178,75
3.051,70
2.944,73
2.839,73
2.787,70
2.789,75
2.789,75
2.796,82
2.823,82
2.82,81
2.76,80
2.76,80
2.84,80
2.946,86
3.122,91
3.295,98
3.458,95
1.595,87
1.452,77
1.453,50
1.428,49
1.307,59
1.28,53
1.384,61
1.365,74
1.454,89
1.462,91
1.509,97
1.491,99
1.534,97
1.55,88
1.554,89
3.274,73
3.472,71
1.476,82
1.542,86
1.603,89
1.694,100
1.597,81
1.624,88
1.64,92
1.636,91
1.673,94
1.637,98
1.606,96
1.694,100
1.615,92
1.599,88
1.677,95
1.677,95
1.652,95
1.655,96
1.648,94
1.595,93
1.662,98
1.616,99
1.609,97
1.647,101
1.64,99
1.64,99
1.609,97
1.652,95
1.627,95
1.623,94
1.687,98
1.645,87
1.687,98
1.661,91
1.678,89
1.699,88
1.787,85
1.854,83
1.937,85
1.887,85
1.803,89
1.811,91
1.883,84
1.847,81
1.733,84
1.636,91
1.702,95
1.673,94
1.632,90
1.694,100
1.615,92
1.587,85
1.595,87
1.599,88
1.657,90
1.62,87
1.641,86
1.597,81
1.65,82
1.65,82
1.679,83
1.672,81
1.703,89
1.697,81
1.674,88
1.683,84
1.674,88
1.757,90
1.747,81
1.824,88
1.933,84
1.983,84
2.076,81
2.083,83
2.038,85
2.047,87
2.007,90
2.025,88
2.003,83
2.003,83
2.012,85
2.081,95
2.076,101
2.072,100
2.038,98
2.031,96
2.029,89
2.043,86
1.99,80
1.975,82
1.951,77
1.966,80
1.979,83
1.972,81
2.003,83
2.051,88
1.996,81
1.953,89
1.949,88
1.923,94
1.869,93
1.84,92
1.894,100
1.947,101
1.94,92
1.948,94
1.996,101
2.019,93
2.031,96
2.047,87
2.016,80
2.069,80
1.968,75
1.889,67
1.889,67
1.816,71
1.789,74
1.79,73
1.775,82
1.716,86
1.732,90
1.753,89
1.723,94
1.7,82
1.736,91
1.774,88
1.786,91
1.74,92
1.762,85
1.799,88
1.754,83
1.729,83
1.737,85
1.729,83
1.711,91
1.723,94
1.748,94
1.811,91
1.815,99
1.905,96
1.933,97
1.973,94
1.987,98
1.978,89
2.072,93
2.047,87
2.069,86
2.01,79
1.841,69
1.589,74
1.59,72
1.655,78
1.716,80
1.741,86
1.775,82
1.795,87
1.8,82
1.766,80
1.76,79
1.858,84
1.843,75
1.835,79
1.729,83
1.758,84
1.773,94
1.811,91
1.811,91
1.808,84
1.83,78
1.797,76
1.768,75
1.801,77
1.741,69
1.791,71
1.765,73
1.741,69
1.741,71
1.768,75
1.83,78
1.791,69
1.741,80
1.655,78
1.423,81
1.192,86
1.073,76
1.063,85
1.03,83
1.011,79
1.005,83
0.961,79
1.017,86
0.984,84
0.98,83
0.973,81
1.005,83
0.984,84
0.986,79
0.961,79
0.996,87
1.004,89
0.992,86
0.988,85
1.009,84
0.976,82
0.984,84
0.98,83
0.984,84
0.996,87
1.017,86
1.054,89
1.112,91
1.13,83
1.156,78
1.241,73
1.24,67
1.185,62
1.263,65
1.44,67
1.741,70
1.905,78
1.897,81
1.833,84
1.755,78
1.674,88
1.417,86
1.226,82
1.196,87
1.137,91
1.133,90
1.108,90
1.095,93
1.095,93
1.084,97
1.058,90
1.024,94
1.008,90
1.074,94
1.07,93
1.074,94
1.062,91
1.062,91
1.078,95
1.079,89
1.05,88
1.013,85
1.038,85
1.079,89
1.011,79
1.063,85
1.063,85
1.038,85
1.03,83
1.08,83
1.088,85
1.048,81
1.073,81
1.048,76
1.076,82
1.042,71
1.04,74
1.041,72
1.048,76
1.061,79
1.042,70
1.023,76
1.04,74
1.016,72
1.041,73
1.044,75
1.041,72
1.042,70
1.052,77
0.994,75
1.061,79
1.073,81
1.016,73
1.041,73
1.066,72
1.085,62
1.036,63
1.104,51
1.077,46
1.076,32
1.025,26
,
,
,
,
,
0.923,22
0.976,29
0.971,21
1.098,22
,
,
,
,
,
,
,
,
,
,
,
,
,
,
,
,
,
,
,
,
,
,
,
,
,
,
,
,
,
,
,
,
,
,
,
,
,
,
,
,
1.972,22
1.949,24
,
1.974,13
1.801,40
1.881,59
1.89,68
1.941,86
1.932,90
1.928,89
1.899,88
1.965,92
1.961,91
1.94,92
1.949,88
1.973,94
1.97,87
1.957,90
2.004,96
1.957,90
1.965,92
1.937,85
1.929,83
1.955,78
1.972,81
1.95,82
1.905,78
1.883,84
1.517,86
0.952,77
0.952,77
0.869,75
0.892,71
0.891,72
0.886,79
0.844,75
0.892,71
0.89,74
0.911,79
0.898,76
0.894,75
0.894,75
0.856,78
0.881,78
0.926,82
0.911,79
0.891,72
0.93,83
0.905,83
0.93,83
0.901,82
0.948,81
0.919,75
0.881,78
0.876,82
0.954,89
0.913,85
0.917,86
0.906,78
0.923,81
0.89,74
0.919,75
0.941,73
0.892,70
0.898,76
0.89,74
0.891,73
0.881,78
0.89,74
0.856,78
0.886,79
0.841,73
0.931,78
0.836,63
0.983,60
1.232,59
1.438,65
1.492,71
1.498,76
1.455,83
1.43,83
1.478,95
1.503,95
1.424,94
1.495,100
1.491,99
1.441,99
1.484,97
1.456,96
1.399,94
1.33,83
1.173,76
1.048,76
0.998,81
1.017,80
0.94,74
0.902,77
0.942,70
0.873,76
0.93,83
0.942,80
0.881,78
0.898,76
0.891,73
0.867,70
0.917,70
0.866,73
0.923,81
0.877,77
0.873,81
0.9,88
0.921,87
0.925,88
0.921,87
0.923,81
1.017,80
1.192,86
1.401,82
1.523,81
1.527,77
1.54,68
1.513,65
1.511,63
1.586,64
1.613,66
1.643,75
1.65,82
1.645,87
1.652,95
1.63,96
1.627,95
1.623,94
1.69,99
1.63,96
1.669,100
1.69,99
1.662,98
1.665,99
1.705,96
1.633,97
1.636,91
1.665,92
1.611,91
1.637,85
1.641,86
1.662,85
1.6,82
1.622,81
1.6,82
1.541,70
1.566,71
1.591,70
1.639,74
1.647,76
1.643,75
1.641,86
1.612,85
1.623,94
1.627,95
1.633,97
1.652,95
1.623,94
1.627,95
1.533,90
1.484,84
1.376,82
1.177,77
0.965,67
0.866,68
0.837,64
0.807,59
0.842,69
0.84,67
0.812,64
0.79,67
0.842,70
0.891,73
0.848,76
0.826,82
0.842,86
0.841,92
0.854,89
0.858,90
0.849,94
0.858,90
0.875,88
0.867,86
0.888,85
0.904,89
0.871,87
0.867,86
0.834,84
0.842,86
0.867,80
0.884,84
0.823,76
0.848,81
0.848,76
0.817,71
0.877,77
0.816,73
0.815,74
0.791,73
0.823,76
0.841,73
0.941,72
1.042,70
1.067,70
1.017,70
1.14,67
1.256,78
1.326,82
1.356,78
1.311,79
1.342,86
1.288,85
1.184,84
1.18,83
1.056,78
1.023,81
0.944,75
0.911,79
0.865,74
0.816,73
0.841,73
0.866,73
0.852,77
0.844,75
0.856,78
0.901,82
0.898,76
0.848,76
0.884,84
0.926,82
0.894,75
0.894,75
0.866,73
0.894,75
0.89,74
0.936,79
0.886,79
0.938,85
0.936,79
0.917,70
0.89,67
0.892,70
0.89,74
0.942,86
0.905,83
0.901,82
0.888,85
0.923,81
0.946,87
0.93,83
0.886,79
0.886,79
0.917,70
0.892,71
0.891,68
0.907,59
0.877,45
0.927,45
0.927,44
0.975,24
,
,
,
,
,
,
,
,
,
,
,
,
,
,
,
,
,
,
,
,
,
,
,
,
,
,
,
,
,
,
,
,
,
,
,
,
,
,
,
,
,
,
,
,
,
,
,
,
,
,
,
1.426,30
1.427,41
1.451,33
1.451,31
,
,
,
,
,
,
,
,
,
,
,
,
,
,
,
,
,
,
,
,
,
,
,
,
,
,
,
,
,
,
,
,
,
,
,
,
,
,
,
,
,
,
,
,
,
,
,
,
,
,
,
,
,
,
1.724,16
,
1.824,14
1.699,23
1.849,24
1.761,19
1.751,41
1.731,58
1.741,69
1.772,81
1.774,88
1.765,92
1.766,86
1.741,80
1.755,78
1.776,77
1.768,75
1.738,66
1.738,66
1.756,58
1.728,51
1.779,53
1.801,38
1.776,39
1.626,40
1.601,42
1.628,52
1.68,56
1.681,58
1.755,56
1.855,57
1.801,42
8.699,89
1.776,43
8.677,90
8.675,78
8.559,72
1.851,34
1.805,18
,
1.745,21
,
1.899,16
1.799,12
,
,
,
,
,
,
,
,
,
,
,
,
,
,
,
,
,
,
,
,
,
,
,
,
,
,
,
,
,
,
,
,
,
,
,
,
,
,
,
,
,
,
,
,
,
,
,
,
,
,
,
,
,
,
,
,
,
,
,
,
,
,
,
,
,
,
,
,
,
,
,
,
,
,
,
,
,
,
,
,
,
,
,
,
,
,
,
,
,
,
,
,
,
,
,
,
,
,
,
,
,
,
,
,
,
,
,
,
,
,
,
,
,
,
,
,
,
,
,
,
,
,
,
,
,
,
,
,
,
,
,
,
,
,
,
,
,
,
,
,
,
,
,
,
,
,
,
,
,
,
,
,
,
,
,
,
,
,
,
,
,
,
,
,
,
,
,
,
,
,
,
,
,
,
,
,
,
,
,
,
,
,
,
,
,
,
,
,
,
,
,
,
,
,
,
,
,
,
,
,
,
,
,
,
,
,
,
,
,
,
,
,
,
,
,
,
,
,
,
,
,
,
,
,
,
,
,
,
,
,
,
,
,
,
,
,
,
,
,
,
,
,
,
,
,
,
,
,
,
,
,
,
,
,
,
,
,
,
,
,
,
,
,
,
,
,
,
,
,
,
,
,
,
,
,
,
,
,
,
,
,
,
,
,
,
,
,
,
,
,
,
,
,
,
,
,
,
,
,
,
,
,
,
,
,
,
,
,
,
,
,
,
,
,
,
,
,
,
,
,
,
,
,
,
,
,
,
,
,
,
,
,
,
,
,
,
,
,
,
,
,
,
,
,
,
,
,
,
,
,
,
,
,
,
,
,
,
,
,
,
,
,
,
,
,
,
,
,
,
,
,
,
,
,
,
,
,
,
,
,
,
,
,
1.7,32
1.727,48
1.752,49
1.704,55
1.704,53
1.758,61
1.678,52
1.703,51
1.777,49
1.779,54
1.702,50
1.729,53
1.755,56
1.679,55
1.729,53
1.68,56
1.73,56
1.729,54
1.705,56
1.679,53
1.679,55
1.704,53
1.727,50
1.726,41
1.726,39
1.726,34
1.725,33
1.661,19
,
,
,
,
,
,
,
,
,
,
,
,
,
,
,
,
,
,
,
,
,
,
,
,
,
,
,
,
,
,
,
,
,
,
,
,
,
,
,
,
,
,
,
,
,
,
,
,
,
,
,
,
,
,
,
2.129,22
1.951,47
1.99,73
2.051,88
2.06,90
2.033,90
2.084,96
2.092,98
2.099,100
2.092,98
2.099,93
2.116,79
2.178,75
2.228,68
2.137,57
2.138,59
2.129,81
2.166,90
2.157,88
2.162,89
2.144,91
2.167,97
2.148,99
2.145,98
2.152,100
2.159,102
2.17,105
2.17,105
2.159,102
2.147,106
2.102,101
2.173,106
2.144,105
2.178,107
2.17,105
2.144,105
2.159,102
2.114,97
2.09,91
2.134,95
2.145,98
2.137,96
2.117,91
2.134,95
2.121,92
2.182,101
2.211,109
2.139,104
2.145,98
2.14,84
2.182,76
2.185,82
2.227,106
2.166,104
2.17,105
2.152,100
2.148,92
2.174,92
2.113,90
2.135,89
2.166,90
2.104,88
2.104,88
2.132,82
2.179,93
2.205,100
2.183,116
2.188,124
4.894,107
4.906,111
4.903,110
4.976,110
4.983,79
4.833,58
4.867,69
4.807,103
4.843,114
4.867,114
4.867,114
4.867,114
4.843,114
4.833,111
4.858,111
4.867,114
4.84,113
4.829,117
4.867,114
4.822,115
4.825,116
4.854,117
4.829,117
4.867,114
4.806,110
4.83,110
4.838,105
4.883,104
4.854,95
4.793,92
4.849,101
4.861,112
4.819,114
4.809,111
4.802,109
4.791,113
4.784,111
4.799,108
4.822,115
4.77,114
4.764,112
4.76,111
4.792,106
4.799,108
4.789,105
4.799,108
4.779,102
4.841,106
4.838,105
4.872,108
4.855,110
4.843,114
4.813,112
4.819,114
4.774,115
4.825,116
4.802,109
4.827,102
4.89,106
4.856,103
4.834,104
4.811,97
4.803,102
4.8,101
4.756,95
4.789,91
4.826,88
4.859,84
4.83,89
4.829,95
4.717,98
4.654,101
4.615,104
4.612,103
4.692,105
4.75,108
4.762,97
4.779,102
4.766,98
4.808,96
4.876,102
4.894,107
4.907,104
4.883,104
4.918,107
4.887,105
4.883,104
4.922,81
4.77,70
4.861,79
4.843,86
4.826,88
4.887,91
4.93,96
4.904,103
4.907,104
4.932,104
4.898,81
4.865,74
4.886,79
4.891,92
4.887,105
4.894,107
4.913,113
4.925,102
4.895,100
4.838,105
4.872,108
4.845,107
4.858,111
4.851,109
4.838,105
4.855,110
4.906,111
4.862,105
4.929,103
4.918,107
4.97,108
4.991,107
5.021,109
5.028,111
5.072,82
5.087,72
4.951,95
5.009,105
4.932,104
4.895,100
4.932,104
4.942,107
4.974,102
5.001,110
4.89,106
4.964,99
4.91,79
5.115,107
5.079,104
4.977,103
4.906,111
4.897,108
4.897,108
4.914,106
4.89,106
5.004,111
5.037,99
5.05,110
5.058,105
5.022,102
5.018,108
5.026,103
5.019,101
4.992,100
5.002,103
5.061,106
5.043,108
5.029,104
5.044,101
5.022,102
5.086,106
5.09,107
5.136,106
5.15,110
5.129,104
5.153,111
5.175,110
5.107,112
5.125,110
5.078,111
5.117,115
5.132,112
5.096,109
5.117,115
5.157,112
5.113,114
5.127,118
5.107,112
5.128,111
5.132,112
5.135,113
5.107,112
5.075,110
5.1,110
5.118,108
5.245,116
8.793,108
8.795,94
5.274,117
5.18,84
8.699,52
8.685,67
8.667,76
8.736,92
8.724,89
8.694,94
8.696,102
8.751,96
3.891,86
3.87,100
3.828,95
3.729,77
3.7,81
3.723,87
3.763,91
3.743,86
3.754,95
3.75,94
3.834,84
3.862,91
3.881,96
3.848,101
3.875,109
3.82,93
3.782,96
1.736,105
1.728,110
1.711,105
1.781,111
1.721,108
1.671,108
1.674,109
1.664,106
1.671,108
1.69,99
1.669,100
1.615,92
1.645,87
1.605,78
1.565,68
1.541,70
1.59,72
1.591,71
1.564,74
1.539,74
1.6,82
1.591,86
1.599,88
1.555,83
1.559,84
1.562,91
1.574,94
1.566,92
1.558,90
1.562,91
1.584,97
1.65,102
1.675,102
1.744,100
1.777,117
1.785,112
3.78,89
2.042,73
2.035,62
2.043,71
2.061,84
2.05,94
2.087,97
2.121,92
2.065,85
2.064,91
2.038,85
2.089,79
2.076,81
2.087,97
2.05,94
1.961,91
1.883,84
1.882,90
1.844,93
1.88,96
1.833,97
1.855,96
1.89,99
1.833,97
1.862,98
1.852,95
1.855,96
1.89,99
1.877,95
1.844,93
1.852,95
1.865,92
1.858,97
1.873,94
1.861,91
1.861,91
1.82,87
1.832,90
1.823,94
1.873,94
1.894,100
1.873,94
1.862,98
1.808,97
1.805,96
1.787,98
1.79,99
1.765,92
1.737,98
1.755,96
1.697,101
1.74,99
1.702,95
1.683,97
1.715,99
1.744,100
1.715,92
1.68,96
1.708,97
1.68,96
1.695,87
1.711,91
1.702,95
1.677,95
1.694,93
1.665,92
1.69,92
1.733,84
1.794,93
1.737,85
1.783,61
1.841,69
1.927,95
1.961,105
1.986,105
1.998,109
1.85,102
1.847,101
1.783,97
1.747,101
1.711,91
1.68,78
1.69,68
1.816,71
1.924,88
1.889,67
1.924,88
1.974,109
1.933,97
1.869,93
1.853,89
1.799,88
1.849,88
1.822,81
1.862,85
1.836,91
1.852,95
1.887,98
1.815,92
1.873,94
1.827,95
1.837,98
1.812,98
1.847,101
1.829,103
1.85,102
1.825,102
1.773,94
1.861,105
1.832,104
1.819,100
1.819,100
1.79,99
1.79,99
1.85,102
1.804,103
1.807,104
1.794,100
1.772,101
1.797,101
1.787,98
1.798,94
1.819,93
1.794,93
1.783,84
1.768,75
1.789,74
1.79,72
1.791,69
1.766,71
1.741,70
1.765,72
1.765,73
1.797,81
1.853,89
1.803,89
1.837,85
1.872,81
1.801,77
1.69,73
1.547,76
1.498,76
1.498,76
1.6,82
1.651,77
1.795,87
1.83,78
1.847,81
1.841,71
1.879,83
-999999999,
1.793,75
1.755,78
1.716,80
1.643,75
1.626,77
1.61,79
1.7,102
1.689,106
1.664,106
1.623,101
1.542,86
1.441,72
1.466,73
1.491,68
1.539,74
1.547,76
1.551,77
1.548,81
1.542,80
1.551,82
1.511,79
1.498,76
1.516,68
1.492,69
1.492,69
1.55,88
1.599,94
1.606,96
1.615,92
1.583,84
1.54,72
1.541,70
1.502,77
1.595,87
1.584,97
1.657,104
1.714,106
1.615,106
1.647,108
1.657,104
4.146,102
4.153,104
4.123,95
4.14,100
4.111,106
4.108,105
4.094,101
4.063,99
4.055,104
4.067,100
4.048,102
4.087,99
4.133,98
4.121,102
4.216,101
4.247,103
4.306,106
4.257,106
1.764,106
1.68,78
1.526,46
1.602,48
1.558,61
1.588,66
1.572,81
1.607,90
1.606,96
1.587,91
1.591,92
1.558,90
1.611,91
1.521,87
1.603,95
1.566,92
1.619,93
1.566,92
1.603,95
1.542,86
1.574,94
1.574,94
1.534,97
1.566,99
1.588,98
1.545,100
1.545,100
1.605,103
1.664,106
1.603,89
1.58,78
1.575,82
1.554,89
1.599,94
1.633,97
1.588,98
1.576,102
1.573,101
1.601,102
1.616,99
1.566,92
1.583,90
1.583,84
1.559,84
1.599,88
1.65,102
1.558,104
1.625,109
1.663,120
1.642,114
1.622,108
1.647,108
1.649,116
1.671,115
1.688,113
1.691,114
1.591,86
1.657,60
1.551,42
1.537,65
1.575,82
1.537,91
1.549,94
1.599,94
1.658,97
1.562,91
1.558,90
1.607,90
1.637,98
1.615,92
1.68,96
1.63,96
1.655,96
1.687,98
1.64,92
1.653,89
1.637,85
1.655,78
1.708,84
1.773,94
1.78,96
1.783,97
1.747,101
1.744,100
1.793,107
4.115,107
4.12,109
4.097,102
4.127,111
4.14,100
4.133,98
4.126,96
4.113,86
4.141,87
4.101,83
4.123,95
4.063,99
4.093,108
4.12,109
4.066,107
4.12,109
4.079,111
4.107,112
4.103,111
4.104,104
1.893,107
1.913,113
1.913,113
1.864,106
1.819,100
1.832,104
1.8,102
1.783,97
1.753,89
1.714,74
1.668,75
1.701,77
1.716,80
1.691,80
1.695,87
1.704,83
1.711,91
1.703,89
1.732,90
1.683,84
1.687,85
1.699,88
1.682,90
1.665,92
1.723,94
1.698,94
1.698,94
1.661,91
1.72,87
1.683,84
1.645,87
1.72,87
1.672,81
1.745,87
1.679,83
1.645,87
1.68,96
1.647,101
1.704,103
1.683,97
1.683,84
1.693,75
1.691,69
1.622,76
1.672,81
1.626,77
1.59,68
1.566,71
1.59,72
1.591,86
1.572,81
1.597,76
1.56,63
1.591,70
1.627,50
1.651,36
,
,
,
,
,
,
,
,
,
,
,
,
,
,
,
,
,
,
,
,
,
,
,
,
,
,
,
,
,
,
,
,
,
,
,
,
,
,
,
,
,
,
,
,
,
,
,
,
,
,
,
,
,
,
,
,
,
,
,
,
,
,
,
,
,
,
,
,
,
,
,
,
,
,
,
,
,
,
,
,
,
,
,
,
,
,
,
,
,
,
,
,
,
,
,
,
,
,
,
,
,
,
,
,
,
,
,
,
,
,
,
,
,
,
,
,
,
,
,
,
,
,
,
,
,
,
,
,
,
,
,
,
,
,
,
,
,
,
,
,
,
,
,
,
,
,
,
,
,
,
,
,
,
,
,
,
,
,
,
,
,
,
,
,
,
,
,
,
,
,
,
,
,
,
,
,
,
,
,
,
,
,
,
,
,
,
,
,
,
,
,
,
,
,
,
,
,
,
,
,
,
,
,
,
,
,
,
,
,
,
,
,
,
,
,
,
,
,
,
,
,
,
,
,
,
,
,
,
,
,
,
,
,
,
,
,
,
,
,
,
,
,
,
,
,
,
,
,
,
,
,
,
,
,
,
,
,
,
,
,
,
,
,
,
,
,
,
,
,
,
,
,
,
,
,
,
,
,
,
,
,
,
,
,
,
,
,
,
,
,
,
,
,
,
,
,
,
,
,
,
,
,
,
,
,
,
,
,
,
,
,
,
,
,
,
,
,
,
,
,
,
,
,
,
,
,
,
,
,
,
,
,
,
,
,
,
,
,
,
,
,
,
,
,
,
,
,
,
,
,
,
,
,
,
,
,
,
,
,
,
,
,
,
,
,
,
,
,
,
,
,
,
,
,
,
,
,
,
,
,
,
,
,
,
,
,
,
,
,
,
,
,
,
,
,
,
,
,
,
,
,
,
,
,
,
,
,
,
,
,
,
,
,
,
,
,
,
,
,
,
,
,
,
,
,
,
,
,
,
,
,
,
,
,
,
,
,
,
,
,
,
,
,
,
,
,
,
,
,
,
,
,
,
,
,
,
,
,
,
,
,
,
,
,
,
,
,
,
,
,
,
,
,
,
,
,
,
,
,
,
,
,
,
,
,
,
,
,
,
,
,
,
,
,
,
,
,
,
,
,
,
,
,
,
,
,
,
,
,
,
,
,
,
,
,
,
,
,
,
,
,
,
,
,
,
,
,
,
,
,
,
,
,
,
,
,
,
,
,
,
,
,
,
,
,
,
,
,
,
,
,
,
,
,
,
,
,
,
,
,
,
,
,
,
,
,
,
,
,
,
,
,
,
,
,
,
,
,
,
,
,
,
,
,
,
,
,
,
,
,
,
,
,
,
,
,
,
,
,
,
,
,
,
,
,
,
,
,
,
,
,
,
,
,
,
,
,
,
,
,
,
,
,
,
,
,
,
,
,
,
,
,
,
,
,
,
,
,
,
,
,
,
,
,
,
,
,
,
,
,
,
,
,
,
,
,
,
,
,
,
,
,
,
,
,
,
,
,
,
,
,
,
,
,
,
,
,
,
,
,
,
,
,
,
,
,
,
,
,
,
,
,
,
,
,
,
,
,
,
,
,
,
,
,
,
,
,
,
,
,
,
,
,
,
,
,
,
,
,
,
,
,
,
,
,
,
,
,
,
,
,
,
,
,
,
,
,
,
,
,
,
,
,
,
,
,
,
,
,
,
,
,
,
,
,
,
,
,
,
,
,
,
,
,
,
,
,
,
,
,
,
,
,
,
,
,
,
,
,
,
,
,
,
,
,
,
,
,
,
,
,
,
,
,
,
,
,
,
,
,
,
,
,
,
,
,
,
,
,
,
,
,
,
,
,
,
,
,
,
,
,
,
,
,
,
,
,
,
,
,
,
,
,
,
,
,
,
,
,
,
,
,
,
,
,
,
,
,
,
,
,
,
,
,
,
,
,
,
,
,
,
,
,
,
,
,
,
,
,
,
,
,
,
,
,
,
,
,
,
,
,
,
,
,
,
,
,
,
,
,
,
,
,
,
,
,
,
,
,
,
,
,
,
,
,
,
,
,
,
,
,
,
,
,
,
,
,
,
,
,
,
,
,
,
,
,
,
,
,
,
,
,
,
,
,
,
,
,
,
,
,
,
,
,
,
,
,
,
,
,
,
,
,
,
,
,
,
,
,
,
,
,
,
,
,
,
,
,
,
,
,
,
,
,
,
,
,
,
,
,
,
,
,
,
,
,
,
,
,
,
,
,
,
,
,
,
,
,
,
,
,
,
,
,
,
,
,
,
,
,
,
,
,
,
,
,
,
,
,
,
,
,
,
,
,
,
,
,
,
,
,
,
,
,
,
,
,
,
,
,
,
,
,
,
,
,
,
,
,
,
,
,
,
,
,
,
,
,
,
,
,
,
,
,
,
,
,
,
,
,
,
,
,
,
,
,
,
,
,
,
,
,
,
,
,
,
,
,
,
,
,
,
,
,
,
,
,
,
,
,
,
,
,
,
,
,
,
,
,
,
,
,
,
,
,
,
,
,
,
,
,
,
,
,
,
,
,
,
,
,
,
,
,
,
,
,
,
,
,
,
,
,
,
,
,
,
,
,
,
,
,
,
,
,
,
,
,
,
,
,
,
,
,
,
,
,
,
,
,
,
,
,
,
,
,
,
,
,
,
,
,
,
,
,
,
,
,
,
,
,
,
,
,
,
,
,
,
,
,
,
,
,
,
,
,
,
,
,
,
,
,
,
,
,
,
,
,
,
,
,
,
,
,
,
,
,
,
,
,
,
,
,
,
,
,
,
,
,
,
,
,
,
,
,
,
,
,
,
,
,
,
,
,
,
,
,
,
,
,
,
,
,
,
,
,
,
,
,
,
,
,
,
,
,
,
,
,
,
,
,
,
,
,
,
,
,
,
,
,
,
,
,
,
,
,
,
,
,
,
,
,
,
,
,
,
,
,
,
,
,
,
,
,
,
,
,
,
,
,
,
,
,
,
,
,
,
,
,
,
,
,
,
,
,
,
,
,
,
,
,
,
,
,
,
,
,
,
,
,
,
,
,
,
,
,
,
,
,
,
,
,
,
,
,
,
,
,
,
,
,
,
,
,
,
,
,
,
,
,
,
,
,
,
,
,
,
,
,
,
,
,
,
,
,
,
,
,
,
,
,
,
,
,
,
,
,
,
,
,
,
,
,
,
,
,
,
,
,
,
,
,
,
,
,
,
,
,
,
,
,
,
,
,
,
,
,
,
,
,
,
,
,
,
,
,
,
,
,
,
,
,
,
,
,
,
,
,
,
,
,
,
,
,
,
,
,
,
,
,
,
,
,
,
,
,
,
,
,
,
,
,
,
,
,
,
,
,
,
,
,
,
,
,
,
,
,
,
,
,
,
,
,
,
,
,
,
,
,
,
,
,
,
,
,
,
,
,
,
,
,
,
,
,
,
,
,
,
,
,
,
,
,
,
,
,
,
,
,
,
,
,
,
,
,
,
,
,
,
,
,
,
,
,
,
,
,
,
,
,
,
,
,
,
,
,
,
,
,
,
,
,
,
,
,
,
,
,
,
,
,
,
,
,
,
,
,
,
,
,
,
,
,
,
,
,
,
,
,
,
,
,
,
,
,
,
,
,
,
,
,
,
,
,
,
,
,
,
,
,
,
,
,
,
,
,
,
,
,
,
,
,
,
,
,
,
,
,
,
,
,
,
,
,
,
,
,
,
,
,
,
,
,
,
,
,
,
,
,
,
,
,
,
,
,
,
,
,
,
,
,
,
,
,
,
,
,
,
,
,
,
,
,
,
,
,
,
,
,
,
,
,
,
,
,
,
,
,
,
,
,
,
,
,
,
,
,
,
,
,
,
,
,
,
,
,
,
,
,
,
,
,
,
,
,
,
,
,
,
,
,
,
,
,
,
,
,
,
,
,
,
,
,
,
,
,
,
,
,
,
,
,
,
,
,
,
,
,
,
,
,
,
,
,
,
,
,
,
,
,
,
,
,
,
,
,
,
,
,
,
,
,
,
,
,
,
,
,
,
,
,
,
,
,
,
,
,
,
,
,
,
,
,
,
,
,
,
,
,
,
,
,
,
,
,
,
,
,
,
,
,
,
,
,
,
,
,
,
,
,
,
,
,
,
,
,
,
,
,
,
,
,
,
,
,
,
,
,
,
,
,
,
,
,
,
,
,
,
,
,
,
,
,
,
,
,
,
,
,
,
,
,
,
,
,
,
,
,
,
,
,
,
,
,
,
,
,
,
,
,
,
,
,
,
,
,
,
,
,
,
,
,
,
,
,
,
,
,
,
,
,
,
,
,
,
,
,
,
,
,
,
,
,
,
,
,
,
,
,
,
,
,
,
,
,
,
,
,
,
,
,
,
,
,
,
,
,
,
,
,
,
,
,
,
,
,
,
,
,
,
,
,
,
,
,
,
,
,
,
,
,
,
,
,
,
,
,
,
,
,
,
,
,
,
,
,
,
,
,
,
,
,
,
,
,
,
,
,
,
,
,
,
,
,
,
,
,
,
,
,
,
,
,
,
,
,
,
,
,
,
,
,
,
,
,
,
,
,
,
,
,
,
,
,
,
,
,
,
,
,
,
,
,
,
,
,
,
,
,
,
,
,
,
,
,
,
,
,
,
,
,
,
,
,
,
,
,
,
,
,
,
,
,
,
,
,
,
,
,
,
,
,
,
,
,
,
,
,
,
,
,
,
,
,
,
,
,
,
,
,
,
,
,
,
,
15.568,21
,
,
,
,
,
,
,
,
,
,
,
,
,
,
,
,
,
,
,
,
,
,
,
,
,
,
,
,
,
,
,
,
,
,
,
,
,
,
,
,
,
,
,
,
,
,
,
,
,
,
,
,
,
,
,
,
,
,
,
,
,
,
,
,
,
,
,
,
,
,
,
,
,
,
,
,
,
,
,
,
,
,
,
,
,
,
,
,
,
,
,
,
,
,
,
,
,
,
,
,
,
,
,
,
,
,
,
,
,
,
,
,
,
,
,
,
,
,
,
,
,
,
,
,
,
,
,
,
,
,
,
,
,
,
,
,
,
,
,
,
,
,
,
,
,
,
,
,
,
,
,
,
,
,
,
,
,
,
,
,
,
,
,
,
,
,
,
,
,
,
,
,
,
,
,
,
,
,
,
,
,
,
,
,
,
,
,
,
,
,
,
,
,
,
,
,
,
,
,
,
,
,
,
,
,
,
,
,
,
,
,
,
,
,
,
,
,
,
,
,
,
,
,
,
,
,
,
,
,
,
,
,
,
,
,
,
,
,
,
,
,
,
,
,
,
,
,
,
,
,
,
,
,
,
,
,
,
,
,
,
,
,
,
,
,
,
,
,
,
,
,
,
,
,
,
,
,
,
,
,
,
,
,
,
,
,
,
,
,
,
,
,
,
,
,
,
,
,
,
,
,
,
,
,
,
,
,
,
,
,
,
,
,
,
,
,
,
,
,
,
,
,
,
,
,
,
,
,
,
,
,
,
,
,
,
,
,
,
,
,
,
,
,
,
,
,
,
,
,
,
,
,
,
,
,
,
,
,
,
,
,
,
,
,
,
,
,
,
,
,
,
,
,
,
,
,
,
,
,
,
,
,
,
,
,
,
,
,
,
,
,
,
,
,
,
,
,
,
,
,
,
,
,
,
,
,
,
,
,
,
,
,
,
,
,
,
,
,
,
,
,
,
,
,
,
,
,
,
,
,
,
,
,
,
,
,
,
,
,
,
,
,
,
,
,
,
,
,
,
,
,
,
,
,
,
,
,
,
,
,
,
,
,
,
,
,
,
,
,
,
,
,
,
,
,
,
,
,
,
,
,
,
,
,
,
,
,
,
,
,
,
,
,
,
,
,
,
,
,
,
,
,
,
,
,
,
,
,
,
,
,
,
,
,
,
,
,
,
,
,
,
,
,
,
,
,
,
,
,
,
,
,
,
,
,
,
,
,
,
,
,
,
,
,
,
,
,
,
,
,
,
,
,
,
,
,
,
,
,
,
,
,
,
,
,
,
,
,
,
,
,
,
,
,
,
,
,
,
,
,
,
,
,
,
,
,
,
,
,
,
,
,
,
,
,
,
,
,
,
,
,
,
,
,
,
,
,
,
,
,
,
,
,
,
,
,
,
,
,
,
,
,
,
,
,
,
,
,
,
,
,
,
,
,
,
,
,
,
,
,
,
,
,
,
,
,
,
,
,
,
,
,
,
,
,
,
,
,
,
,
,
,
15.631,62
15.675,89
15.589,86
15.651,83
15.698,44
15.477,54
,
,
,
,
,
,
,
,
,
,
14.505,36
15.597,88
15.541,107
14.246,114
14.167,120
14.606,124
15.223,116
15.428,118
15.284,112
14.758,118
14.281,117
14.225,115
14.235,118
14.253,116
14.349,122
14.901,123
15.566,107
15.505,104
15.509,105
14.203,94
15.538,68
15.499,41
14.455,39
,
14.528,27
14.599,108
14.639,105
15.354,96
,
14.256,39
14.383,103
15.35,44
14.768,68
14.621,75
15.57,81
,
,
14.702,28
,
,
,
,
,
14.898,22
,
,
,
,
,
,
,
,
,
,
,
,
,
,
,
,
,
,
,
,
,
,
,
,
,
,
,
,
,
,
,
,
,
,
,
,
,
,
,
,
,
,
,
,
,
,
,
,
,
,
,
,
,
,
,
,
,
,
,
,
,
,
,
,
,
,
,
,
,
,
,
,
,
,
,
,
,
,
,
,
,
,
,
,
,
,
,
,
,
,
,
,
,
,
,
,
,
,
,
,
,
,
,
,
,
,
,
,
,
,
,
,
,
,
,
,
,
,
,
,
,
,
,
,
,
,
,
,
,
,
,
,
,
,
,
,
,
,
,
,
,
,
,
,
,
,
,
,
,
,
,
,
,
,
,
,
,
,
,
,
,
,
,
,
,
,
,
,
,
,
,
,
,
,
,
,
,
,
,
,
,
,
,
,
,
,
,
,
,
,
,
,
,
,
,
,
,
,
,
,
,
,
,
,
,
,
,
,
,
,
,
,
,
,
,
,
,
,
,
,
,
,
,
,
,
,
,
,
,
,
,
,
,
,
,
,
,
,
,
,
,
,
,
,
,
,
,
,
,
,
,
,
,
,
,
,
,
,
,
,
,
,
,
,
,
,
,
,
,
,
,
,
,
,
,
,
,
,
,
,
,
,
,
,
,
,
,
,
,
,
,
,
,
,
,
,
,
,
,
,
,
,
,
,
14.079,24
14.085,118
14.041,126
14.022,114
14.016,112
7.605,73
7.521,59
7.681,80
7.548,84
7.571,59
7.546,59
7.442,42
7.741,41
7.802,65
7.756,70
7.755,73
7.783,75
7.756,69
7.747,60
7.681,71
7.735,87
7.71,87
7.669,103
7.703,113
7.719,103
7.777,98
7.67,78
7.644,103
7.662,101
7.659,100
7.694,103
7.712,101
7.842,95
7.875,112
7.953,113
7.995,96
7.955,92
7.868,89
7.862,101
7.945,118
7.911,108
7.917,95
13.791,119
13.874,107
13.723,114
13.713,118
13.698,80
9.31,90
9.325,101
9.296,107
9.343,99
9.282,103
9.282,103
9.277,88
9.292,67
9.203,38
,
,
,
,
,
,
,
9.175,14
9.356,52
9.317,74
9.278,102
9.248,108
9.255,89
9.211,62
9.359,56
9.306,52
9.33,48
9.101,47
9.199,81
9.238,105
9.314,64
,
,
,
,
,
,
,
,
,
,
,
,
,
,
,
,
,
,
,
,
,
,
,
,
,
,
,
,
,
,
,
,
,
,
,
,
,
,
,
,
,
,
,
,
,
,
,
,
,
,
,
,
,
,
,
,
,
,
,
,
,
,
,
,
,
,
,
,
,
,
,
,
,
,
,
,
,
,
,
,
,
,
,
,
,
,
,
,
,
,
,
,
,
,
,
,
,
,
,
,
,
,
,
,
,
,
,
,
,
,
,
,
,
,
,
,
,
,
,
,
,
,
,
,
,
,
,
,
,
,
,
,
,
,
,
,
,
,
,
,
,
,
,
,
,
,
,
,
,
,
,
,
,
,
,
,
,
,
,
,
,
,
,
,
,
,
,
,
,
,
,
,
,
,
,
,
,
,
,
,
,
,
,
,
,
,
,
,
,
,
,
,
,
,
,
,
,
,
,
,
,
,
,
,
,
,
,
,
,
,
,
,
,
,
,
,
,
,
,
,
,
,
,
,
,
,
,
,
,
,
,
,
,
,
,
,
,
,
,
,
,
,
,
,
,
,
,
,
,
,
,
,
,
,
,
,
,
,
,
,
,
,
,
,
,
,
,
,
,
,
,
,
,
,
,
,
,
,
,
,
,
,
,
,
,
,
,
,
,
,
,
,
,
,
,
,
,
,
,
,
,
,
,
,
,
,
,
,
,
,
,
,
,
,
,
,
,
,
,
,
,
,
,
,
,
,
,
,
,
,
,
,
,
,
,
,
,
,
,
,
,
,
,
,
,
,
,
,
,
,
,
,
,
,
,
,
,
,
,
,
,
,
,
,
,
,
,
,
,
,
,
,
,
,
,
,
,
,
,
,
,
,
,
,
,
,
,
,
,
,
,
,
,
,
,
,
,
,
,
,
,
,
,
,
,
,
,
,
,
,
,
,
,
,
,
,
,
,
,
,
,
,
,
,
,
,
,
,
,
,
,
,
,
,
,
,
,
,
,
,
,
,
,
,
,
,
,
,
,
,
,
,
,
,
,
,
,
,
,
,
,
,
,
,
,
,
,
,
,
,
,
,
,
,
,
,
,
,
,
,
,
,
,
,
,
,
,
,
,
,
,
,
,
,
,
,
,
,
,
,
,
,
,
,
,
,
,
,
,
11.59,43
11.682,75
11.649,79
11.664,82
11.737,101
11.657,107
11.667,110
11.61,108
11.663,109
11.624,112
11.617,110
11.61,108
11.603,106
11.607,107
11.613,109
11.657,107
11.688,109
11.683,100
11.691,95
11.7,91
11.713,94
16.866,82
16.892,44
,
,
,
,
,
,
,
,
,
,
,
,
,
,
,
,
,
,
,
,
,
,
11.314,43
11.465,37
,
,
,
,
11.214,41
11.217,54
,
,
,
,
,
10.329,20
,
,
,
,
,
,
,
,
,
,
,
,
,
,
,
,
,
,
,
,
,
,
,
,
,
,
,
,
,
,
,
,
,
,
,
,
,
,
,
,
,
,
,
,
,
,
,
,
,
,
,
,
,
,
,
,
,
,
,
,
,
,
,
,
,
,
,
,
,
,
,
,
,
,
,
,
,
,
,
,
,
,
,
,
,
,
,
,
,
,
,
,
,
,
,
,
,
,
,
,
,
,
,
,
,
,
,
,
,
,
,
,
,
,
,
,
,
,
,
,
,
,
,
,
,
,
,
,
,
,
,
,
,
,
,
,
,
,
,
,
,
,
,
,
,
,
,
,
,
,
,
,
,
,
,
,
,
,
,
,
,
,
,
,
,
,
,
,
,
,
,
,
,
,
,
,
,
,
,
,
,
,
,
,
,
,
,
,
,
,
,
,
,
,
,
,
,
,
,
,
,
,
,
,
,
,
,
,
,
,
,
,
,
,
,
,
,
,
,
,
,
,
,
,
,
,
,
,
,
,
,
,
,
,
,
,
,
,
,
,
,
,
,
,
,
,
,
,
,
,
,
,
,
,
,
,
,
,
,
,
,
,
,
,
,
,
,
,
,
,
,
,
,
,
,
,
,
,
,
,
,
,
,
,
,
,
,
,
,
,
,
,
,
,
,
,
,
,
,
,
,
,
,
,
,
,
,
,
,
,
,
,
,
,
,
,
,
,
,
,
,
,
,
,
,
,
,
,
,
,
,
,
,
,
,
,
,
,
,
,
,
,
,
,
,
,
,
,
,
,
,
,
,
,
,
,
,
,
,
,
,
,
,
,
,
,
,
,
,
,
,
,
,
,
,
,
,
,
,
,
,
,
,
,
,
,
,
,
,
,
,
,
,
,
,
,
,
,
,
,
,
,
,
,
,
,
,
,
,
,
,
,
,
,
,
,
9.175,16
9.203,41
9.152,44
9.101,40
9.051,44
9.076,46
9.051,47
9.027,50
9.101,47
9.128,50
9.152,41
9.1,30
,
,
,
,
,
,
,
,
,
,
,
,
,
,
,
,
9.026,38
9.014,72
9.022,76
9.032,104
9.027,95
9.052,95
9.048,94
9.065,68
9.077,49
9.1,82
9.082,104
9.109,97
9.113,85
9.115,74
9.062,65
9.107,59
9.053,52
9.031,59
9.084,62
9.108,60
,
,
,
9.025,30
9.076,36
8.999,82
8.969,87
8.99,69
,
8.726,18
,
,
,
,
,
,
,
,
,
,
,
,
,
,
,
,
,
,
,
,
,
,
,
,
,
,
,
,
,
,
,
,
,
,
,
,
,
,
,
,
,
,
,
,
,
,
,
,
,
,
,
,
,
,
,
,
,
,
,
,
,
,
,
,
,
,
,
,
,
,
,
,
,
,
,
,
,
,
,
,
,
,
,
,
,
,
,
,
,
,
,
,
,
,
,
,
,
,
,
,
,
,
,
,
,
,
,
,
,
,
,
,
,
,
,
,
,
,
,
,
,
,
,
,
,
,
,
,
,
,
,
,
,
,
,
,
,
,
,
,
,
,
,
,
,
,
,
,
,
,
,
,
,
,
,
,
,
,
,
,
,
,
,
,
,
,
,
,
,
,
,
,
,
,
,
,
,
,
,
,
,
,
9.657,47
9.664,61
9.714,60
9.662,58
9.764,60
9.849,70
9.717,63
9.761,54
9.709,50
9.914,56
9.937,52
11.011,15
,
,
,
,
,
,
,
,
,
,
,
,
,
,
,
,
,
,
,
,
,
,
,
,
,
9.238,19
,
,
,
,
,
,
,
,
,
,
,
,
,
,
,
,
,
,
,
,
11.088,30
11.063,31
11.018,59
11.135,101
11.149,91
9.703,108
9.718,105
9.739,104
9.661,96
9.581,82
9.521,70
9.495,72
9.566,64
9.56,57
9.493,66
9.318,72
9.243,69
9.217,68
9.283,78
9.268,71
9.311,84
9.296,75
9.318,73
9.49,63
9.511,58
9.513,61
9.511,59
9.42,70
9.42,80
9.612,96
9.696,113
9.656,109
9.599,107
9.608,95
9.675,100
9.696,106
14.559,111
14.588,112
11.308,122
11.286,129
11.283,122
11.27,125
9.656,123
9.593,120
9.597,121
9.648,121
9.644,120
9.618,126
11.374,132
11.366,124
14.594,121
14.583,118
14.609,111
14.584,111
14.512,97
9.412,97
9.463,84
9.446,86
9.579,116
9.691,119
9.576,87
9.459,83
9.342,67
9.445,72
9.539,61
9.027,50
9.08,57
9.19,66
9.262,63
9.164,66
9.181,78
9.214,85
9.218,70
9.166,72
9.192,92
9.163,98
9.142,80
9.213,64
9.113,65
9.208,58
9.205,51
9.27,20
,
,
,
,
,
,
,
,
,
,
,
,
,
,
,
,
,
9.279,47
9.258,59
9.177,77
9.153,95
9.158,90
9.213,64
9.195,75
9.201,88
9.245,75
9.253,45
,
,
,
9.049,27
9.051,47
9.052,50
9.076,40
9.051,40
9.051,34
9.101,35
,
,
,
,
,
,
,
,
,
,
,
,
,
,
,
,
,
,
,
,
,
,
,
,
,
,
,
,
,
,
,
,
,
,
,
,
,
,
,
,
,
,
,
,
,
,
,
,
,
,
,
,
,
,
,
,
,
,
,
,
,
,
,
9.076,34
9.013,67
9.01,64
8.978,55
9.114,66
9.1,82
9.121,87
9.176,102
9.166,99
9.17,93
9.249,81
9.308,57
9.304,44
,
,
,
,
,
,
,
,
,
,
,
,
,
,
9.303,29
9.361,60
9.131,56
,
,
,
,
,
,
,
,
,
,
,
,
9.579,23
9.557,48
9.568,66
9.556,82
9.496,86
9.394,92
9.407,110
9.401,81
,
,
16.095,31
9.507,50
8.978,83
8.913,72
9.416,85
9.424,87
9.439,79
9.457,95
9.491,105
9.639,125
9.659,130
9.614,125
9.567,105
9.554,94
9.552,108
9.473,107
9.511,111
9.511,111
9.542,105
9.587,111
9.659,117
9.666,119
11.657,107
9.374,115
9.434,118
9.435,111
9.465,112
9.428,109
9.433,103
9.453,94
9.411,90
9.407,89
9.482,95
9.516,91
9.568,98
9.606,102
9.661,103
9.739,104
9.704,101
9.712,96
9.605,82
9.547,70
9.515,63
9.482,48
9.506,47
9.482,49
9.506,46
9.456,45
9.431,49
9.456,40
11.615,34
9.446,70
9.441,85
9.453,94
9.473,107
9.489,119
9.428,109
9.393,106
9.423,100
9.398,100
9.386,104
9.366,98
9.343,92
9.554,94
9.588,104
9.655,129
9.494,106
9.387,84
9.545,106
11.592,110
11.603,106
8.842,122
8.838,121
8.721,102
11.587,116
11.548,119
11.48,114
9.84,125
9.766,119
9.756,123
9.815,125
9.744,120
9.572,114
11.487,116
11.505,114
11.649,132
10.254,134
10.184,129
10.211,136
10.156,141
10.121,132
10.142,131
10.179,134
10.161,136
10.164,124
10.188,130
10.207,135
10.186,136
10.192,131
10.192,131
10.182,135
10.219,138
11.726,126
11.594,118
11.594,118
11.63,114
11.627,113
11.591,117
11.58,121
11.569,118
11.594,118
11.663,123
11.659,115
11.752,120
11.839,123
12.441,117
11.674,112
11.624,112
11.574,112
11.534,115
11.545,111
11.584,115
11.502,113
11.562,116
11.638,123
-999999999,
11.731,114
11.441,95
9.684,117
9.644,120
9.587,111
9.494,106
9.635,124
9.691,119
9.801,134
9.784,136
11.488,123
11.442,110
9.632,102
9.599,107
9.617,112
9.627,115
9.627,115
9.62,113
9.588,104
9.564,97
9.578,101
9.564,97
9.558,95
9.581,102
9.632,102
9.646,106
9.656,109
9.791,97
11.426,98
11.375,105
11.353,99
9.63,116
9.785,117
9.853,122
9.853,115
9.82,98
9.79,90
9.863,118
9.936,130
11.336,116
11.329,114
11.423,119
11.427,113
9.851,107
9.984,109
9.905,108
9.696,106
9.626,100
9.639,104
9.696,106
9.753,108
9.7,107
9.703,108
9.688,104
9.75,107
9.789,111
9.793,112
9.767,112
9.76,110
9.76,110
9.703,108
9.706,109
9.728,108
9.721,106
9.717,112
9.735,110
9.721,106
9.735,110
9.713,111
9.7,107
9.743,105
9.725,107
9.703,108
9.731,109
9.753,108
9.735,110
9.706,109
9.77,113
9.738,111
9.756,109
9.756,109
9.732,102
9.746,106
9.736,103
9.729,101
9.719,98
9.719,98
9.707,82
9.647,71
9.624,75
9.647,80
9.656,82
9.622,80
9.572,86
9.6,93
9.58,88
9.504,88
9.614,104
9.745,113
9.831,129
13.002,127
13.23,128
11.965,136
11.969,137
13.699,140
13.161,136
12.844,125
12.807,115
12.762,109
12.822,112
12.871,119
9.92,126
9.781,116
9.793,112
9.806,116
9.785,117
9.832,123
9.905,135
9.871,139
9.92,145
9.924,146
9.907,148
9.983,148
12.816,137
13.082,135
11.591,130
13.703,108
13.837,111
13.793,126
13.465,131
12.74,130
11.956,121
11.756,121
11.662,116
11.652,113
11.68,114
11.68,114
11.739,123
9.638,131
9.646,133
9.689,125
9.648,121
9.664,125
9.656,123
9.666,119
9.656,123
9.669,120
9.669,120
9.66,124
9.681,123
9.652,122
9.685,124
9.698,127
9.703,122
9.681,123
9.711,124
9.673,121
9.664,125
9.652,122
9.664,125
9.735,130
9.693,126
9.688,131
9.671,133
9.661,137
9.729,135
9.6,128
11.71,122
11.743,124
11.644,118
11.692,124
11.655,114
11.673,119
11.634,115
11.613,109
11.61,108
11.61,108
11.677,113
11.701,120
11.731,121
11.784,128
11.842,130
11.921,131
12.848,126
13.138,130
13.27,132
13.375,127
13.223,120
13.439,118
13.76,110
13.744,98
13.747,99
13.805,94
13.759,95
13.776,100
13.759,95
13.751,100
9.769,98
9.722,99
9.7,107
9.714,104
9.744,120
9.793,132
9.797,133
11.63,121
11.609,122
11.629,127
11.66,135
12.808,135
12.823,126
12.85,113
12.926,106
12.902,92
9.556,82
9.545,74
9.528,76
9.559,89
9.619,98
9.602,108
9.575,100
9.516,91
9.585,103
9.585,103
9.578,101
9.558,95
9.597,86
9.572,86
9.622,86
9.58,88
9.592,91
9.571,92
9.668,105
9.667,112
9.713,111
9.713,111
9.723,114
9.829,108
11.435,108
11.463,109
11.413,109
11.487,116
11.498,119
13.843,98
13.859,110
13.849,107
13.795,113
13.83,116
13.83,116
13.833,117
13.805,116
13.82,113
13.834,110
13.813,111
13.83,116
13.827,115
13.836,118
13.847,121
13.802,122
13.78,116
13.809,117
13.834,110
11.51,108
11.387,94
11.379,92
11.411,101
11.376,98
11.404,99
11.439,102
11.404,99
11.453,106
11.403,106
11.403,106
11.372,97
11.341,89
11.365,95
11.368,96
11.387,94
9.592,105
9.55,100
9.56,103
9.559,110
9.626,100
9.592,105
9.603,101
9.575,93
9.578,101
9.55,100
11.371,104
11.4,105
11.378,106
11.413,109
11.417,110
11.446,104
11.441,95
9.751,100
9.734,95
9.759,95
9.759,95
9.649,75
9.698,80
9.718,91
9.735,89
11.298,79
11.35,98
11.393,103
11.396,104
11.494,118
11.505,121
11.491,117
11.559,122
11.598,119
12.996,119
13.047,126
13.043,125
13.076,127
13.024,120
13.027,127
13.024,120
13.032,115
13.177,114
13.223,120
13.265,118
13.106,115
13.074,113
13.106,115
13.063,117
13.073,120
12.985,116
13.035,116
13.028,121
13.077,114
13.394,119
13.486,117
13.741,119
13.724,121
13.768,126
13.707,123
13.827,122
13.703,122
13.818,126
13.752,122
13.764,125
13.699,121
13.636,124
13.554,122
13.47,126
13.433,129
13.354,128
13.238,124
13.202,121
13.117,111
13.082,108
13.093,104
13.05,106
13.068,104
13.097,105
13.121,112
13.132,108
13.092,111
13.051,99
13.083,101
13.061,102
13.043,104
13.051,99
13.047,105
13.036,102
13.04,103
9.782,109
9.794,105
9.796,113
9.904,115
9.937,110
9.89,111
9.915,111
9.919,112
9.905,108
9.959,109
9.912,110
9.915,111
9.908,109
9.922,113
9.895,105
9.883,109
9.944,112
9.929,115
9.843,112
9.929,115
9.879,115
9.929,115
9.849,114
9.922,113
9.869,112
9.887,110
9.847,106
9.866,104
9.852,100
9.852,100
9.884,102
9.881,101
9.866,104
9.83,101
9.755,94
9.712,96
9.671,92
9.63,94
9.608,95
9.604,94
9.589,97
9.596,99
9.593,98
9.55,100
9.581,102
9.581,102
9.592,105
9.592,105
9.592,105
9.588,104
9.588,104
9.571,99
9.636,103
9.588,104
9.606,102
9.575,100
9.585,103
9.595,106
9.578,101
9.585,103
9.56,103
9.585,103
9.56,103
9.568,98
9.605,109
9.678,108
9.746,106
9.739,104
9.753,108
9.77,113
9.718,105
9.726,100
9.685,103
9.681,102
9.681,102
9.681,102
9.664,104
9.688,104
9.656,109
9.685,103
12.856,93
12.898,105
12.93,107
12.95,113
12.971,119
13.028,121
13.084,129
13.138,130
13.192,131
13.232,135
13.303,134
13.279,128
13.306,135
