0.215,34

0.140,34

0.138,36

0.167,31
0.169,29
0.145,28
0.101,20
0.116,16
6.946,24
6.973,29
6.940,39
6.941,50
6.991,51
6.942,57
6.917,55
6.893,63
6.943,64
6.943,64
6.893,62
6.868,62
6.892,57
6.917,58
6.892,53
6.892,53
6.891,50
6.890,45
6.890,38
6.919,34
6.769,18
20.566,97
20.395,104
16.112,105
16.131,110
16.087,105
16.076,102
16.051,102
20.059,101
20.032,95
20.100,99
20.104,100
20.154,100
20.300,99
20.387,91
20.503,94
6.948,25
6.846,31
6.895,32
6.890,40
6.892,55
6.893,61
6.851,72
6.899,71
6.883,77
6.880,82
6.882,76
6.904,74
6.900,81
6.930,82
6.935,78
6.893,66
6.901,72
6.935,78
6.930,82
6.939,89
6.926,91
6.964,99
6.959,98
6.996,95
6.995,90
7.047,95
7.027,96
7.008,88
7.109,88
7.069,85
7.083,76
7.127,96
7.152,96
3.849,97
3.866,101
3.829,104
3.735,99
3.673,102
3.744,101
3.928,111
3.843,108
3.747,91
3.713,94
3.735,89
3.722,91
3.766,90
3.728,92
3.777,92
3.772,91
3.772,96
3.759,93
3.735,89
3.776,103
3.773,109
3.836,106
3.903,111
4.185,114
4.728,114
4.812,110
4.762,103
4.721,99
4.703,90
4.614,82
4.598,84
4.650,94
4.708,91
4.647,89
4.154,99
3.776,103
3.842,101
3.825,103
3.800,103
3.815,95
3.839,90
3.919,96
3.632,78
3.645,70
3.679,76
3.692,80
3.701,82
3.714,85
3.729,88
3.694,86
3.698,87
3.692,90
3.728,92
3.692,90
3.709,93
3.738,94
3.744,101
3.734,93
3.722,96
3.741,90
3.753,92
3.729,88
3.747,91
3.772,87
3.763,85
3.671,71
3.689,54
3.760,43
3.810,47
3.838,67
3.987,80
3.861,85
3.956,89
3.877,98
4.107,94
4.277,99
4.568,104
4.497,105
4.166,102
4.080,99
3.956,99
3.943,102
3.909,106
3.856,105
3.880,105
3.886,100
3.894,102
3.919,96
3.611,93
7.047,95
4.672,99
4.854,108
4.840,104
4.771,99
7.026,81
6.958,77
6.941,47
3.814,68
3.804,78
3.718,70
3.712,59
3.688,50
3.662,44
3.737,55
4.599,79
4.602,85
4.436,81
4.320,76
4.016,71
3.892,71
3.911,65
3.911,62
3.861,66
3.861,64
3.861,63
3.837,65
3.837,66
3.812,66
3.869,72
3.916,70
3.917,71
3.919,72
3.870,73
3.936,66
3.859,44
4.035,23
3.963,24
3.985,62
3.981,89
3.933,79
3.918,81
3.898,82
3.860,46
3.934,47
5.954,74
13.119,111
13.230,114
13.038,116
12.130,113
12.135,101
4.602,61
4.584,81
4.577,64
12.122,83
12.126,84
5.045,65
4.253,40
4.106,48
4.290,73
4.412,96
4.475,99
5.973,101
5.870,90
5.982,92
6.017,100
6.033,98
5.945,90
5.894,67
12.138,96
17.251,97
17.141,107
17.011,99
16.755,88
4.113,29
4.105,44
4.157,54
4.181,56
4.210,69
4.219,75
4.194,82
4.211,86
4.246,92
4.206,94
4.206,94
4.259,95
4.190,91
4.221,92
4.215,91
4.255,94
4.202,93
4.221,92
4.181,94
4.196,92
4.178,89
4.148,88
4.158,85
4.158,85
4.117,87
4.133,85
4.154,84
4.167,87
4.167,87
4.196,92
4.223,98
4.268,97
4.297,98
4.289,102
4.311,101
4.302,99
4.289,102
4.306,100
4.255,94
4.281,100
4.210,95
4.209,90
4.202,93
4.148,88
4.181,94
4.272,98
4.357,107
4.393,110
4.311,108
5.866,106
5.880,103
5.834,104
5.859,104
5.843,100
5.864,99
5.863,93
5.842,94
5.901,96
5.826,91
5.832,92
5.880,97
5.846,95
5.826,96
5.826,91
5.842,94
5.838,93
4.264,96
4.318,97
4.289,96
4.203,89
4.083,58
4.032,51
4.064,29
13.148,89
13.243,104
13.269,111
13.118,98
13.114,103
4.253,43
4.355,62
4.157,57
4.057,52
4.165,27
12.195,117
12.193,110
12.199,105
12.196,104
12.203,106
12.246,104
12.199,105
12.210,108
12.178,106
12.160,108
12.201,112
12.214,109
12.153,106
12.182,107
12.207,107
12.149,105
12.160,101
12.151,99
12.207,107
12.189,109
12.185,108
12.149,105
12.174,105
12.157,107
5.857,76
5.957,92
6.022,101
6.079,103
6.030,110
6.017,113
4.590,110
4.505,107
4.445,104
4.462,102
4.466,103
4.483,101
4.483,101
4.441,97
4.400,93
4.342,82
4.333,69
4.355,61
4.305,56
4.354,58
4.353,49
4.328,49
4.353,49
4.255,59
4.306,63
4.317,74
4.262,71
4.207,60
4.156,37
4.774,53
5.020,63
5.050,70
5.078,72
5.123,69
5.160,77
5.137,83
5.137,83
5.122,80
5.241,84
5.358,92
5.402,91
5.324,86
5.182,82
5.135,77
5.132,75
5.101,71
5.096,67
5.143,48
12.192,97
-99999999
12.082,90
12.097,78
4.309,24
3.966,28
4.061,32
4.058,54
4.158,63
4.164,71
4.164,71
4.161,69
4.158,66
4.158,64
4.132,57
4.157,55
4.132,54
4.107,59
4.108,61
3.994,73
3.938,80
3.955,93
3.949,92
3.915,86
3.956,89
3.910,94
3.963,95
3.949,92
4.042,91
4.125,78
4.010,66
4.062,69
4.133,63
3.996,74
4.031,79
4.067,72
4.134,67
4.182,62
4.230,50
4.230,47
4.179,43
4.130,39
4.105,45
4.082,46
4.107,56
4.083,58
4.107,58
4.107,58
4.106,51
4.160,33
12.155,113
12.183,114
12.283,114
12.280,113
12.216,116
12.187,115
12.218,110
12.217,103
13.315,110
3.885,22
3.810,48
3.860,59
3.861,65
3.842,70
3.790,69
3.869,72
3.869,72
3.900,76
3.888,80
3.875,76
3.878,78
3.923,82
3.977,78
3.911,63
3.908,38
3.984,55
3.972,75
3.926,88
3.932,89
3.911,85
3.913,80
3.932,84
3.936,85
3.940,86
3.956,84
3.915,86
3.938,90
3.938,90
3.943,91
3.987,90
4.062,95
4.058,94
3.980,93
3.976,98
3.972,97
3.931,93
4.086,90
4.196,92
4.255,94
4.196,92
4.221,92
4.178,89
4.100,83
4.081,79
4.145,82
4.158,85
4.154,89
4.196,92
4.167,87
4.222,88
4.178,89
4.178,89
4.173,88
4.197,88
4.190,91
4.184,90
4.240,91
4.228,89
4.196,92
4.222,88
4.162,86
4.167,87
4.276,93
4.281,100
4.330,100
4.284,95
4.309,95
4.270,92
4.244,82
4.241,73
4.212,70
4.204,79
4.342,97
4.342,103
4.353,106
4.272,104
4.141,102
4.089,101
4.024,92
4.116,96
4.054,93
3.980,93
3.943,91
3.960,85
3.968,96
3.968,102
3.968,96
3.938,90
3.923,82
3.886,66
3.794,27
12.032,80
12.108,114
13.954,108
6.183,104
4.668,83
4.647,89
4.640,92
4.623,89
4.617,88
4.594,83
4.589,82
4.663,82
4.633,81
4.629,80
4.633,81
4.693,83
4.643,83
4.629,80
4.619,78
4.632,70
4.651,64
5.983,88
6.163,89
6.064,79
6.187,93
5.907,76
12.042,103
11.997,104
12.018,103
12.068,110
12.287,128
13.721,112
13.667,104
12.037,115
12.049,118
11.897,104
11.800,105
11.804,106
11.822,98
11.927,99
11.910,86
3.909,37
3.860,57
3.911,64
3.894,72
3.918,81
3.956,84
3.936,85
3.969,87
3.938,80
3.985,85
4.017,81
4.066,81
4.061,80
4.170,75
4.144,74
4.196,76
4.197,77
4.186,86
4.203,89
4.255,94
4.181,94
4.154,89
4.167,87
4.105,79
3.991,71
3.919,72
3.923,75
3.960,85
3.911,85
3.964,86
3.900,76
3.943,72
3.963,69
4.059,62
4.158,63
4.158,64
4.232,63
4.279,46
12.128,119
11.844,110
11.872,104
11.836,101
12.019,110
3.739,34
3.762,54
3.787,62
3.763,65
3.839,80
3.868,81
3.914,69
5.952,87
5.968,85
12.295,88
11.773,78
11.705,94
3.662,38
3.713,60
3.927,98
3.889,95
5.858,88
5.852,87
5.898,101
5.901,96
5.876,91
5.847,86
5.894,67
16.870,108
17.088,94
17.552,88
16.870,101
16.853,110
16.842,107
16.778,110
16.629,110
16.734,105
16.963,106
17.076,103
17.055,98
17.033,105
16.902,103
16.625,109
16.695,108
16.720,101
16.416,100
15.840,99
15.584,77
15.738,105
15.752,96
15.749,101
5.917,56
5.908,88
5.913,93
3.958,106
3.952,111
3.932,112
3.856,105
3.849,97
5.904,74
5.841,50
15.011,88
14.934,82
15.009,103
3.718,25
3.711,50
3.713,65
3.676,74
3.682,78
3.710,84
3.701,82
3.701,82
3.657,83
3.723,87
3.672,81
3.690,85
3.692,80
3.676,74
3.667,68
3.590,54
3.516,53
3.566,63
3.589,47
3.416,37
3.519,32
3.460,21
12.113,102
3.468,23
3.525,72
3.636,99
3.677,103
3.712,106
3.663,106
3.727,110
3.780,111
3.635,93
4.561,87
3.476,73
3.430,75
3.471,86
3.471,86
3.440,79
3.443,61
3.442,55
3.418,65
3.405,82
3.414,84
3.400,81
3.385,83
3.361,78
3.336,78
3.385,78
3.481,92
3.591,85
3.471,86
3.450,96
3.430,97
3.488,99
3.407,92
3.500,102
3.519,107
3.405,103
6.914,84
6.947,86
6.982,92
6.888,93
6.895,90
6.885,78
6.843,66
6.892,59
6.843,61
6.844,67
6.893,64
6.935,78
6.949,71
6.879,74
6.852,87
6.839,99
6.843,100
6.838,93
6.792,94
6.713,93
6.656,92
6.651,87
6.663,89
6.657,88
6.646,86
6.664,79
6.650,72
6.668,67
6.642,61
6.692,56
6.716,51
6.742,55
6.665,52
6.692,58
6.696,69
6.752,73
6.760,78
6.735,83
6.739,89
6.758,88
6.776,91
6.746,95
6.763,93
6.755,97
6.823,101
6.782,92
6.767,94
6.767,94
6.789,99
6.788,93
6.780,97
6.780,97
6.751,96
6.755,97
6.717,94
6.734,98
6.675,96
6.641,94
6.582,88
6.621,86
6.621,86
6.625,91
6.675,91
6.707,92
6.746,95
6.742,94
6.798,101
6.805,97
6.846,95
6.823,101
6.839,99
6.889,99
6.948,101
6.976,102
7.015,99
6.880,82
6.821,69
6.821,69
6.870,80
6.857,76
6.889,84
6.893,85
6.889,89
6.877,87
6.901,96
6.901,91
6.908,88
6.943,85
6.900,81
6.920,80
6.930,75
6.902,73
6.854,74
6.833,77
6.832,92
6.843,100
6.821,95
6.780,97
6.809,98
6.759,98
6.746,95
6.768,100
6.801,91
6.739,89
6.795,90
6.768,85
6.768,85
6.758,88
6.743,85
6.808,77
6.804,74
6.768,66
6.718,61
6.742,55
6.692,57
6.693,60
6.685,83
6.708,88
6.669,80
6.650,72
6.639,79
6.659,78
6.674,81
6.708,88
6.671,86
6.693,85
6.702,87
6.710,83
6.668,67
6.643,34
15.916,79
15.915,99
15.940,99
6.741,50
6.717,56
6.743,63
6.746,69
6.743,66
6.693,62
6.715,43
6.491,22
16.070,90
6.593,23
6.591,54
6.642,65
6.651,73
6.650,72
6.659,78
6.690,79
6.701,91
6.738,93
6.697,86
6.739,84
6.695,80
6.740,79
6.760,78
6.772,86
6.772,86
6.808,88
6.797,86
6.705,75
6.743,66
6.720,80
6.788,93
6.814,89
6.743,85
6.833,88
6.788,93
6.817,94
6.855,97
6.859,98
6.868,100
6.859,98
6.864,99
6.764,89
6.843,100
6.860,111
6.876,102
6.830,97
6.707,92
6.696,95
6.651,87
6.642,66
6.567,65
6.606,76
6.592,85
6.592,85
6.596,86
6.546,86
6.594,90
6.613,89
6.557,88
6.571,86
6.539,79
6.609,78
6.614,79
6.584,83
6.650,96
6.637,93
6.529,82
6.594,90
6.606,92
6.534,83
6.532,77
6.520,69
6.440,52
6.594,33
6.639,42
6.642,61
6.702,73
6.669,80
6.629,82
6.592,85
6.569,80
6.624,81
6.607,77
6.598,71
6.598,71
6.541,59
6.490,50
6.490,51
6.490,46
6.591,57
6.606,76
6.584,83
6.554,82
6.567,85
6.529,82
6.528,74
6.490,51
16.301,87
16.280,103
16.298,101
6.589,43
6.565,49
6.566,56
6.573,71
6.551,73
6.531,76
6.551,87
6.551,87
6.551,87
6.550,91
6.513,89
6.492,85
6.488,84
6.494,80
6.514,79
6.519,80
6.522,70
6.567,61
6.544,33
16.423,115
16.541,113
16.510,118
16.423,115
16.320,107
16.312,105
16.287,93
16.378,97
16.380,92
16.450,109
16.393,107
16.375,109
16.408,111
16.353,103
16.378,103
16.364,106
16.357,98
16.355,92
16.362,99
16.382,98
16.341,94
16.403,103
16.385,105
16.382,104
16.366,100
16.529,110
16.382,104
16.333,104
16.309,104
16.327,109
16.396,101
16.516,100
16.909,105
16.460,105
16.316,106
16.329,103
16.320,107
16.347,108
16.325,102
16.325,102
16.371,108
16.375,109
20.512,102
20.581,90
20.587,91
20.550,89
20.691,97
20.345,104
20.087,96
20.203,94
17.929,111
17.853,98
17.774,103
17.874,103
18.004,111
17.849,103
17.803,104
17.821,109
17.958,112
17.908,112
17.903,104
17.917,101
17.790,95
17.785,106
17.774,103
17.835,106
17.601,92
17.085,89
17.305,98
17.781,105
17.875,110
17.998,116
17.064,113
16.992,107
16.949,109
17.559,112
17.636,94
16.873,91
16.835,93
16.909,105
16.888,106
16.931,104
16.906,104
16.945,108
16.938,106
16.961,112
16.959,105
16.917,107
16.881,104
16.859,105
16.868,95
17.101,97
17.133,105
16.984,105
17.073,122
20.620,104
17.881,105
17.839,107
17.835,106
17.762,100
17.839,107
17.903,98
17.878,104
17.921,109
17.928,104
17.899,97
17.886,94
17.853,98
17.939,107
18.020,109
18.006,105
17.985,106
17.946,109
17.494,108
17.439,113
17.364,113
17.510,112
17.604,111
5.900,27
5.941,52
5.977,73
5.955,82
5.964,99
6.001,102
5.946,95
5.951,102
5.959,104
5.959,104
5.976,102
5.926,102
5.943,100
5.942,94
5.946,95
5.939,89
5.945,90
5.945,90
5.975,81
5.992,55
17.574,103
17.570,102
17.583,99
17.774,103
17.460,99
17.476,103
17.492,95
17.540,107
17.530,111
17.667,108
20.169,88
20.243,92
20.306,90
20.232,95
20.257,95
20.162,91
20.218,92
20.182,95
20.225,99
20.237,96
20.241,97
20.266,97
20.274,93
20.256,90
20.232,95
20.207,95
20.218,92
20.228,94
20.228,94
20.332,95
20.275,89
20.244,88
17.553,98
17.554,104
17.551,110
17.568,108
20.137,96
20.062,91
20.112,96
20.216,103
20.331,90
20.324,93
20.199,93
20.043,92
20.082,95
17.381,111
17.341,107
17.925,110
17.867,101
17.840,114
17.774,103
17.529,98
17.128,92
17.155,104
6.044,33
5.992,55
5.994,67
5.980,75
5.958,77
5.977,87
5.943,85
5.964,84
5.964,89
5.988,93
5.982,92
5.996,95
5.973,101
5.959,98
5.947,86
6.016,56
20.376,41
20.310,71
20.211,81
18.012,113
17.889,107
17.881,105
17.892,108
17.599,97
17.867,101
17.587,100
17.700,110
17.912,113
17.912,113
17.783,112
17.717,101
17.817,101
17.782,93
17.786,94
17.774,97
17.804,111
17.892,108
17.770,96
17.774,97
17.767,101
17.774,103
17.808,99
17.899,97
17.892,108
17.849,103
17.957,93
18.912,95
19.107,94
13.230,95
13.302,100
13.357,108
13.381,108
13.471,93
13.306,86
13.460,109
13.372,112
13.319,111
13.358,115
13.354,107
13.568,111
13.547,112
13.485,109
13.488,103
13.456,108
13.526,113
13.442,98
17.941,86
17.876,92
17.862,100
17.942,101
18.077,104
18.066,101
18.016,101
18.030,105
17.939,107
17.931,105
17.870,91
17.829,83
17.829,83
17.924,103
17.931,105
17.942,108
17.867,108
17.770,96
17.806,105
17.914,107
17.942,108
17.910,106
17.935,106
18.008,112
17.975,110
18.000,110
17.989,107
17.985,106
18.020,109
17.996,109
17.917,108
17.960,106
17.935,106
17.903,104
17.787,100
17.742,101
17.715,95
17.670,91
17.674,82
17.702,88
17.803,98
17.892,108
18.000,110
18.024,110
19.700,105
17.871,109
17.958,112
17.864,107
17.883,112
17.928,104
17.889,107
17.878,104
17.914,107
17.928,104
17.971,109
17.867,108
17.804,111
17.881,105
17.745,96
17.924,103
17.970,102
17.890,95
17.811,94
17.777,88
17.776,92
17.828,104
17.867,108
17.864,107
17.908,112
17.900,110
17.917,108
18.045,109
18.053,111
17.928,104
17.853,98
17.690,95
17.812,113
17.900,110
17.935,106
17.874,103
17.867,101
13.531,108
3.736,50
3.752,76
3.755,83
3.755,83
3.783,89
3.735,84
3.767,86
3.772,87
3.767,86
3.763,85
3.740,80
3.804,83
3.755,83
3.759,84
3.701,82
3.777,88
3.763,85
3.770,81
3.802,77
3.809,79
3.801,76
3.799,75
3.777,77
3.789,80
3.779,83
3.740,80
3.731,83
3.783,84
3.745,81
3.735,84
3.759,84
3.759,84
3.759,84
3.763,85
3.759,84
3.799,82
3.750,82
3.772,87
3.739,85
3.767,86
3.783,84
3.827,77
3.910,22
13.420,105
13.476,85
3.710,40
3.713,65
3.750,82
3.767,86
3.729,88
3.766,90
3.766,90
3.759,93
3.722,91
3.743,86
3.753,92
3.766,90
3.743,86
3.748,87
3.739,85
3.767,86
3.718,86
3.755,83
3.804,78
3.812,65
3.786,36
17.447,102
17.352,110
17.294,108
17.333,105
17.347,102
17.351,97
17.292,95
17.298,87
17.331,83
17.271,81
17.343,86
17.316,80
17.354,77
3.668,24
3.763,35
3.738,35
3.735,41
3.710,45
3.785,50
3.761,48
3.711,52
3.735,44
3.662,39
3.710,38
3.664,22
3.984,22
3.740,16
17.743,71
3.731,21
17.814,80
3.939,31
3.834,44
3.837,60
3.766,69
3.779,78
3.765,80
3.750,82
3.745,81
3.760,79
3.740,80
3.787,85
3.745,81
3.755,83
3.767,86
3.754,88
3.789,90
3.763,85
3.766,90
3.741,90
3.760,79
3.721,72
3.762,55
3.763,63
3.752,76
3.759,93
3.734,93
3.763,94
3.753,92
3.759,93
3.763,94
3.694,86
3.759,84
3.721,72
3.711,49
3.811,55
3.838,67
3.861,65
3.860,54
3.818,28
13.767,111
13.794,105
13.795,84
13.920,99
13.802,95
13.770,93
13.770,93
13.791,98
13.811,97
13.770,93
13.753,95
13.736,82
13.776,90
13.819,105
13.738,110
13.752,107
13.749,94
13.707,115
13.757,115
13.725,113
13.702,107
13.759,109
13.788,110
13.821,112
13.755,108
13.724,94
13.725,85
13.750,113
13.738,110
13.796,112
13.803,114
13.780,108
13.890,104
13.817,111
13.819,105
13.891,111
3.904,21
3.908,42
3.959,55
3.936,61
3.914,69
3.922,74
3.932,84
3.913,80
3.903,83
3.942,81
3.911,85
3.943,91
3.955,93
3.938,90
3.959,94
3.963,95
3.923,97
3.980,93
3.976,98
3.980,93
3.963,95
3.935,94
3.943,91
3.963,95
3.923,82
3.888,80
3.840,69
3.812,63
3.860,53
3.860,54
3.837,62
3.845,72
3.873,82
3.915,86
3.911,85
3.920,87
3.894,91
3.903,83
3.883,79
3.898,82
3.911,85
3.932,89
3.910,94
3.906,93
3.925,92
3.913,90
3.907,89
3.910,94
3.885,94
3.910,94
3.925,92
3.882,89
3.900,92
3.876,88
3.870,87
3.901,88
3.898,82
3.898,75
3.886,64
3.959,53
4.014,30
13.828,114
13.825,113
13.902,114
13.847,106
13.844,118
13.786,116
13.844,118
13.817,111
13.836,116
13.840,117
13.828,114
13.825,113
13.873,119
13.851,107
13.866,111
13.858,109
13.828,114
13.966,111
4.063,30
3.960,61
3.926,77
3.932,84
3.932,89
3.964,86
4.018,96
3.964,86
3.968,91
3.981,89
3.968,91
3.956,84
3.977,83
3.987,90
3.974,92
4.005,93
3.981,99
3.901,88
3.939,95
3.888,90
3.868,81
3.971,74
3.960,64
3.982,42
3.966,28
13.794,105
13.805,108
13.846,112
13.897,106
13.926,107
13.901,107
13.791,98
13.727,90
13.737,97
13.775,100
13.802,95
13.788,92
9.006,86
9.132,86
9.238,87
9.324,105
9.209,108
13.755,108
13.762,97
13.823,106
13.775,113
13.742,111
13.738,110
13.576,100
13.584,102
13.549,106
13.495,105
13.514,110
3.691,23
3.714,34
3.710,44
3.784,42
3.786,54
3.861,60
3.861,62
3.861,64
3.861,60
3.912,67
3.861,66
3.916,70
3.869,72
3.812,66
3.810,48
13.820,89
9.326,112
9.267,110
9.030,90
4.014,30
4.010,62
3.987,80
4.010,85
3.969,87
3.964,86
3.956,89
4.013,95
4.022,97
3.984,94
4.013,95
3.980,93
3.999,92
4.030,99
3.997,97
4.009,94
4.009,94
3.975,88
3.964,86
4.000,77
3.972,75
3.919,72
3.960,60
3.910,55
3.959,59
3.985,63
3.966,71
3.972,75
4.014,86
3.993,91
4.005,93
3.993,102
4.010,100
4.022,97
3.993,96
3.993,96
3.987,90
3.993,91
3.944,87
3.968,91
3.989,86
4.067,91
3.994,87
3.999,92
4.005,93
3.993,91
3.985,85
3.972,82
3.962,68
4.173,77
5.047,80
5.028,72
4.996,60
4.850,23
13.929,101
14.057,109
14.088,117
14.001,107
13.949,113
13.828,114
13.794,118
13.811,116
13.803,114
13.840,117
13.844,118
13.848,119
13.840,117
13.809,109
13.836,103
13.870,84
5.092,45
5.069,56
5.070,61
5.095,63
5.045,65
5.037,78
5.062,78
5.095,85
5.122,90
5.099,86
5.104,87
5.103,96
5.057,97
5.070,100
5.048,95
5.078,91
5.078,91
5.128,91
5.094,94
5.084,92
5.047,90
5.066,89
5.066,89
5.049,86
5.087,83
5.117,79
5.145,85
5.160,88
5.106,74
5.095,66
5.100,70
5.100,70
5.119,55
10.362,107
10.335,100
10.230,93
10.217,81
4.106,51
10.236,67
4.082,37
4.161,24
4.016,19
4.066,26
3.904,21
4.085,23
3.963,31
3.914,31
3.962,32
4.238,19
3.987,17
14.250,80
14.337,92
14.385,97
14.237,92
14.211,110
4.924,13
4.724,36
4.796,39
4.846,45
4.772,44
4.773,48
4.822,48
4.846,44
4.846,40
4.774,36
14.150,107
14.123,113
14.086,110
14.057,109
14.046,106
14.044,99
14.090,83
3.959,55
4.024,76
4.024,76
4.019,73
4.021,74
4.026,78
4.010,85
4.019,87
4.073,92
4.062,95
4.039,101
4.075,98
3.993,91
4.054,93
4.037,95
4.071,97
4.232,100
4.598,99
4.820,99
4.486,91
4.327,89
4.252,93
4.241,87
4.022,75
4.000,77
4.024,77
4.074,88
4.063,86
4.060,67
4.056,45
4.058,54
4.019,73
4.051,83
4.009,94
4.071,97
4.025,98
4.018,96
4.034,100
4.022,97
4.080,99
4.036,90
3.987,90
4.018,96
4.029,93
4.087,95
4.092,91
4.092,91
4.107,94
4.116,96
4.157,94
4.141,96
4.098,92
4.116,96
4.161,95
4.166,96
4.161,95
4.158,100
4.149,98
4.161,95
4.132,94
4.154,99
4.161,95
4.149,98
4.174,98
4.133,100
4.158,100
4.170,103
4.187,101
4.161,95
4.138,101
4.138,101
4.156,106
4.180,106
4.129,99
4.133,100
4.163,101
4.170,103
4.145,97
4.161,95
4.122,92
4.063,86
4.141,91
4.099,88
4.129,89
4.080,89
4.108,85
4.135,90
4.129,89
4.154,84
4.099,77
4.136,69
4.107,56
4.082,48
13.895,112
13.784,109
13.742,111
13.738,110
13.825,113
14.030,115
14.292,118
14.424,120
14.529,115
14.503,108
14.435,103
14.178,101
14.103,101
14.085,103
14.082,109
14.090,111
14.053,108
14.092,105
14.065,111
14.098,113
14.115,111
14.189,104
14.400,107
14.369,112
14.134,116
14.084,116
14.105,115
14.130,115
14.098,113
14.103,108
14.198,100
14.125,107
14.026,114
14.023,113
14.050,107
14.040,111
14.061,110
14.098,113
14.167,118
14.130,115
13.891,111
13.805,108
13.769,118
13.807,115
13.832,115
13.865,117
13.732,115
4.056,45
4.059,63
4.070,74
3.974,76
3.913,68
3.917,71
3.861,65
3.911,63
3.960,62
3.935,53
3.959,58
3.937,67
3.972,82
3.989,86
3.997,97
3.997,97
3.980,93
4.042,91
4.058,94
3.969,87
4.010,85
4.010,85
4.002,83
4.019,87
4.022,82
4.000,77
4.011,67
3.984,58
3.957,41
3.937,23
13.635,109
13.659,102
13.576,100
13.489,110
13.453,107
13.410,109
13.522,112
13.676,113
13.850,113
13.931,115
14.036,110
14.073,113
14.261,110
14.248,113
14.239,104
14.200,90
14.069,99
14.021,106
14.031,102
14.251,114
14.107,109
14.111,110
14.069,112
14.284,116
14.361,110
14.215,111
14.125,107
14.085,103
14.025,90
14.042,105
13.970,112
13.877,114
13.842,111
13.821,112
13.807,115
13.811,116
13.972,106
13.961,97
14.281,102
14.076,95
13.683,115
13.778,114
13.882,102
13.908,109
10.197,103
10.356,112
10.340,108
10.331,99
10.285,100
10.388,114
10.446,116
10.508,119
10.312,107
10.342,115
10.444,122
10.515,121
10.400,117
13.918,118
13.918,118
13.952,114
14.059,116
14.023,113
13.666,117
13.631,101
13.681,108
14.018,105
14.175,107
14.123,113
14.076,114
14.073,113
14.012,110
13.696,112
13.672,112
13.832,115
13.914,117
13.986,97
14.364,98
14.510,97
14.567,93
14.131,102
14.023,100
14.359,116
13.885,116
13.748,106
13.732,115
13.676,113
13.518,111
13.493,111
13.422,112
13.447,112
13.470,105
13.572,112
13.660,109
13.660,109
13.819,118
13.828,114
13.787,103
13.851,107
13.844,118
13.752,107
13.782,115
13.736,116
13.709,109
13.703,114
13.683,115
13.662,116
13.618,111
13.672,112
13.674,106
13.642,104
13.600,94
13.298,99
13.692,111
13.771,112
13.834,109
13.801,120
13.755,108
13.813,110
13.877,114
13.910,116
13.874,113
13.885,116
13.889,117
13.939,117
13.929,121
13.869,118
13.935,116
13.854,108
13.850,113
13.771,112
13.654,114
13.649,106
13.792,111
13.750,113
13.800,113
13.862,110
13.809,109
13.713,110
13.740,117
13.736,116
13.728,114
13.794,105
14.031,102
13.940,104
13.809,109
13.775,113
13.817,111
13.802,107
13.899,113
13.916,111
13.836,116
10.664,121
10.591,115
13.830,108
13.753,114
13.807,115
13.851,107
14.036,110
14.080,115
14.067,118
13.924,113
13.912,110
14.018,118
14.012,110
13.985,116
13.970,112
14.142,118
16.859,118
16.761,112
14.111,123
16.853,110
16.803,110
16.765,113
16.801,116
16.868,114
16.982,111
16.917,107
17.085,112
14.192,118
14.224,120
14.209,116
14.322,126
14.249,120
14.207,122
14.157,122
14.159,116
14.184,116
14.146,119
14.176,114
11.331,106
11.588,128
11.478,112
11.443,116
11.362,108
11.378,99
6.943,85
7.018,94
7.052,96
7.021,90
7.064,93
7.068,94
7.097,95
7.089,93
7.039,93
7.031,97
7.074,101
11.317,109
11.260,107
11.299,104
11.288,101
11.295,103
11.291,96
11.335,95
11.377,93
11.384,90
11.382,100
6.868,100
11.308,100
11.324,104
11.315,96
11.434,107
11.428,112
11.367,122
14.163,117
14.161,123
9.086,102
14.119,112
14.292,118
14.336,123
14.278,121
14.265,124
17.696,122
17.114,113
17.041,107
17.665,114
16.968,114
9.025,42
8.927,35
17.733,112
17.319,108
18.045,109
18.109,106
18.127,104
14.918,112
14.945,119
8.900,52
8.908,71
8.974,79
8.919,78
8.923,84
8.876,85
8.929,90
8.904,90
8.910,91
8.964,97
8.973,99
8.939,97
8.980,95
8.910,96
8.961,87
8.967,88
8.944,83
8.948,89
8.926,94
8.941,92
8.939,97
8.929,90
8.941,92
9.112,109
9.111,102
11.319,97
9.248,118
9.163,122
9.186,115
11.310,107
11.366,109
7.195,120
7.169,113
7.069,100
7.043,94
7.044,85
7.005,82
6.975,81
7.090,99
7.124,101
7.109,88
7.071,90
7.093,94
6.989,89
6.952,87
6.958,88
6.910,83
6.943,85
6.918,85
6.893,85
6.970,90
6.982,92
7.077,91
7.002,87
7.027,91
6.970,90
6.970,90
7.047,95
7.138,105
7.353,102
9.024,89
9.023,93
9.033,101
9.010,96
9.005,95
9.023,93
9.001,94
8.985,91
9.018,98
9.005,95
9.069,98
7.394,94
7.147,95
7.213,105
7.238,118
7.350,121
7.371,120
7.379,122
7.352,115
7.256,97
7.153,87
7.161,78
7.159,88
7.189,93
7.143,94
7.160,98
7.156,97
7.164,93
7.321,107
7.361,104
7.274,101
7.236,83
7.293,94
7.322,95
7.271,90
7.228,87
7.302,96
7.397,107
7.493,119
7.516,125
0.569,25
0.557,21
0.511,39
0.388,59
0.439,65
0.489,63
0.389,61
0.464,65
0.416,68
0.417,69
0.441,68
0.431,78
0.448,73
0.456,78
0.451,75
0.473,73
0.475,74
0.503,76
0.522,72
0.476,75
0.475,74
0.473,73
0.491,80
0.521,81
0.478,76
0.479,77
0.486,79
0.518,86
0.481,83
0.464,85
0.514,85
0.510,89
0.518,86
0.476,82
0.486,79
0.531,78
0.526,75
0.561,79
0.536,79
0.521,81
0.531,78
0.473,73
0.473,73
0.522,72
0.539,65
0.541,68
0.541,68
0.614,65
0.566,68
0.567,69
0.469,70
0.504,77
0.573,73
0.520,71
0.548,73
0.575,74
0.523,73
0.614,66
0.564,62
0.662,46
0.661,45
0.589,35
0.611,42
0.669,70
0.709,93
0.747,102
0.769,108
0.751,103
0.747,102
0.629,77
0.628,76
0.646,81
0.653,76
0.629,77
0.651,75
0.636,79
0.631,78
0.676,75
0.625,74
0.661,79
0.675,74
0.625,74
0.623,73
0.647,72
0.644,70
0.615,67
0.640,67
0.648,73
0.676,82
0.629,77
0.656,83
0.661,79
0.691,80
0.676,75
0.603,76
0.639,66
0.616,68
0.640,67
0.666,68
0.664,64
0.715,67
0.690,67
0.665,67
0.675,74
0.726,82
0.766,90
0.767,95
0.839,100
0.794,101
0.780,104
0.889,113
0.839,113
0.864,113
0.773,109
0.783,105
0.810,99
0.734,93
0.747,96
0.747,96
0.697,91
0.753,92
0.760,89
0.780,98
3.673,96
3.660,93
3.686,89
3.619,86
3.630,88
3.668,95
3.677,97
3.648,96
3.690,100
3.703,92
3.709,93
0.947,102
0.927,110
0.931,111
0.964,113
0.877,110
0.844,101
0.817,95
0.797,91
0.779,88
0.703,76
0.729,77
0.731,78
0.686,79
0.689,85
0.735,84
0.706,83
0.718,86
0.685,84
0.743,86
0.731,78
0.766,80
0.744,70
0.717,69
0.689,62
0.714,64
0.664,62
0.714,65
0.720,71
0.747,72
0.751,82
0.746,81
0.729,77
0.751,82
0.696,81
0.686,79
0.716,80
0.691,80
0.679,77
0.726,75
0.729,77
0.679,77
0.706,83
0.681,83
0.696,81
0.706,83
0.679,77
0.719,70
0.714,66
0.764,61
0.713,55
0.687,48
0.661,42
0.686,44
0.662,47
0.661,44
0.663,57
0.664,66
0.719,70
0.773,73
0.741,80
2.514,76
2.402,71
2.408,74
2.350,71
2.336,78
2.353,73
2.404,72
2.375,70
2.398,68
2.344,65
2.428,71
2.500,67
2.447,65
2.371,67
2.349,70
2.344,66
2.347,69
2.414,78
3.531,88
0.560,99
0.642,114
0.669,108
0.619,108
0.666,107
0.644,101
0.647,102
0.605,98
0.651,103
0.676,103
0.676,103
0.697,102
0.697,102
0.730,104
0.722,96
0.614,85
0.600,74
0.564,63
0.538,55
0.488,53
0.512,52
0.487,51
0.463,54
0.563,59
0.489,62
0.489,60
0.489,60
0.514,60
0.464,60
0.514,63
0.514,66
0.514,63
0.514,63
0.464,62
0.489,62
0.489,65
0.464,63
0.464,65
0.489,62
0.489,65
0.464,60
0.514,65
0.464,65
0.464,64
0.514,64
0.514,63
0.464,60
0.464,63
0.514,60
0.464,64
0.488,58
0.463,59
0.514,61
0.516,68
0.464,64
0.514,60
0.463,59
0.463,59
0.514,60
0.489,60
0.514,61
0.488,58
0.489,66
0.514,60
0.513,57
0.489,62
0.503,76
0.560,84
0.510,84
0.529,77
0.564,65
0.564,66
0.564,66
0.522,72
0.544,70
0.536,79
0.486,79
0.531,78
0.479,77
0.504,77
0.479,77
0.578,76
0.529,77
0.523,73
0.541,68
0.519,70
0.520,71
0.569,70
0.540,67
0.567,69
0.591,68
0.564,66
0.514,63
0.581,78
0.610,89
0.554,77
0.614,63
2.838,64
3.097,60
3.229,73
3.315,84
3.232,82
3.249,86
3.186,88
3.167,89
3.105,91
2.926,87
2.678,84
2.547,84
0.698,87
0.597,91
0.591,90
0.585,89
0.629,88
0.618,86
0.610,84
0.596,81
0.579,77
0.570,71
0.591,68
0.539,64
0.564,65
0.614,66
0.589,65
0.566,68
0.616,68
0.603,76
0.586,79
0.611,79
0.614,85
0.614,85
0.556,83
0.568,86
0.585,89
0.568,86
0.573,87
0.573,87
0.560,84
0.571,81
0.551,82
0.529,77
0.572,72
0.572,72
0.514,66
0.564,63
0.513,58
0.563,58
0.588,58
0.612,51
0.621,81
0.697,91
0.772,96
0.722,91
0.678,76
0.689,65
0.638,59
0.690,67
0.756,83
0.841,90
0.785,89
0.718,86
0.891,90
0.816,90
0.710,89
0.809,93
0.759,93
0.759,93
0.776,97
0.667,95
0.772,96
0.747,96
0.776,97
0.784,93
0.691,90
0.714,85
0.696,81
0.696,81
0.710,84
0.664,85
0.697,91
0.709,93
0.697,91
0.713,94
0.703,92
0.709,93
0.728,92
0.709,93
0.722,91
0.660,84
0.723,87
0.718,86
0.718,86
0.739,85
0.746,81
0.704,77
0.706,78
0.754,77
0.781,78
0.754,77
0.723,73
0.720,71
0.719,70
0.715,67
0.714,62
0.739,61
0.726,75
0.728,76
0.728,76
0.770,71
2.499,66
2.460,75
2.488,76
2.482,72
2.459,74
2.200,75
1.754,69
1.548,67
1.301,72
0.997,72
0.847,72
0.853,76
0.821,81
0.851,82
0.826,82
0.778,76
0.828,76
0.822,72
0.848,73
0.795,71
0.820,71
0.848,73
0.826,75
0.825,74
0.829,77
0.776,75
0.841,80
0.846,81
0.821,81
0.786,79
0.841,80
0.831,78
0.853,76
0.872,72
0.914,64
0.888,58
1.115,54
2.240,62
2.188,60
2.239,58
2.266,65
2.251,74
2.137,80
2.001,89
1.978,94
1.923,93
2.190,90
3.689,94
2.388,78
2.347,69
2.344,64
2.375,70
2.360,77
2.392,84
3.660,93
3.665,100
3.726,103
3.730,104
2.074,104
1.981,107
1.883,108
1.871,105
1.897,105
1.806,101
1.788,97
1.852,100
1.852,100
1.792,98
1.792,98
1.797,99
1.832,101
1.852,100
1.823,99
1.899,99
1.848,99
2.005,100
3.673,96
3.642,90
3.612,89
3.575,87
3.606,88
3.543,90
3.397,86
2.880,88
2.430,81
2.350,71
2.301,73
2.301,73
2.220,71
2.089,71
2.037,71
1.988,73
1.941,75
1.779,69
1.766,77
1.702,68
1.734,73
1.651,68
1.679,70
1.683,73
1.700,66
1.705,70
1.702,68
1.728,69
1.760,73
1.912,73
2.046,76
2.148,75
2.228,76
2.255,77
2.278,82
2.388,83
0.881,83
0.856,78
0.811,79
0.876,75
0.819,70
0.847,72
0.800,74
0.853,76
0.879,77
0.851,82
0.918,86
2.377,81
2.357,82
2.383,82
2.362,83
2.366,84
2.374,86
2.396,85
2.340,84
2.377,81
2.360,77
2.357,75
2.350,71
2.402,71
2.393,79
2.372,80
0.841,80
0.836,79
0.840,67
0.816,68
0.792,69
0.773,73
0.823,73
0.800,74
0.825,74
0.822,72
0.795,71
0.792,69
0.839,66
0.789,63
0.813,57
0.813,59
0.815,67
2.241,67
2.327,73
2.347,69
2.379,73
0.879,77
0.829,77
0.936,79
0.831,78
0.906,78
0.861,79
0.946,81
0.893,86
0.861,79
0.960,84
0.841,80
0.866,80
0.956,83
0.886,79
0.946,81
2.336,83
2.294,80
2.304,82
2.336,83
2.273,81
2.362,78
2.383,82
2.388,78
2.403,81
2.351,81
2.315,79
0.841,80
0.856,78
0.825,74
0.800,74
0.791,68
0.815,67
0.747,72
0.804,77
0.800,74
0.776,75
0.801,75
0.797,72
0.773,73
0.773,73
0.797,72
0.775,74
0.791,68
0.816,68
0.792,69
0.764,66
0.767,69
0.789,63
0.764,66
0.814,66
0.764,64
0.739,63
0.788,58
0.763,59
0.739,62
0.714,60
0.763,57
0.738,55
0.763,59
0.713,56
0.713,54
0.713,55
0.714,61
0.763,59
0.764,64
0.764,62
0.789,64
0.839,66
0.741,68
0.717,69
0.820,71
0.819,70
0.775,74
0.801,75
0.751,75
0.778,76
0.775,74
0.779,77
0.801,75
0.722,72
0.776,75
0.776,75
0.772,72
0.739,65
0.789,66
0.770,71
0.764,64
0.738,59
0.712,50
0.762,46
0.662,50
0.613,55
0.688,59
0.714,64
0.694,70
0.717,69
0.714,65
0.714,62
0.689,64
0.764,61
0.766,68
0.739,64
0.764,66
0.829,77
0.871,81
2.169,81
0.904,88
2.222,91
0.873,87
0.868,86
0.810,84
0.831,78
0.773,73
0.776,75
0.751,75
0.746,81
0.801,82
0.729,77
0.741,80
0.764,85
0.736,79
0.746,81
0.781,83
0.741,80
0.801,82
0.800,74
0.781,78
0.786,79
0.775,74
0.803,76
0.797,72
0.795,71
0.770,71
0.751,75
0.772,72
0.773,73
0.725,74
0.722,72
0.723,73
0.692,69
0.664,66
0.667,69
0.664,66
0.714,65
0.742,69
0.822,72
0.978,76
1.740,77
1.864,75
1.937,72
1.731,71
1.395,63
1.140,59
1.089,53
1.063,49
1.114,47
1.315,45
1.213,45
1.392,50
1.494,52
1.621,49
1.826,59
1.903,61
1.957,69
1.934,70
1.984,70
1.991,75
1.960,71
1.935,71
1.965,74
1.984,70
2.043,74
2.122,75
2.197,73
2.307,77
2.385,76
2.560,72
2.671,77
2.741,81
2.700,78
2.566,76
2.333,76
2.167,70
2.271,70
2.246,71
2.326,72
2.300,72
2.294,68
2.297,70
2.300,72
2.353,73
2.283,78
2.196,72
2.092,72
1.985,71
1.730,70
1.677,69
1.628,70
1.572,66
1.599,67
1.525,69
1.576,69
1.582,73
1.601,69
1.581,72
1.636,75
1.582,73
1.581,72
1.581,72
1.558,74
1.585,75
1.590,78
1.587,76
1.590,78
1.587,76
1.588,77
1.609,74
1.584,74
1.576,69
1.547,66
1.598,64
1.572,60
1.673,59
1.800,58
1.776,65
1.750,66
1.776,66
1.806,70
1.730,70
1.706,71
1.629,71
1.623,66
1.548,67
1.584,74
1.576,69
1.625,68
1.550,69
1.601,69
1.549,68
1.601,69
1.581,72
1.584,74
1.604,71
1.612,76
1.582,73
1.564,78
1.590,78
1.558,74
1.582,73
1.582,73
1.576,69
1.623,65
1.575,68
1.572,64
1.599,67
1.572,63
1.623,66
1.598,64
1.598,66
1.572,64
1.599,67
1.623,66
1.600,68
1.624,67
1.573,67
1.598,65
1.573,67
1.572,64
1.572,65
1.598,65
1.597,59
1.598,64
1.598,66
1.572,60
1.623,63
1.597,58
1.623,63
1.700,62
1.725,65
1.649,65
1.598,65
1.600,68
1.573,67
1.572,66
1.599,67
1.572,66
1.575,68
1.600,68
1.600,68
1.550,69
1.556,73
1.584,74
1.579,71
1.553,71
1.579,71
1.576,69
1.579,71
1.606,72
1.579,71
1.548,67
1.573,67
1.573,67
1.598,62
1.572,61
1.547,63
1.572,64
1.572,62
1.623,60
1.598,63
1.649,63
1.649,61
1.648,56
1.674,60
1.699,54
1.851,55
1.926,47
2.055,47
2.237,44
2.316,46
2.368,48
2.394,51
2.342,50
2.368,49
2.290,50
2.264,50
2.289,42
2.264,51
2.264,46
2.080,40
1.952,37
1.595,41
1.569,45
1.469,48
1.521,55
1.496,62
1.501,70
1.556,73
1.528,71
1.530,72
1.556,73
1.536,76
1.584,74
1.528,71
1.564,78
1.582,73
1.556,73
1.579,71
1.579,71
1.576,69
1.553,71
1.601,69
1.632,73
1.603,70
1.601,69
1.573,67
1.547,65
1.522,64
1.547,66
1.575,68
1.552,70
1.553,71
1.555,72
1.552,70
1.530,72
1.575,68
1.523,67
1.572,66
1.601,69
1.575,68
1.623,66
1.781,70
2.085,68
2.248,72
2.398,68
2.402,71
2.423,67
2.447,66
2.503,69
2.499,65
2.499,66
2.447,62
2.473,66
2.499,65
2.499,66
2.499,60
2.524,59
2.552,60
2.551,54
2.549,48
2.548,43
2.548,39
2.525,35
2.474,23
19.554,79
19.562,70
19.663,71
19.582,66
19.484,68
19.590,91
19.524,83
19.569,82
21.851,46
22.002,56
2.396,35
2.393,41
2.316,49
2.395,53
2.394,52
2.395,56
2.369,54
2.420,49
2.470,45
2.470,44
2.522,41
2.527,34
2.554,33
2.506,28
2.449,17
22.106,86
22.109,81
22.149,79
22.241,76
22.804,69
22.336,73
23.175,62
22.289,75
23.300,64
21.886,72
22.603,68
19.548,98
19.441,87
20.362,91
20.246,83
20.512,96
21.978,62
22.180,69
22.077,60
21.978,61
21.503,66
21.451,52
21.577,58
21.826,52
21.392,76
22.327,65
22.002,57
21.926,48
22.026,54
22.026,58
21.181,31
21.252,36



21.151,42
21.079,60

22.032,29
22.074,43



19.506,58
21.926,52
19.454,79
19.491,87
19.459,80
19.472,88
19.384,80
19.340,81
19.323,88
19.330,79
19.347,88
19.320,97
19.336,95
19.371,92
19.366,87
19.396,92
19.285,90
19.279,89
19.267,87
2.610,19
2.799,20
2.631,23
2.661,29
2.607,31
2.602,37
2.631,34
2.578,35
2.653,39
2.659,31
2.736,15
19.285,90
19.361,86
19.464,81
19.342,87
19.322,92
19.353,89
19.491,87
19.590,91
19.619,82
19.640,72
19.735,86
19.720,76
19.723,83
19.815,87
19.796,88
19.808,90
19.743,82
21.411,72
21.314,74
21.734,71
21.814,74
21.924,84
22.163,74
21.903,66
22.002,56
21.901,47
21.231,69
21.277,55
22.049,43
21.901,48
21.978,63
22.076,55
22.376,54
22.435,73
22.459,72
19.599,78
19.649,78
19.669,82
19.636,86
19.597,77
19.582,66
19.590,72
19.614,81
19.546,76
19.457,66
22.075,37
22.151,56
22.176,56
22.176,55
22.151,53
22.126,54
22.124,43
22.099,45
22.051,54
22.124,39
22.074,40


21.956,31
21.977,54
21.926,46
19.454,42
19.456,57
19.458,67
19.410,69
19.446,76
19.418,74
19.437,70
19.440,72
19.441,73
19.440,72
19.459,80
19.431,58
19.456,59
19.481,53
19.481,53
19.532,61
19.640,72
19.632,61
19.879,48
21.975,40




19.406,59
22.000,39
19.580,47
19.591,73
19.585,69
19.616,73
19.608,67
19.634,68
19.480,49

19.830,57
19.831,62
19.865,73
19.912,71
19.806,63
19.743,75
19.753,79
19.820,76
19.915,87
21.650,41
19.753,42
19.705,57
19.739,72
19.765,73
19.742,74
19.443,74
19.338,70
19.962,81
19.984,86
19.921,77
19.591,87
19.205,79
19.714,91
19.632,85
19.541,73
19.969,76
19.970,92
20.062,96
20.324,93
20.194,88
20.062,91
19.544,75
19.723,83
19.574,83
19.597,88
19.315,81
19.290,81
21.878,65
19.878,79
19.980,85
19.391,87
19.602,93
19.414,81
19.727,89
19.967,82
19.890,87
19.870,92
19.718,82
19.833,90
19.860,86
20.024,93
20.054,100
19.790,87
19.574,83
19.629,79
19.582,85
19.582,85
19.815,87
20.021,83
19.960,70
19.882,67
19.836,70
19.830,58
19.855,58
19.880,57
19.856,66
19.858,68
19.836,70
19.842,74
21.876,52
19.333,85
20.371,83
20.381,80
19.499,83
19.676,93
19.509,90
19.346,92
19.257,58
19.220,75
19.317,73
19.337,86
19.313,70
19.359,80
19.349,83
19.347,77
19.313,70
19.341,72
19.343,74
19.286,69
19.261,69
19.295,82
19.359,90
19.310,80
19.280,79
19.298,77
19.320,82
19.288,70
19.305,79
19.397,88
19.315,81
2.299,26
2.399,31
2.403,26
2.367,38
2.393,43
2.393,41
2.393,43
2.341,38
2.371,34
2.449,32
2.427,29
19.730,59
19.780,59
19.830,54
19.630,49
19.554,42
20.377,49
19.704,51
20.253,55
20.128,57
20.104,60
19.829,48
19.679,46
19.607,64
19.582,85
19.672,88
19.708,90
19.726,93
19.720,92
19.734,95
19.730,94
19.697,98
19.612,70
19.704,49
19.755,94
19.781,85
19.369,82
19.952,79
19.867,74
2.548,39
2.498,53
2.447,61
2.447,63
2.447,60
2.552,61
2.500,67
2.552,65
2.567,77
2.566,76
2.593,77
2.561,73
2.553,67
2.606,68
2.580,68
2.552,64
2.604,60
2.525,62
2.552,63
2.552,60
2.525,60
2.551,56
2.551,53
2.523,52
2.549,47
2.576,51
2.603,53
2.577,57
2.577,59
2.552,64
2.578,64
2.500,67
2.525,65
2.525,65
2.501,68
2.553,67
2.525,64
2.499,60
2.499,62
2.604,63
2.525,64
2.525,60
2.552,63
2.552,62
2.551,58
2.577,55
2.603,54
2.551,59
2.552,62
2.555,69
2.606,68
2.604,66
2.580,68
2.581,69
2.609,70
2.578,66
2.656,65
2.551,54
2.576,47
2.574,38
2.601,40
2.603,36
2.658,33
2.607,31
2.633,24
2.657,23
2.747,20
2.842,24
2.636,19
2.590,20
2.475,15
20.177,47
2.735,18
20.028,58
2.851,20
2.580,17
2.711,24
20.029,60
2.681,22
2.655,22
2.610,28
2.610,28
2.607,31
2.601,40
2.523,46
2.551,55
2.498,55
2.499,60
2.552,60
2.604,64
2.577,58
2.603,57
2.603,53
2.628,48
2.627,41
2.707,36
2.657,23
2.609,25
2.630,35
2.496,39
2.653,44
2.577,54
2.629,59
2.603,58
2.552,62
2.583,70
2.612,72
2.584,71
2.589,74
2.612,72
2.592,76
2.589,74
2.587,73
2.610,71
2.589,74
2.587,73
2.553,67
2.498,59
2.524,59
2.472,55
2.471,49
2.523,47
2.522,43
2.603,36
2.603,36
2.663,26
2.531,25
2.504,30
2.607,24
2.701,21
20.868,76
20.593,76
20.029,85
19.818,82
19.771,88
19.751,93
19.801,93
19.883,90
19.858,90
19.714,91
20.251,79
20.857,69
20.984,70
20.791,75
20.991,82
21.403,66
21.803,63
21.250,41
22.074,41
22.227,64
22.174,42
19.928,47
21.927,54
22.125,49
19.930,61
20.085,71
20.030,67
19.978,52
20.053,58
20.029,61
19.978,50
19.953,46
19.978,46
19.929,22

19.729,37
19.853,40
19.928,52
20.026,44
20.076,42
19.883,68
20.340,74
20.594,77
20.077,51
19.880,58
2.492,21
2.506,28
2.608,30
2.653,38
2.627,45
2.549,52
2.602,51
2.603,53
2.551,59
2.602,52
2.602,49
2.549,48
2.470,45
2.548,45
2.548,41
2.498,53
2.498,56
2.551,56
2.498,57
2.446,57
2.499,61
2.498,58
2.525,61
2.499,62
2.524,59
2.499,62
2.498,56
2.498,56
2.497,52
2.497,51
2.523,47
2.496,43
2.496,39
2.496,39
2.548,39
2.470,40
2.444,42
2.471,49
2.445,50
2.445,51
2.445,47
2.497,49
2.548,44
2.601,42
2.602,52
2.497,51
2.602,52
2.601,40
2.580,33
20.735,71
20.880,67
21.264,74
2.688,28
2.679,40
2.680,51
2.603,57
2.603,58
2.603,59
2.604,60
2.630,62
2.578,66
2.577,58
2.604,65
2.578,62
2.604,65
2.604,66
2.604,65
2.661,70
2.656,66
2.656,66
2.580,68
2.641,74
2.604,65
2.630,66
2.605,67
2.604,64
2.609,70
2.604,63
2.656,60
2.603,53
2.574,43
2.574,39
2.503,24
19.952,43
19.908,68
19.613,71
19.662,70
19.596,76
19.521,76
19.743,75
19.814,72
19.781,66
19.730,53
21.275,44

21.621,21
21.876,37
21.875,42
2.892,18
2.805,21
2.918,34
2.943,35
2.941,46
2.862,48
2.863,53
2.811,55
2.864,60
2.863,57
2.863,58
2.916,57
2.917,63
2.917,60
2.918,67
2.894,69
2.925,72
2.920,69
2.928,74
2.932,77
2.882,78
2.913,79
2.906,77
2.876,74
2.928,74
2.874,73
2.865,67
2.864,64
2.863,58
2.916,56
2.941,50
2.993,47
2.967,48
2.915,52
2.915,50
2.941,49
2.968,53
2.968,58
2.995,64
3.021,62
2.972,69
2.997,68
2.997,68
3.029,72
2.983,76
2.934,78
2.903,82
2.882,78
2.867,80
2.848,87
2.860,84
2.869,86
2.861,79
2.835,79
2.867,80
2.827,76
2.877,75
2.879,76
2.830,78
2.882,78
2.877,75
2.822,73
2.877,75
2.850,74
2.824,74
2.874,73
2.844,70
2.842,69
2.867,68
2.871,71
2.891,66
2.948,70
2.948,70
2.969,64
2.994,59
2.993,50
3.074,33
3.320,18
19.980,66
20.179,66
20.404,63
19.731,63
19.777,84
19.834,95
19.820,92
19.708,80
19.708,68
19.682,67
19.717,74
19.944,76
20.362,72
20.666,75
20.704,64
20.629,64
20.902,52
2.896,29
2.916,36
2.862,50
2.838,65
2.822,73
2.791,70
2.818,70
2.819,71
2.870,70
2.847,72
2.897,71
2.868,69
2.874,73
2.926,73
2.917,65
2.788,68
2.787,67
2.864,61
2.864,61
2.865,67
2.971,68
2.892,67
2.918,67
2.889,55
2.864,60
2.917,60
3.020,58
2.969,60
3.047,64
2.995,63
2.969,60
2.863,54
2.680,52
2.707,53
2.786,66
2.788,68
2.708,63
2.681,58
2.759,55
2.811,57
2.837,57
2.889,59
2.759,57
2.707,57
2.759,58
2.707,56
2.838,62
2.864,63
2.844,70
2.893,68
2.892,67
2.969,65
2.918,67
2.943,64
2.923,71
2.952,73
2.978,73
2.997,68
2.969,66
2.969,61
2.942,59
2.916,59
2.917,63
2.970,67
2.969,65
2.917,63
2.942,54
2.862,50
2.862,47
2.810,48
2.810,48
2.836,49
2.862,50
2.837,56
2.837,54
2.812,60
2.812,62
2.865,67
2.813,67
2.786,65
2.814,68
2.791,70
2.766,71
2.772,74
2.743,73
2.772,74
2.846,81
2.821,72
2.789,69
2.796,73
2.742,72
2.633,69
2.587,73
2.661,70
2.775,76
2.821,72
2.877,75
2.879,76
2.848,73
2.815,69
2.812,60
2.862,52
2.915,47
2.994,56
3.020,56
2.943,65
2.969,64
3.001,71
2.974,70
2.995,66
2.943,64
2.969,64
2.942,55
2.968,59
2.994,59
3.046,59
3.048,67
3.026,70
3.036,76
2.926,73
2.970,67
2.838,64
2.682,60
2.524,59
2.472,55
2.498,55
2.497,50
2.498,55
2.629,56
2.681,55
2.655,58
2.864,65
3.003,72
3.029,72
2.974,70
2.974,70
2.920,69
2.920,69
2.978,73
2.977,72
2.954,74
2.975,71
2.977,72
2.949,71
2.969,62
2.917,65
2.917,63
2.942,59
2.969,63
2.949,71
2.922,70
2.923,71
2.928,74
2.926,73
2.877,75
2.877,75
2.870,70
2.814,68
2.734,66
2.656,62
2.604,60
2.604,62
2.525,63
2.552,62
2.551,59
-99999999
2.499,61
2.552,64
2.552,60
2.524,59
2.499,60
2.549,52
2.653,45
2.680,47
2.679,45
2.653,41
2.705,45
2.705,45
2.758,50
2.888,49
2.916,54
2.993,52
2.915,48
2.888,50
2.810,47
2.680,47
2.654,51
2.654,47
2.707,57
2.682,62
2.656,66
2.632,68
2.607,69
2.604,64
2.604,65
2.578,64
2.578,60
2.629,56
2.551,59
2.577,57
2.629,59
2.603,59
2.656,63
2.708,63
2.814,68
2.871,71
2.873,72
2.856,78
2.824,74
2.824,74
2.752,83
2.693,74
2.641,74
2.670,76
2.589,74
2.584,71
2.554,68
2.557,70
2.555,69
2.501,68
2.580,68
2.557,70
2.537,74
2.609,70
2.563,74
2.644,76
2.731,79
2.778,78
2.752,78
2.767,81
2.700,78
2.724,77
2.724,77
2.710,80
2.616,75
2.615,74
2.615,74
2.618,76
2.664,72
2.613,73
2.636,71
2.638,72
2.615,74
2.665,73
2.682,65
2.760,66
2.811,57
2.706,47
2.548,43
2.602,52
2.655,56
2.578,61
2.603,54
2.604,60
2.604,61
2.604,65
2.604,63
2.604,63
2.578,60
2.604,63
2.578,61
2.577,59
2.603,59
2.604,63
2.603,57
2.578,60
2.577,56
2.552,63
2.603,59
2.577,57
2.578,61
2.551,56
2.551,57
2.602,52
2.602,52
2.549,51
2.551,54
2.577,53
2.551,53
2.551,58
2.524,56
2.604,60
2.551,59
2.552,63
2.578,63
2.578,63
2.552,61
2.604,61
2.577,59
2.552,63
2.603,57
2.551,58
2.577,56
2.603,57
2.551,56
2.602,52
2.523,49
2.601,45
2.601,42
2.601,40
2.604,35
2.637,27
23.342,83
22.837,74
23.157,81
23.240,77
23.364,76
23.442,78
21.653,66
21.880,68
22.878,68
21.979,67
23.025,66
22.776,62
23.628,69
22.437,74
18.120,87
18.294,96
18.327,98
18.323,97
18.257,89
18.226,88
18.307,89
18.335,94
18.281,93
18.281,93
18.244,96
18.115,86
22.685,73
22.432,71
22.066,76
22.059,81
22.042,77
21.803,60
23.297,45
23.475,63
23.580,70
22.116,92
20.953,94
20.907,95
22.891,77
23.275,85
22.547,89
22.772,84
20.800,89
20.791,82
21.000,89
19.868,97
19.735,86
19.863,81
20.876,79
21.467,76
21.536,72
21.577,56
21.377,56
22.026,56
21.828,64
21.352,59
21.652,58
21.605,68
21.603,63
21.240,75
21.175,89
3.128,26
3.168,42
3.096,58
3.121,64
3.072,66
3.024,69
2.944,67
2.972,69
2.945,68
3.003,72
3.059,75
3.055,72
2.969,66
2.812,66
1.699,56
1.724,54
1.673,53
1.723,52
1.723,48
1.773,41
1.728,24
19.991,74
19.927,84
1.956,13
1.879,23
1.725,35
1.774,37
1.824,41
1.850,47
1.824,45
1.826,53
1.825,49
1.826,54
1.850,52
1.877,58
1.851,57
1.878,60
1.852,60
1.852,62
1.878,65
1.852,60
1.877,59
1.878,62
1.827,60
1.877,56
1.850,52
1.849,45
1.849,42
1.826,36
22.426,66
22.431,70
22.527,67
22.042,77
21.890,75
21.861,72
21.653,61
21.574,84
21.420,83
21.462,73
20.354,60
20.378,57
20.401,79
1.851,22
1.900,38
1.900,44
1.901,50
1.902,53
1.877,57
1.851,55
1.826,59
1.827,60
1.852,61
1.775,57
1.851,59
1.800,53
1.826,58
1.826,56
1.775,54
1.825,52
1.800,57
1.800,58
1.851,57
1.801,60
1.827,61
1.801,61
1.827,63
1.801,63
1.776,64
1.750,62
1.801,61
1.827,62
1.827,64
1.801,62
1.801,62
1.801,63
1.827,61
1.830,69
1.827,63
1.776,61
1.802,67
1.801,66
1.776,65
1.827,65
1.776,63
1.827,63
1.827,61
1.827,63
1.827,66
1.878,64
1.878,63
1.880,68
1.880,68
1.878,60
1.851,58
1.825,48
1.849,44
1.926,49
1.850,50
1.901,50
1.877,58
1.852,60
1.801,61
1.878,61
1.877,56
1.850,49
1.825,52
1.826,53
1.827,60
1.800,54
1.826,54
1.800,59
1.776,61
1.775,59
1.750,62
1.750,65
1.700,63
1.624,67
1.600,68
1.638,76
1.632,73
1.585,75
1.584,74
1.623,63
1.674,62
1.674,66
1.649,62
1.674,64
1.700,63
1.725,61
1.700,60
1.725,62
1.725,60
1.776,60
1.776,63
1.776,63
1.801,61
1.826,56
1.877,56
1.876,50
1.849,45
1.925,42
1.925,42
1.977,46
1.977,51
2.030,55
2.031,60
2.030,58
2.056,59
2.030,57
2.031,62
2.031,61
2.031,65
2.057,61
2.031,64
2.032,67
2.032,67
2.062,70
2.083,66
2.083,66
2.081,52
2.081,51
2.109,65
2.084,67
2.118,72
2.109,65
2.081,51
2.028,44
2.106,41
2.002,45
2.003,50
2.030,54
2.030,55
2.083,62
2.083,61
2.083,61
2.083,60
2.082,59
2.083,63
2.083,62
2.083,61
2.058,67
2.083,61
2.109,62
2.135,64
2.135,63
2.161,65
2.161,61
2.134,58
2.135,66
2.161,64
2.161,63
2.135,62
2.134,59
2.135,64
2.135,64
2.135,62
2.188,65
2.135,60
2.161,61
2.109,63
2.135,64
2.186,59
2.186,59
2.135,60
2.135,64
2.109,61
2.134,58
2.134,58
2.083,60
2.135,62
2.135,62
2.057,64
2.083,63
2.057,62
2.083,64
2.084,67
2.083,63
2.083,63
2.085,68
2.083,65
2.060,69
2.088,70
2.060,69
2.093,73
2.093,73
2.066,72
2.089,71
2.033,68
2.031,64
2.056,58
2.029,49
2.028,42
1.976,42
2.091,27
20.810,28
20.931,33
20.701,38
20.729,35
20.779,62
20.828,57
20.831,68
20.778,59
19.772,98
19.693,97
20.050,99
19.615,91
19.720,92
20.600,89
19.653,89
19.714,91
19.775,105
22.304,90
22.380,69
22.526,64
22.675,56
22.528,68
22.428,68
22.457,71
22.476,65
22.526,66
22.575,58
23.024,59
22.344,78
21.574,84
21.450,79
21.410,81
21.367,76
21.345,78
21.430,80
23.024,56
22.448,45
22.498,43
22.277,64
22.269,83
22.252,60
7.372,16
7.191,38
7.191,42
7.197,31
7.156,20
20.776,43
20.802,52
20.753,57
20.779,62
20.790,74
20.782,69
20.788,73
20.780,67
20.757,69
20.804,65
20.779,65
20.804,66
20.806,80
20.790,74
20.841,75
20.829,62
20.778,59
20.802,51
20.853,58
20.854,64
20.813,73
20.843,76
20.824,93
20.678,94
19.669,82
19.591,73
19.518,74
19.563,71
19.564,81
20.713,73
22.503,68
22.600,56
22.725,55


7.018,22
7.316,44
7.319,60
7.305,74
7.306,75
7.333,76
7.316,79
7.340,84
7.327,91
7.343,94
7.370,100
7.343,94
7.357,97
7.354,87
7.409,92
7.444,94
7.354,87
7.372,90
7.360,88
7.328,87
7.323,86
7.294,85
7.315,89
7.319,85
7.353,96
7.420,100
7.439,105
7.464,105
7.482,103
7.457,97
7.372,90
7.296,80
7.330,74
7.311,78
7.290,84
7.326,81
7.352,81
7.336,83
7.334,77
7.340,84
7.486,104
7.514,105
7.469,94
7.387,83
7.344,85
7.378,96
7.407,97
7.395,100
7.395,100
7.391,99
7.382,103
7.400,101
1.064,56
1.142,67
1.042,68
0.991,68
0.964,65
0.964,60
7.434,92
7.404,87
7.416,84
7.422,80
7.410,77
7.407,75
7.410,77
7.381,74
7.409,76
7.404,73
7.396,67
7.359,76
7.387,78
7.402,81
7.410,77
7.398,69
7.444,63
7.426,71
7.515,84
10.661,68
10.659,35
7.293,54
7.391,84
7.440,93
7.419,94
7.403,96
7.394,94
7.441,99
7.390,93
7.416,89
7.511,98
7.602,102
7.459,77
7.441,84
7.391,84
6.901,96
6.784,98
6.970,90
6.592,85
6.584,83
6.596,86
6.732,92
6.757,92
6.788,93
6.792,94
6.807,92
6.782,92
6.801,96
6.767,94
6.776,96
6.742,94
6.702,87
6.714,89
6.663,84
6.663,84
6.638,84
6.642,85
6.626,87
6.582,88
6.539,79
6.567,85
6.571,86
6.569,80
6.554,82
6.524,81
6.563,84
6.534,83
6.638,84
6.797,86
6.947,86
6.933,88
6.920,90
6.808,88
6.768,85
6.855,103
6.797,86
6.760,83
6.625,91
6.613,99
6.625,91
6.600,91
6.606,92
6.625,91
6.657,88
6.641,94
6.631,92
6.644,90
6.663,89
6.743,85
6.634,83
6.629,82
6.546,86
6.617,85
6.574,81
6.609,78
6.619,80
6.600,72
6.668,67
6.943,63
7.241,45
10.414,30
10.617,72
10.596,75
10.599,77
6.392,85
6.637,93
6.654,97
6.693,100
6.777,109
6.960,111
7.138,105
7.022,95
6.885,83
6.783,88
6.638,89
6.591,94
6.566,94
6.545,95
6.562,93
6.596,86
6.569,80
6.826,91
7.249,101
7.378,102
7.366,99
7.294,85
7.266,79
7.266,79
7.333,92
7.361,98
7.327,102
7.081,103
6.837,105
6.776,102
6.601,87
6.596,86
6.571,86
6.599,81
6.604,75
7.410,88
7.547,107
7.422,107
6.951,91
6.702,87
6.634,83
6.646,86
6.667,85
6.908,88
7.339,93
7.428,91
7.445,85
7.447,90
7.449,86
7.437,83
7.445,85
7.460,88
7.460,88
7.466,89
7.479,87
7.472,90
7.494,94
7.495,100
7.520,100
7.482,97
7.490,93
7.528,102
7.541,99
7.507,97
7.528,102
7.532,97
7.509,92
7.556,97
7.581,103
7.331,103
7.189,93
7.036,83
7.077,91
7.238,105
7.393,106
7.246,107
7.083,92
7.052,96
7.097,95
7.122,95
7.228,87
7.349,86
7.440,93
7.297,95
7.308,92
7.340,89
7.360,88
7.395,85
7.416,84
7.509,92
7.511,98
7.525,101
7.482,97
7.457,97
7.461,98
7.490,93
7.498,95
7.472,90
7.449,86
7.509,92
7.447,90
7.472,90
7.503,91
7.515,89
7.441,84
7.481,82
7.476,81
7.534,77
7.521,80
7.546,90
7.515,89
7.521,90
7.547,95
7.528,96
7.533,92
7.528,96
7.520,100
7.523,95
7.539,93
7.498,86
7.486,78
7.573,86
7.527,91
7.660,98
7.716,112
7.737,111
7.722,107
7.704,109
7.707,103
7.700,108
7.689,105
7.697,107
7.758,110
7.728,102
7.509,92
7.519,85
7.516,79
7.494,85
7.521,90
7.519,85
7.511,78
7.594,100
7.536,98
7.427,81
7.417,79
7.486,98
7.627,102
7.481,82
7.515,89
7.527,91
7.539,93
7.547,95
7.532,103
7.532,97
7.593,94
7.571,90
7.577,91
7.571,90
7.553,87
7.571,90
7.558,92
7.539,93
7.559,88
7.593,94
7.548,86
7.603,87
7.515,84
7.578,87
7.631,97
7.631,103
7.631,103
7.663,105
7.697,107
7.693,106
7.671,107
7.678,109
7.646,107
7.660,104
7.627,102
7.597,95
7.546,90
7.503,87
7.539,93
7.556,97
7.503,96
7.550,101
7.543,94
7.532,97
7.484,92
7.515,89
7.521,90
7.485,88
7.519,94
7.503,96
7.484,92
7.509,88
7.546,90
7.515,89
7.558,92
7.553,87
7.581,97
7.544,85
7.528,87
7.547,95
7.516,99
7.521,90
1.636,75
1.751,67
1.722,45
1.674,65
1.676,68
1.649,60
1.672,51
1.622,56
1.571,55
7.606,75
7.602,72
7.578,73
7.578,73
7.575,71
7.603,73
7.552,72
7.572,69
7.595,67
7.595,67
7.569,65
7.568,55
7.592,49
7.566,42
7.695,35
7.550,19
20.612,96
20.604,100
20.474,93
20.332,95
20.250,89
20.131,80
10.333,48
10.234,57
10.210,66
10.313,69
10.310,66
10.260,62
10.260,65
10.296,74
10.268,91
10.290,101
10.284,94
10.284,94
10.260,85
10.336,67
17.940,95
17.989,80
7.645,34
7.770,64
7.787,78
7.782,82
7.852,81
7.832,82
7.823,95
7.803,102
7.800,101
7.811,98
7.832,97
7.825,101
7.841,99
7.809,92
7.799,86
7.860,88
1.651,68
1.864,75
1.867,77
1.838,74
1.895,78
1.838,74
1.839,75
1.920,78
1.842,77
1.836,73
1.917,76
1.887,73
1.867,77
1.838,74
1.997,78
1.869,83
1.941,82
1.895,78
1.841,76
1.790,76
1.858,71
1.881,69
7.873,95
7.865,93
7.884,92
7.866,89
7.878,91
7.909,92
7.872,90
7.884,92
7.903,96
7.909,92
7.903,96
7.928,102
1.906,69
1.849,79
1.861,73
1.889,74
1.854,80
1.765,76
1.892,76
1.979,85
1.936,81
1.895,83
2.079,84
1.915,75
1.853,67
1.731,71
1.700,61
1.674,63
1.725,66
7.920,100
7.918,106
7.939,105
7.925,101
7.903,96
7.915,93
7.860,88
7.910,88
7.991,89
7.945,85
7.932,75
7.956,74
7.970,66
7.953,72
7.962,78
7.972,90
7.991,99
7.932,97
7.957,97
7.923,95
7.916,89
7.661,78
7.427,81
7.391,84
7.422,90
7.417,79
7.608,92
7.638,105
7.519,85
7.540,89
7.497,90
7.458,76
7.459,92
7.372,90
7.434,92
7.429,87
7.577,102
7.509,92
7.459,77
7.475,71
7.470,67
7.536,78
7.536,83
7.511,83
7.506,75
7.502,72
7.522,69
7.547,69
7.571,80
7.596,90
7.539,93
7.577,91
7.523,86
7.534,88
7.559,88
7.498,86
7.515,84
7.526,81
7.541,79
7.500,71
7.493,59
7.418,48
10.558,53
10.564,70
10.460,85
8.164,111
8.156,109
8.152,108
8.112,98
8.086,88
8.117,89
8.100,86
8.080,87
8.100,86
8.096,85
8.100,86
8.143,84
8.133,82
8.078,81
8.083,82
8.060,76
8.068,79
8.088,78
8.184,103
8.202,101
8.060,76
19.947,98
7.517,47
7.509,77
7.521,90
7.521,90
7.539,93
7.565,84
7.652,91
7.490,84
7.511,78
7.573,86
7.583,92
7.585,98
7.597,95
7.571,90
7.583,92
7.618,94
7.548,86
7.548,86
7.544,85
7.503,87
7.509,88
7.527,91
7.539,93
7.506,82
0.611,42
0.512,50
0.563,57
0.513,55
0.464,66
0.464,66
0.469,70
0.494,70
0.469,70
0.514,66
0.464,66
0.464,66
0.465,67
0.490,67
0.514,64
0.515,67
0.517,69
0.516,68
0.514,64
0.516,68
0.514,65
0.514,63
0.514,62
0.488,58
0.513,57
0.488,56
0.513,57
0.463,53
0.513,58
0.512,52
0.488,53
0.513,53
0.564,60
0.514,61
0.564,62
0.514,64
0.542,69
0.617,69
0.619,70
0.619,70
0.567,69
0.564,66
0.564,65
0.589,64
0.589,61
0.513,58
0.564,60
0.514,61
0.612,52
0.588,59
0.589,61
0.513,59
0.614,61
0.564,62
0.564,63
0.564,60
0.613,55
0.562,50
0.537,50
0.537,49
0.512,48
0.537,47
0.513,53
0.538,56
0.514,61
0.514,62
0.514,63
0.464,66
0.514,66
0.492,69
0.490,67
0.514,66
0.514,66
0.494,70
0.470,71
0.492,69
0.466,68
0.497,72
0.473,73
0.472,72
0.472,72
0.495,71
0.466,68
0.525,74
0.469,70
0.523,73
0.522,72
0.494,70
0.491,68
0.494,70
0.467,69
0.517,69
0.517,69
0.514,65
0.519,70
0.516,68
0.569,70
0.589,65
0.592,69
0.591,68
0.644,70
0.622,72
0.670,71
0.694,70
0.720,71
0.772,72
0.716,68
0.770,71
0.773,73
0.822,72
0.870,71
0.847,72
0.897,72
0.869,70
0.891,68
0.922,72
0.944,70
0.951,75
0.940,67
0.967,69
0.969,70
0.991,68
0.989,66
0.973,73
0.969,70
0.973,73
0.998,73
0.941,68
0.964,62
0.963,58
1.013,57
0.962,47
0.987,46
0.987,50
1.013,53
1.014,63
1.026,75
1.031,78
0.979,77
0.926,75
0.953,76
0.944,70
0.900,74
0.926,75
0.926,75
0.925,74
0.951,75
0.925,74
0.925,74
0.925,74
0.869,70
0.842,69
0.764,65
0.739,61
0.714,62
0.664,61
0.663,58
0.639,60
0.613,59
0.563,56
0.613,56
0.638,55
0.664,64
0.641,68
0.569,70
0.575,74
0.565,67
0.622,72
0.565,67
0.616,68
0.564,63
0.564,66
0.540,67
0.566,68
0.541,68
0.564,66
0.591,68
0.564,65
0.539,65
0.564,64
0.564,63
0.564,66
0.564,66
0.564,63
0.539,61
0.564,66
0.539,61
0.539,62
0.564,63
0.514,62
0.539,60
0.539,65
0.564,64
0.514,64
0.514,66
0.539,64
0.515,67
0.542,69
0.514,65
0.541,68
0.573,73
0.566,68
0.520,71
0.542,69
0.547,72
0.520,71
0.516,68
0.545,71
0.547,72
0.545,71
0.525,74
0.526,75
0.522,72
0.520,71
0.547,72
0.525,74
0.520,71
0.501,75
0.520,71
0.511,79
0.519,70
0.490,67
0.525,74
0.542,69
0.519,70
0.469,70
0.469,70
0.469,70
0.492,69
0.469,70
0.514,63
0.516,68
0.497,72
0.444,70
0.420,71
0.364,63
0.265,67
0.215,67
0.169,70
0.117,69
0.151,75
0.170,71
0.131,78
0.179,77
0.141,80
0.176,75
0.176,75
0.172,72
0.142,69
0.172,72
0.139,66
0.195,71
0.192,69
0.164,66
0.228,76
0.167,69
0.194,70
0.220,71
0.214,65
0.214,64
0.239,65
0.242,69
0.266,68
0.290,67
0.314,65
0.339,63
0.339,60
0.313,57
0.363,55
0.463,57
0.488,57
0.463,59
0.464,60
0.463,59
0.514,62
0.464,62
0.464,60
0.463,59
0.464,62
0.414,65
0.414,63
0.414,62
0.413,55
0.364,61
0.463,55
0.241,33
8.211,76
8.239,83
8.204,81
8.197,85
8.187,88
8.230,96
8.205,96
8.205,96
8.231,87
8.218,89
8.236,92
8.192,93
8.200,95
8.186,92
8.167,93
8.151,86
8.212,88
8.200,95
8.161,92
0.416,33
0.514,35
0.461,39
0.463,36
0.461,39
0.487,37
0.318,30
0.395,28
0.515,34
0.411,44
0.461,44
0.412,48
0.387,47
0.412,48
0.388,54
0.362,46
0.311,42
0.362,48
0.387,48
0.387,48
0.362,49
0.362,52
0.338,53
0.362,50
0.363,54
0.338,53
0.364,60
0.338,53
0.363,56
0.338,56
0.338,53
0.363,57
0.364,61
0.338,58
0.339,61
0.363,59
0.338,58
0.364,60
0.364,60
0.339,64
0.364,63
0.364,63
0.364,62
0.338,59
0.363,58
0.363,56
0.364,60
0.313,59
0.363,59
0.288,59
0.289,62
0.263,58
0.263,57
0.213,57
0.164,63
0.164,62
0.189,62
0.164,62
0.189,64
0.139,64
0.165,67
0.170,71
0.165,67
0.165,67
0.166,68
0.189,65
0.144,70
0.190,67
0.139,65
0.167,69
0.167,69
0.170,71
0.144,70
0.164,66
0.165,67
0.165,67
0.189,64
0.189,64
0.164,63
0.189,61
0.189,64
0.214,61
0.214,66
0.189,64
0.215,67
0.194,70
0.189,66
0.164,64
0.164,60
0.163,56
0.162,46
0.186,42
0.237,37
0.161,43
0.187,49
0.213,53
0.163,59
0.164,61
0.214,65
0.164,62
0.213,58
0.214,61
0.189,64
0.164,62
0.164,61
0.214,66
0.164,65
0.214,65
0.165,67
0.164,62
0.164,65
0.142,69
0.164,63
0.167,69
0.164,62
0.164,66
0.164,65
0.139,64
0.164,61
0.189,61
0.138,53
0.161,44
0.140,34
0.163,22
0.144,29
0.240,18
8.836,109
8.793,98
8.663,82
8.680,86
8.678,80
8.881,101
8.950,119
8.934,115
8.791,88
8.754,95
8.819,111
8.633,91
8.474,85
8.385,82
8.453,86
8.562,75
8.548,50
17.197,102
17.735,119
13.211,109
13.200,106
13.127,100
8.772,84
8.723,48
8.649,47
8.748,52
8.700,63
8.701,67
8.725,62
8.624,59
13.051,53
13.050,49
13.026,56
13.051,54
13.002,53
13.074,45
13.005,68
13.020,83
12.987,87
12.972,105
13.001,106
12.990,97
12.982,86
12.995,78
12.999,84
13.069,83
8.700,94
8.763,97
8.804,95
8.834,102
8.796,105
8.889,110
8.825,94
8.735,87
8.860,109
8.898,112
8.853,107
8.678,90
8.789,97
8.887,116
8.904,107
8.859,102
8.936,109
8.842,104
8.849,106
8.911,109
8.612,75
8.696,93
8.759,102
8.767,104
8.668,78
8.637,82
8.693,83
8.683,81
8.752,80
8.756,71
8.724,58
16.550,87
9.934,55
8.525,85
8.663,97
8.627,90
8.659,96
8.646,93
8.654,95
8.646,93
8.627,90
8.628,95
8.659,96
8.726,100
8.637,97
8.562,97
8.553,95
8.549,94
8.612,97
8.608,96
8.612,97
8.608,96
8.608,96
8.608,96
8.659,96
8.589,92
8.583,91
8.559,87
8.596,89
8.540,88
8.565,88
8.499,85
8.499,85
8.525,85
8.525,85
8.532,81
8.542,83
8.529,86
8.431,81
8.385,82
8.288,88
8.147,85
8.007,82
7.995,85
7.982,82
8.100,86
8.307,87
8.554,86
8.604,86
8.617,83
8.572,79
8.592,83
8.532,81
8.582,81
8.565,77
8.602,80
8.572,79
8.602,80
8.552,80
8.552,80
8.577,80
8.529,86
8.546,84
8.508,87
8.521,89
8.527,90
8.570,93
8.513,92
8.558,91
8.570,93
8.578,95
8.558,91
8.525,85
8.532,81
8.471,79
8.522,79
8.514,88
8.580,101
8.638,110
8.687,116
8.710,109
8.583,91
8.470,84
8.501,90
8.453,86
8.476,90
8.549,94
8.521,89
8.527,90
8.486,82
8.580,101
8.602,107
8.613,110
8.634,109
8.555,108
8.634,109
8.584,109
8.548,106
8.580,101
8.550,100
8.566,104
8.541,98
8.533,96
8.482,91
8.449,85
8.495,84
8.549,94
8.641,104
8.609,109
8.676,113
8.654,114
8.672,112
8.638,110
8.676,113
8.625,113
8.625,113
8.603,114
8.588,110
11.080,79
11.158,60
11.120,75
11.060,68
11.092,87
11.072,92
11.070,97
10.899,88
10.680,89
10.601,83
10.561,80
10.517,81
10.458,50
7.894,56
8.010,88
8.084,110
8.090,105
7.922,80
7.937,83
7.912,83
7.937,83
7.937,83
7.954,87
7.932,82
7.942,79
7.927,81
7.959,76
7.906,74
8.033,82
7.987,83
7.928,91
7.966,89
7.932,82
7.932,82
7.941,84
7.917,79
8.067,84
8.375,80
8.554,86
8.647,84
8.660,87
8.678,90
8.690,92
8.679,95
8.193,99
7.998,95
8.003,96
8.311,110
8.779,107
8.838,103
8.767,98
8.742,98
8.740,92
8.722,89
8.728,90
8.722,89
8.740,92
8.721,93
8.697,89
8.691,88
8.709,96
8.754,95
8.528,95
8.171,94
7.965,93
7.922,90
7.941,89
7.941,84
8.028,81
8.319,89
8.085,92
7.982,82
7.962,78
8.058,97
12.246,104
8.685,109
8.426,80
8.264,83
8.111,88
8.061,88
8.049,95
8.079,96
8.045,94
8.085,92
8.079,96
8.030,87
8.025,86
8.038,83
8.172,100
8.224,107
8.252,108
8.245,106
8.284,116
8.269,112
8.280,115
8.288,117
8.229,115
8.152,108
8.023,90
8.061,88
8.017,89
8.050,86
8.078,81
8.275,80
8.495,84
8.567,83
8.542,83
8.589,92
8.612,97
8.641,104
8.647,99
8.539,92
8.550,85
8.571,84
8.542,83
8.557,81
8.599,94
8.633,102
8.647,99
8.838,103
8.822,99
8.738,97
8.754,95
8.750,94
8.772,93
8.759,87
8.809,91
8.859,96
8.829,95
8.747,89
8.735,87
8.728,90
8.655,86
8.696,93
8.716,88
8.703,90
8.790,92
8.747,89
8.804,95
8.767,98
8.759,96
8.798,99
8.907,101
8.907,101
8.826,100
8.798,99
8.813,97
8.718,83
8.713,82
8.668,78
8.678,80
8.683,81
8.715,77
8.718,83
8.753,90
8.746,93
8.722,99
8.608,96
10.305,93
10.300,88
10.239,86
10.256,84
10.275,77
10.215,70
10.161,67
10.162,68
10.186,67
10.185,64
10.210,66
10.213,69
10.260,66
10.263,69
10.236,67
10.235,64
10.234,59
22.876,61
22.825,58
22.785,73
22.825,56
17.172,96
8.849,47
8.877,67
8.893,83
8.822,89
8.866,88
8.919,78
8.876,65
8.891,77
8.872,89
8.890,92
8.859,91
8.865,92
8.872,89
8.872,89
8.944,83
8.929,68
8.950,46
8.749,58
8.843,78
8.876,85
8.884,91
8.879,95
8.867,98
8.831,101
8.876,100
8.907,108
8.896,105
8.854,95
8.841,88
8.801,85
8.960,102
9.007,108
9.041,110
8.904,90
8.847,84
8.914,97
9.000,106
8.926,94
8.875,57
20.445,98
20.188,109
19.865,109
19.943,103
11.155,39
11.272,77
11.310,95
11.316,102
11.360,95
11.318,74
11.388,71
11.332,65
11.362,70
11.439,81
11.422,77
11.255,47
13.861,82
19.316,91
19.288,101
19.437,101
19.675,105
19.715,109
19.316,96
15.581,103
12.848,93
12.649,99
12.674,99
12.674,99
12.615,97
12.561,96
9.065,103
9.055,107
9.047,105
8.977,100
8.923,84
8.893,83
8.904,90
8.891,88
8.866,88
8.872,84
8.888,82
8.898,84
8.979,90
9.051,106
9.097,118
9.102,126
9.062,109
9.015,110
8.960,96
8.859,72
8.905,69
8.885,73
8.991,92
8.872,84
8.838,82
8.911,87
8.906,86
8.923,89
8.885,87
8.891,88
8.860,87
8.951,94
8.973,99
9.024,99
9.086,102
8.996,105
9.049,99
8.899,79
8.863,82
8.868,78
8.927,85
8.873,79
8.913,74
8.876,66
8.848,42
8.899,39
8.929,32
8.899,39
15.640,84
15.611,78
15.640,84
15.690,99
15.665,99
15.799,108
15.763,105
20.366,103
20.366,97
20.287,91
20.262,96
20.218,92
20.157,95
20.275,89
20.228,94
20.306,90
20.395,98
20.187,96
20.188,87
15.633,92
15.547,95
15.490,93
15.556,97
15.547,95
20.108,86
14.492,105
14.356,96
14.182,87
14.125,90
14.176,95
14.201,95
14.237,92
14.260,97
8.986,87
9.058,108
9.055,107
9.047,105
8.853,80
8.847,84
8.847,89
8.901,94
8.905,95
8.901,94
8.885,87
8.841,77
8.862,74
9.017,88
9.051,106
9.015,110
8.885,87
8.906,86
8.815,76
8.810,73
8.829,69
8.776,65
8.697,39
17.545,96
15.577,102
15.398,114
15.316,112
15.122,90
15.339,105
15.293,106
15.257,103
15.278,102
15.311,104
15.291,99
15.316,99
15.353,96
15.478,102
15.560,104
15.542,106
15.070,100
15.250,108
8.824,48
15.333,110
16.604,110
16.516,100
8.776,61
8.862,74
8.873,79
8.891,88
8.935,96
8.977,85
8.888,82
8.897,93
8.901,94
8.897,93
9.078,113
9.173,105
12.756,95
12.755,107
12.726,106
12.692,92
12.694,104
12.559,108
12.537,102
12.367,97
12.313,96
12.229,94
12.157,80
12.170,88
12.121,98
13.640,92
13.604,95
13.542,98
13.504,95
13.471,93
13.455,86
13.545,105
13.542,98
17.055,98
15.195,100
14.975,114
14.444,112
14.296,119
14.196,119
14.109,116
14.008,109
13.467,104
13.302,100
13.193,98
13.205,95
13.189,97
13.198,99
13.226,94
13.210,96
13.210,96
13.230,95
13.246,105
13.264,103
13.260,96
13.289,97
11.523,98
11.664,102
11.664,96
11.645,92
11.651,93
11.747,98
11.747,104
11.822,104
11.861,101
11.886,101
11.906,100
11.945,92
11.946,88
12.002,89
12.051,99
12.014,102
12.049,105
12.046,104
12.018,97
12.038,102
12.076,99
12.042,103
12.022,98
12.063,102
11.993,103
12.038,102
12.011,101
12.011,101
12.055,100
12.022,98
12.014,96
12.032,90
12.070,88
12.092,82
11.915,87
11.511,86
11.436,86
11.435,95
11.469,97
11.515,96
11.521,92
11.568,97
11.652,99
11.584,95
11.609,95
11.570,92
11.593,97
11.595,92
11.565,87
11.489,81
11.519,82
11.623,78
11.538,81
11.489,81
11.457,85
11.486,86
11.533,90
11.555,94
11.477,93
11.406,94
11.431,94
11.381,94
11.406,94
11.396,92
11.484,90
11.645,92
11.801,93
11.847,98
11.809,95
11.831,100
11.843,103
11.800,105
11.854,106
11.843,103
11.855,94
11.997,104
12.064,109
12.060,108
13.622,99
13.621,93
13.654,95
13.615,92
13.659,91
13.712,97
13.758,87
13.952,114
13.881,115
16.081,110
16.066,106
16.006,97
15.971,107
15.972,95
15.935,104
15.892,106
15.699,108
15.953,109
15.806,103
15.674,101
15.540,89
15.846,90
15.697,95
15.436,104
15.497,107
19.619,82
17.677,117
9.065,75
9.005,69
8.979,68
8.926,55
9.026,47
8.851,35
9.000,37
15.143,106
15.143,106
15.144,94
8.924,42
8.952,66
8.974,79
9.032,86
8.984,81
9.049,89
9.009,81
8.954,80
9.009,81
8.992,77
8.992,77
8.991,76
9.035,81
8.994,83
9.075,79
9.103,66
9.126,47
22.548,79
17.631,105
17.577,88
17.645,96
17.633,99
19.972,98
19.914,91
19.715,87
19.752,84
19.743,82
15.548,86
15.622,114
15.653,109
15.703,109
15.653,109
15.601,115
15.849,108
15.874,101
15.888,105
15.910,104
15.894,100
15.877,91
15.769,85
15.671,90
15.615,84
15.640,89
15.740,99
15.815,112
15.696,107
15.635,98
15.610,98
15.696,107
15.767,106
15.776,115
15.976,115
16.048,101
16.059,98
16.134,98
16.276,102
16.226,102
16.141,106
16.143,100
1.066,23
0.932,21
1.041,23
1.071,28
0.921,27
0.940,34
1.012,37
0.986,42
1.011,39
0.987,46
1.113,43
0.961,41
1.037,38
1.062,41
1.011,39
1.012,37
1.011,38
0.986,40
0.912,47
0.963,55
0.938,59
1.016,68
0.969,70
1.000,74
0.998,73
1.011,79
1.011,79
1.000,74
1.000,74
1.026,75
1.001,75
1.022,72
1.022,72
1.052,75
1.049,73
1.046,71
1.048,72
1.048,72
1.051,74
1.074,73
1.073,72
1.125,73
1.153,75
1.213,79
1.180,76
1.256,76
1.277,73
1.307,76
1.302,73
1.332,76
1.326,72
1.330,75
1.320,68
1.327,73
1.329,74
1.327,73
1.330,75
1.358,76
1.356,75
1.378,73
1.383,76
1.353,73
1.383,76
1.422,80
1.384,77
1.355,74
1.351,81
1.346,80
1.351,81
1.412,83
1.402,81
1.386,78
1.366,79
1.391,79
1.432,75
1.409,76
1.407,75
1.432,75
1.437,78
1.422,80
1.391,79
1.330,75
1.282,76
1.244,80
1.208,78
1.131,77
1.131,77
1.124,72
1.076,74
1.055,77
1.051,74
1.087,79
1.049,73
1.051,74
1.046,71
1.076,74
1.046,71
1.092,68
1.121,70
1.097,71
1.099,72
1.074,73
1.077,75
1.048,72
1.048,72
1.049,73
1.023,73
1.057,78
1.079,76
1.052,75
1.073,72
1.124,72
1.174,72
1.229,75
1.283,77
1.383,76
1.429,73
1.426,71
1.477,71
1.480,73
1.501,70
1.485,76
1.486,77
1.482,74
1.455,73
1.463,78
1.479,72
1.425,70
1.349,70
1.270,69
1.217,64
1.092,68
1.065,66
1.014,64
0.991,68
0.964,66
0.967,69
0.978,76
0.979,77
1.006,83
0.986,79
1.006,78
0.981,78
1.054,76
1.087,79
1.103,75
1.153,75
1.152,74
1.127,74
1.068,69
1.073,72
1.026,75
0.966,68
0.947,72
0.973,73
0.948,73
0.978,76
0.956,78
0.926,82
0.921,81
0.971,81
0.901,82
0.910,84
0.946,81
0.906,78
0.901,82
0.891,80
0.916,80
0.929,77
0.916,80
0.911,79
0.931,78
0.936,79
0.916,80
0.891,80
0.923,73
0.928,76
0.923,73
0.973,73
0.920,71
0.919,70
0.964,66
0.988,56
0.988,55
1.089,54
1.316,49
1.368,54
1.368,58
1.369,65
1.395,63
1.374,70
1.372,69
1.329,74
1.329,74
1.371,80
1.380,74
1.329,74
1.397,80
1.347,69
1.374,70
1.372,69
1.404,73
1.377,72
1.400,70
1.426,71
1.431,74
1.428,72
1.404,73
1.401,71
1.407,75
1.407,75
1.401,71
1.432,75
1.429,73
1.403,72
1.377,72
1.378,73
1.324,71
1.377,72
1.327,73
1.301,72
1.329,74
1.336,78
1.330,75
1.355,74
1.361,78
1.333,77
1.384,77
1.350,71
1.346,68
1.323,70
1.217,63
1.090,66
1.040,66
1.014,66
1.025,74
1.026,75
1.020,71
0.994,70
1.020,71
1.074,73
1.049,73
1.046,71
1.097,71
1.127,74
1.125,73
1.175,73
1.177,74
1.234,78
1.256,76
1.228,74
1.253,74
1.231,76
1.229,75
1.228,74
1.247,70
1.225,72
1.218,67
1.223,71
1.242,65
1.220,69
1.244,68
1.222,70
1.222,70
1.175,73
1.218,67
1.250,72
1.225,72
1.248,71
1.225,72
1.222,70
1.250,72
1.250,72
1.223,71
1.226,73
1.253,74
1.225,72
1.231,76
1.229,75
1.234,78
1.205,76
1.234,78
1.229,82
1.208,78
1.203,82
1.205,76
1.254,82
1.231,76
1.206,77
1.181,77
1.239,79
1.232,77
1.244,80
1.180,76
1.202,74
1.183,78
1.208,78
1.213,79
1.232,77
1.234,78
1.202,74
1.228,74
1.193,80
1.188,79
1.133,78
1.157,77
1.157,77
1.180,76
1.212,84
1.179,82
1.113,79
1.143,80
1.159,83
1.169,80
1.148,81
1.159,83
1.159,83
1.137,84
1.118,80
1.108,83
1.171,86
1.094,86
1.171,86
1.131,88
1.131,88
1.145,86
1.120,86
1.120,86
1.143,90
1.145,86
1.133,83
1.194,90
1.167,85
1.169,80
1.148,81
1.159,78
1.159,78
1.183,78
1.203,75
1.193,80
1.208,83
1.184,83
1.193,80
1.217,85
1.184,83
1.203,82
1.224,81
1.193,80
1.229,75
1.229,82
1.183,78
1.234,83
1.198,81
1.212,84
1.196,86
1.207,88
1.163,84
1.192,85
1.177,74
1.178,75
1.205,76
1.197,71
1.220,69
1.218,67
1.226,73
1.229,75
1.228,74
1.229,75
1.205,76
1.188,79
1.224,81
1.239,79
1.219,80
1.206,77
1.199,72
1.222,70
1.172,71
1.222,70
1.171,70
1.223,71
1.219,68
1.220,69
1.248,71
1.248,71
1.273,71
1.256,76
1.280,75
1.270,69
1.256,76
1.223,71
1.270,69
1.220,69
1.219,68
1.273,71
1.272,70
1.294,67
1.329,74
1.321,69
1.378,73
1.326,72
1.410,77
1.410,77
1.355,74
1.403,72
1.355,74
1.378,73
1.377,72
1.381,75
1.353,73
1.371,68
1.381,75
1.321,69
1.330,75
1.323,70
1.280,75
1.305,75
1.243,67
1.220,69
1.272,70
1.223,71
1.222,70
1.199,72
1.228,74
1.248,71
1.304,74
1.305,75
1.327,73
1.378,73
1.381,75
1.409,76
1.383,76
1.409,76
1.333,77
1.361,78
1.295,80
1.295,80
1.310,83
1.285,83
1.239,79
1.238,84
1.221,86
1.217,85
1.250,91
1.226,91
1.220,90
1.207,88
1.217,85
1.217,85
1.184,83
1.232,88
1.254,82
1.188,79
1.193,80
1.234,78
1.180,76
1.175,73
1.226,73
1.181,77
1.202,74
1.175,73
1.180,76
1.181,77
1.202,74
1.183,78
1.183,78
1.208,78
1.244,80
1.231,76
1.234,78
1.254,75
1.223,71
1.225,72
1.247,70
1.228,74
1.223,71
1.276,72
1.256,76
1.228,74
1.200,73
1.229,75
1.213,79
1.244,80
1.254,82
1.232,77
1.244,80
1.224,81
1.193,80
1.239,79
1.181,77
1.239,79
1.229,82
1.219,80
1.224,81
1.267,85
1.259,83
1.234,78
1.220,69
1.208,78
1.219,80
1.174,81
1.234,78
1.193,80
1.202,74
1.203,75
1.175,73
1.167,67
1.217,66
1.192,67
1.166,60
1.165,58
1.217,60
1.216,54
1.165,55
1.141,62
1.141,60
1.167,67
1.174,72
1.052,75
0.831,78
0.328,76
0.931,78
0.986,79
1.029,77
1.057,78
1.025,74
1.029,77
1.080,77
1.103,82
1.067,80
1.092,80
1.087,79
1.082,78
1.123,81
1.062,79
1.079,76
1.148,81
1.080,77
1.128,75
1.113,79
1.082,78
1.079,76
1.131,77
1.108,78
1.127,74
1.125,73
1.131,77
1.127,74
1.125,73
1.128,75
1.130,76
1.131,77
1.122,71
1.152,74
1.121,70
1.092,68
1.073,72
1.052,75
1.099,72
1.068,69
1.119,69
1.122,71
1.071,71
1.121,70
1.099,72
1.169,69
1.122,71
1.150,73
1.169,69
1.125,73
1.178,75
1.228,74
1.232,77
1.228,74
1.229,75
1.280,75
1.248,71
1.280,75
1.283,77
1.276,72
1.272,70
1.250,72
1.276,72
1.253,74
1.225,72
1.245,69
1.253,74
1.181,77
1.213,79
1.219,80
1.183,78
1.180,76
1.193,80
1.164,79
1.156,76
1.183,78
1.183,78
1.169,80
1.219,80
1.212,84
1.193,80
1.198,81
1.208,83
1.183,78
1.217,85
1.208,83
1.234,83
1.232,88
1.238,84
1.203,82
1.219,80
1.198,81
1.238,84
1.217,85
1.229,82
1.219,80
1.274,81
1.259,78
1.282,76
1.325,81
1.346,80
1.280,75
1.310,78
1.308,77
1.332,76
1.352,72
1.383,76
1.305,75
1.326,72
1.353,73
1.321,69
1.350,71
1.321,69
1.294,67
1.269,68
1.318,66
1.294,67
1.318,66
1.267,66
1.267,64
1.217,65
1.242,61
1.217,63
1.219,68
1.250,72
1.243,67
1.279,74
1.308,77
1.248,71
1.254,75
1.299,71
1.256,76
1.279,74
1.280,75
1.290,79
1.282,76
1.279,74
1.280,75
1.253,74
1.282,76
1.276,72
1.273,71
1.273,71
1.304,74
1.279,74
1.304,74
1.253,74
1.264,79
1.310,78
1.280,75
1.285,78
1.279,74
1.282,76
1.225,72
1.199,72
1.174,72
1.174,72
1.118,68
1.016,68
0.990,67
0.914,65
0.964,62
1.014,66
1.042,68
1.119,69
1.193,68
1.199,72
1.218,67
1.220,69
1.350,71
1.298,70
1.320,68
1.320,68
1.369,63
1.393,53
1.342,52
1.342,52
1.367,47
1.315,41
1.366,39
1.371,33
1.427,27
1.372,31
1.222,25
1.280,20
1.300,26
1.393,22
1.371,17
15.978,87
1.446,18
1.266,22
1.298,25
1.375,28
1.290,41
1.290,42
1.316,49
1.317,55
1.343,59
1.343,57
1.369,64
1.318,65
1.369,66
1.344,66
1.377,72
1.345,67
1.423,69
1.370,67
1.369,66
1.369,66
1.370,67
1.369,66
1.344,66
1.371,68
1.369,65
1.369,64
1.318,62
1.317,59
1.317,58
1.368,59
1.343,59
1.318,62
1.318,64
1.318,62
1.321,69
1.347,69
1.352,72
1.372,69
1.332,76
1.329,74
1.359,77
1.355,74
1.333,77
1.336,78
1.341,79
1.333,77
1.283,77
1.320,80
1.336,83
1.346,80
1.351,81
1.290,79
1.295,80
1.322,86
1.314,84
1.369,85
1.330,82
1.330,82
1.346,80
1.336,83
1.346,80
1.346,80
1.285,78
1.320,80
1.356,82
1.300,81
1.269,80
1.254,82
1.300,81
1.305,82
1.285,78
1.254,82
1.274,81
1.285,78
1.289,84
1.269,80
1.259,78
1.310,83
1.285,83
1.280,82
1.259,78
1.271,86
1.234,78
1.239,79
1.254,82
1.229,75
1.228,74
1.248,71
1.223,71
1.225,72
1.268,67
1.280,75
1.277,73
1.304,74
1.330,75
1.279,74
1.329,74
1.326,72
1.320,68
1.319,67
1.319,67
1.293,61
1.317,59
1.317,54
1.368,57
1.369,60
1.317,55
1.344,60
1.370,67
1.371,68
1.400,70
1.406,74
1.426,71
1.420,63
1.496,65
1.522,60
1.572,62
1.523,67
1.547,63
1.547,64
1.553,71
1.579,71
1.534,75
1.552,70
1.483,75
1.485,76
1.519,79
1.510,76
1.502,71
1.473,68
1.480,73
1.479,72
1.513,78
1.503,81
1.460,76
1.432,75
1.386,78
1.239,79
1.108,78
1.025,74
1.130,76
1.108,83
1.229,82
1.353,87
1.480,87
1.568,89
1.606,91
1.582,87
1.658,87
1.651,80
1.663,76
1.626,69
1.626,69
1.674,64
1.675,67
1.674,66
1.572,63
1.623,61
1.624,67
1.685,74
1.635,74
1.639,77
1.691,78
1.641,78
1.663,76
1.666,78
1.671,79
1.646,79
1.632,73
1.628,70
1.677,69
1.632,73
1.639,77
1.584,74
1.585,75
1.537,77
1.527,70
1.531,73
1.524,68
1.572,66
1.623,61
1.674,66
1.628,70
1.631,72
1.578,70
1.561,76
1.508,75
1.485,76
1.463,78
1.435,77
1.447,80
1.381,75
1.442,79
1.386,78
1.381,75
1.361,78
1.324,71
1.355,74
1.355,74
1.324,71
1.330,75
1.323,70
1.304,74
1.320,68
1.327,73
1.302,73
1.301,72
1.324,71
1.323,70
1.375,71
1.352,72
1.307,76
1.326,72
1.324,71
1.307,76
1.264,79
1.282,76
1.283,77
1.256,76
1.228,74
1.231,76
1.253,74
1.226,73
1.276,72
1.276,72
1.329,74
1.323,70
1.406,74
1.432,75
1.504,72
1.555,72
1.581,72
1.610,75
1.641,78
1.612,76
1.581,72
1.556,73
1.531,73
1.474,69
1.451,71
1.378,73
1.323,70
1.299,71
1.298,70
1.243,67
1.270,69
1.272,70
1.272,70
1.272,70
1.296,69
1.270,69
1.304,74
1.272,70
1.326,72
1.293,66
1.346,68
1.403,72
1.528,71
1.609,74
1.781,70
1.861,73
1.861,73
1.839,75
1.861,73
1.869,78
1.893,77
1.867,77
1.848,84
1.848,84
1.852,85
1.852,85
1.844,83
1.834,81
1.834,81
1.808,81
1.874,84
1.808,81
1.793,83
1.793,83
1.801,85
1.737,82
1.722,79
1.752,80
1.739,76
1.768,78
1.787,74
1.779,69
1.787,74
1.765,76
1.751,67
1.756,70
1.779,69
1.751,67
1.803,68
1.752,68
1.782,71
1.776,66
1.801,65
1.776,64
1.730,70
1.726,67
1.750,63
1.750,65
1.776,64
1.751,67
1.750,64
1.750,66
1.776,66
1.776,65
1.750,64
1.777,67
1.750,64
1.776,63
1.801,66
1.776,66
1.754,69
1.777,67
1.801,64
1.777,67
1.801,66
1.776,63
1.801,66
1.827,63
1.828,67
1.827,66
1.830,69
1.828,67
1.801,66
1.852,63
1.776,65
1.827,65
1.776,64
1.801,61
1.801,63
1.750,62
1.776,65
1.756,70
1.725,66
1.750,62
1.750,61
1.725,63
1.778,68
1.751,67
1.750,62
1.725,64
1.750,64
1.750,64
1.750,63
1.803,68
1.777,67
1.762,74
1.788,75
1.807,71
1.844,78
0.153,76
0.172,72
0.253,76
0.226,82
0.206,83
0.259,93
0.266,90
0.218,86
0.141,80
0.181,78
0.191,80
0.250,74
0.204,77
1.844,78
1.803,68
1.801,62
1.803,68
1.777,67
1.776,66
1.801,64
1.827,65
1.776,64
1.749,55
1.774,51
1.774,52
1.850,50
1.826,54
1.851,53
1.851,53
1.876,52
1.826,54
1.826,53
1.826,56
1.877,53
1.927,56
1.902,56
1.928,60
1.928,60
1.927,59
1.980,67
2.031,66
2.031,66
2.031,64
2.057,66
2.005,61
1.978,54
1.926,48
2.029,46
1.926,46
1.901,46
1.849,43
1.876,49
1.851,53
1.825,48
1.850,52
1.850,46
1.826,58
1.830,69
1.841,76
1.884,71
1.825,52
1.826,53
1.851,56
1.800,56
1.800,58
1.827,66
1.861,73
1.834,81
1.819,83
1.918,88
1.874,84
1.787,74
1.825,48
1.732,27
19.581,94
19.726,93
19.648,98
19.272,92
6.616,54
6.701,72
6.669,80
6.725,81
6.718,85
6.685,78
6.667,60
6.842,54
6.801,72
6.771,69
6.742,59
6.691,50
-99999999
6.718,60
6.798,70
6.747,86
6.747,86
6.732,92
6.788,93
2.176,92
2.078,93
2.092,96
2.086,95
2.072,92
2.078,93
2.031,85
1.995,77
2.014,73
2.027,84
2.073,88
2.073,88
2.059,90
2.059,90
2.072,92
2.078,93
2.082,94
2.053,89
2.067,87
2.057,85
1.976,79
2.033,80
2.059,90
2.122,97
2.100,98
2.100,98
2.129,105
2.131,99
2.092,96
2.040,87
2.053,84
2.038,81
2.096,75
2.082,54
6.780,82
6.769,67
19.496,76
6.669,68
6.693,64
6.710,78
6.743,61
16.693,95
16.884,105
16.984,105
16.894,86
6.692,57
6.623,71
6.648,71
6.617,61
6.666,53
6.795,80
1.861,73
1.784,72
1.826,59
1.776,35
1.723,37
1.774,37
1.774,48
1.750,66
1.775,59
1.801,66
1.827,66
1.785,73
1.788,75
1.817,77
1.791,77
1.785,73
1.829,80
1.790,76
1.773,79
1.763,75
1.827,85
1.814,82
1.765,76
1.773,79
1.778,80
1.768,78
1.854,80
1.798,79
1.773,79
1.790,76
1.819,78
1.763,82
1.803,80
1.803,80
1.803,80
1.798,79
1.805,86
1.788,75
1.798,79
1.791,77
1.773,79
1.773,79
1.793,78
1.791,77
1.773,79
1.798,79
1.788,75
1.739,76
1.798,79
1.773,79
1.808,81
1.752,80
1.773,79
1.739,76
1.793,78
1.747,79
1.739,76
1.768,78
1.763,75
1.773,79
1.736,74
1.778,80
1.765,76
1.763,75
1.765,76
1.747,79
1.768,78
1.773,79
1.747,79
1.814,82
1.798,79
1.766,77
1.773,79
1.742,78
1.773,79
1.765,76
1.808,81
1.793,83
1.747,79
1.758,81
1.752,80
1.752,80
1.768,78
1.798,79
1.801,85
1.747,79
1.783,81
1.783,81
1.823,84
1.803,80
1.783,81
1.793,78
1.752,80
1.742,78
1.768,83
1.791,77
1.763,75
1.793,78
1.747,79
1.762,74
1.758,81
1.819,83
1.742,78
1.768,78
1.747,79
1.768,78
1.793,83
1.766,77
1.791,77
1.803,80
1.793,78
1.778,80
1.819,83
1.803,80
1.768,78
0.196,81

0.178,76
0.176,75
0.142,69

0.114,62
0.113,59
0.138,59



0.137,48





0.111,40
0.136,44


0.111,44

0.161,38





0.136,41

0.161,40

0.161,43


0.112,47

0.162,50

0.113,53
0.113,55
0.162,52


0.163,57


0.139,60
0.113,55
0.138,57




0.138,55
0.113,55


0.163,54









0.163,59

0.163,59

0.163,56
0.114,60
0.138,59
0.138,59

0.163,55
0.163,59

0.114,61


0.164,61




0.163,59
0.113,57
0.163,54
0.113,56

0.138,56

0.138,57

0.163,57
0.163,58




0.138,55

0.139,60
0.163,55


0.138,59

0.163,56
0.163,58

0.163,55
0.113,56



0.213,58
0.163,57
0.138,56

0.138,55
0.138,58

0.163,58
0.113,55
0.163,54

0.163,56
0.163,55

