0,0
,
,
,
0.173,25
,
0.173,29
,
0.121,31
0.147,30
,
,
0.125,27
,
,
0.146,24
,
,
0.175,26
,
,
0.117,22
0.175,27
0.149,28
,
,
0.149,28
0.145,32
,
0.146,31
0.173,25
,
0.174,28
7.147,53
0.122,30
7.097,57
7.147,58
7.198,63
7.2,68
7.352,69
7.634,74
7.771,79
7.811,75
7.811,75
7.711,75
7.66,75
7.56,75
7.56,75
7.503,70
7.51,75
7.57,79
7.613,77
7.62,79
7.625,80
7.463,77
7.21,75
7.059,74
7.002,70
6.953,71
6.933,74
6.906,73
6.911,76
6.88,72
6.937,77
6.956,73
6.909,75
6.906,73
6.908,74
6.884,75
6.958,74
7.012,76
7.059,74
7.012,76
6.956,73
7.12,79
7.881,81
8.052,80
8.005,71
8.162,74
8.159,72
7.983,73
7.813,76
7.882,91
7.848,94
7.726,90
7.799,64
7.858,73
7.833,73
7.805,71
7.777,69
7.841,83
7.757,72
7.704,70
7.73,71
7.707,72
7.604,71
7.562,76
7.463,77
7.495,79
7.685,74
7.949,66
7.952,69
7.982,72
7.883,73
7.789,77
7.714,77
7.78,71
7.879,70
7.982,72
8.055,70
8.124,59
8.226,62
8.251,64
8.254,69
8.263,75
8.31,72
8.339,75
8.361,73
8.461,72
8.461,72
8.388,74
8.366,76
8.336,73
8.324,79
8.316,76
8.291,76
8.289,75
8.316,76
8.366,76
8.319,78
8.335,72
8.285,72
8.317,77
8.317,77
8.291,76
8.363,74
8.332,70
8.291,76
8.31,72
8.288,74
8.313,74
8.313,74
8.262,74
8.263,75
8.266,76
8.339,75
8.33,69
8.406,69
8.582,69
8.731,68
8.737,72
8.467,76
8.584,70
8.786,71
8.555,67
8.44,75
8.568,76
8.666,74
8.604,62
8.655,60
8.606,68
8.604,63
8.704,61
8.861,71
8.943,75
9.068,74
9.134,80
9.084,80
9.044,82
8.983,80
9.02,76
8.957,67
8.98,53
9.104,43
9.104,43
8.978,39
9.055,49
9.106,57
9.107,60
9.107,64
9.113,71
9.11,69
8.964,72
8.911,70
8.967,74
9.015,73
-99999999,
8.906,66
8.805,63
8.986,70
8.987,71
9.044,75
9.018,75
8.811,71
8.816,74
8.785,70
8.78,60
8.828,50
8.754,65
8.808,69
8.813,72
8.782,80
8.817,75
8.841,74
7.613,77
8.669,76
8.791,74
8.814,73
8.809,86
8.911,108
8.838,102
8.8,105
8.8,105
8.846,104
8.813,96
8.75,93
11.022,87
11.157,93
11.388,90
11.83,93
12.013,95
11.972,97
11.797,103
8.864,109
8.781,100
8.772,98
8.664,87
8.657,68
8.822,78
8.789,73
8.772,78
8.816,74
8.819,76
8.822,78
8.832,80
8.77,77
8.591,75
8.586,81
8.435,81
8.165,76
8.166,77
8.115,77
8.292,77
8.218,78
8.111,74
8.089,76
8.143,78
8.218,78
8.263,75
8.162,74
8.14,76
8.137,75
8.188,75
8.163,75
8.162,74
8.153,68
8.099,58
7.947,49
7.822,48
7.773,54
7.873,58
7.999,64
8.103,69
8.028,69
7.999,65
7.949,62
7.849,61
7.801,68
7.701,68
7.702,69
7.707,72
7.685,74
7.708,73
7.708,73
7.732,72
7.796,79
7.832,72
7.758,73
7.782,72
7.763,76
7.71,74
7.711,75
7.682,72
7.686,75
7.659,74
7.659,74
7.683,73
7.635,75
7.653,70
7.606,72
7.629,71
7.556,72
7.535,75
7.482,73
7.46,75
7.433,73
7.435,74
7.427,69
7.481,72
7.51,75
7.534,74
7.64,78
7.691,78
7.685,74
7.713,76
7.688,76
7.626,69
7.774,63
8.103,69
8.015,77
7.863,76
7.66,75
7.635,75
7.655,81
7.625,80
7.637,76
7.713,76
7.939,77
7.932,72
8.03,70
8.031,71
8.083,72
8.114,76
8.062,75
8.105,70
8.056,71
8.314,75
8.616,82
8.641,75
8.691,74
8.613,73
8.377,66
8.251,60
8.2,53
8.097,41
8.123,37
8.104,30
8.099,22
8.204,31
8.148,39
8.199,46
8.478,62
8.562,72
8.712,72
8.712,72
8.637,72
8.667,75
8.619,77
8.631,80
8.526,79
8.5,79
8.485,81
8.418,77
8.374,79
8.317,77
8.294,78
8.228,80
8.269,78
8.369,78
8.48,80
8.641,82
8.49,82
8.324,79
8.248,79
8.215,76
8.216,77
8.178,80
8.173,79
8.178,80
8.183,81
8.213,82
8.198,79
8.178,80
8.173,79
8.216,77
8.223,79
8.166,77
8.165,76
8.168,78
8.115,77
8.112,75
8.122,79
8.137,75
8.114,76
8.213,75
8.218,78
8.319,78
8.266,76
8.266,76
8.364,75
8.259,72
8.31,72
8.443,77
8.647,83
8.717,82
8.718,76
8.746,78
8.709,70
8.704,63
8.627,47
8.603,36
18.94,80
19.015,95
18.91,79
18.774,74
18.971,91
10.835,43
7.75,67
7.9,67
7.875,67
7.899,64
7.998,56
7.874,62
7.932,72
7.954,70
8.049,56
8.047,40
7.998,36
7.972,37
8.097,39
7.996,42
7.997,48
7.897,50
7.898,57
7.949,64
7.985,74
7.955,71
8.008,73
7.982,72
8.108,72
8.127,80
8.072,79
8.014,76
8.064,76
8.001,80
8.015,77
8.014,76
7.963,76
7.946,79
7.913,76
7.936,75
7.908,73
7.914,77
7.951,80
7.963,76
7.921,79
7.926,80
7.939,77
8.005,71
8.151,66
8.433,70
8.518,76
8.354,68
8.352,62
8.224,50
8.078,31
22.107,34
8.022,43
3.345,45
3.321,52
3.397,61
3.4,69
3.372,66
3.372,65
3.372,66
3.377,70
3.426,86
3.498,90
3.463,83
8.103,69
8.077,68
8.111,74
8.16,73
8.156,70
8.1,63
8.051,67
8,67
7.999,65
8.028,69
8.025,64
8.027,68
8.004,70
8.052,68
8.05,64
8.049,59
8.024,55
3.246,43
3.271,39
3.272,52
3.322,56
3.323,63
3.323,65
3.323,63
3.378,71
3.372,63
3.351,69
3.377,70
3.406,73
3.38,72
3.383,74
3.359,74
3.383,74
3.363,77
3.378,71
3.384,75
3.387,77
3.375,69
3.348,60
3.347,55
3.372,66
3.373,67
3.372,62
3.372,64
3.348,65
3.373,67
3.373,67
3.405,72
3.402,70
3.381,73
3.384,75
3.386,76
3.437,77
3.381,73
3.377,70
3.372,64
3.296,48
3.374,33
3.36,20
3.448,32
3.524,31
18.815,32
18.885,42
7.796,39
7.846,43
7.896,44
7.796,44
7.846,44
7.798,36
3.444,44
3.32,40
3.32,45
3.272,47
3.297,54
3.322,58
3.323,62
3.323,66
3.324,67
3.326,69
3.306,72
3.329,71
3.279,70
3.307,73
3.334,74
3.31,75
3.31,75
3.331,72
3.307,73
3.332,73
3.325,68
3.274,62
3.247,46
3.272,48
3.378,71
3.35,80
3.389,78
3.337,76
3.372,66
3.353,70
3.351,69
3.335,75
3.332,73
3.304,71
3.325,68
3.274,64
3.323,66
3.348,60
3.372,60
3.372,65
3.372,62
3.347,56
3.371,57
3.396,57
3.322,54
3.42,49
3.345,44
3.322,36
11.927,83
12.01,85
11.952,78
11.994,73
12.055,84
10.787,94
10.816,95
10.796,102
10.652,92
10.447,91
10.301,82
10.275,74
10.341,80
10.36,84
10.321,81
10.448,87
11.955,93
11.897,97
10.74,90
10.659,84
10.523,73
8.91,86
8.845,77
8.814,73
8.763,73
8.789,73
8.945,92
8.817,82
8.866,74
8.763,73
8.718,76
8.716,75
8.813,72
8.83,66
8.906,66
8.855,62
8.805,66
8.805,64
8.83,66
8.832,68
8.805,66
8.779,59
8.828,51
10.652,76
10.65,82
9.358,94
9.066,87
8.912,71
8.888,72
8.716,75
8.792,75
8.819,76
8.869,76
8.913,81
8.891,74
8.918,75
8.967,74
8.983,80
8.953,79
8.928,79
8.921,77
8.869,76
8.857,80
8.819,76
8.819,76
8.857,80
8.82,77
8.713,73
8.805,85
8.993,75
8.902,84
9.002,84
10.646,91
10.236,79
10.613,85
10.101,82
10.054,77
10.039,85
10.366,90
10.853,88
10.024,74
11.687,90
11.675,88
11.675,88
11.619,87
11.643,91
11.674,92
11.605,93
10.288,94
10.313,94
10.078,92
10.416,90
10.518,86
10.615,80
10.056,78
9.946,81
9.89,80
10.185,89
10.009,84
9.769,81
9.519,73
9.623,75
9.778,77
9.83,78
9.88,83
9.972,96
11.257,93
11.216,86
9.77,91
9.714,80
9.764,80
9.754,83
9.805,83
9.846,91
9.837,94
9.852,92
9.837,94
9.827,92
9.79,90
9.84,90
9.802,92
9.808,93
9.833,93
9.852,92
9.817,86
9.78,83
9.8,82
9.759,79
9.795,81
9.834,89
11.045,96
9.83,78
9.78,78
9.872,73
9.872,73
9.911,79
10.11,84
9.946,81
9.936,79
9.91,84
9.91,84
10.015,80
9.936,79
9.569,72
9.443,72
9.419,73
9.553,78
10.114,85
10.572,87
9.822,73
9.853,77
9.89,80
9.83,78
9.759,79
9.78,78
9.739,68
9.74,69
9.718,71
9.717,70
9.72,72
9.717,70
9.746,73
9.718,71
9.724,75
9.773,74
9.776,76
9.855,78
9.827,76
10.351,75
11.12,91
9.951,82
10.056,83
10.126,82
9.739,80
9.572,74
9.633,79
9.528,78
9.83,83
10.518,86
10.567,86
10.588,85
10.542,86
10.491,80
10.471,81
10.481,83
10.296,81
9.923,73
9.767,70
9.696,73
9.684,79
9.771,87
9.805,83
9.704,83
9.628,83
9.633,79
9.471,74
9.521,74
9.588,80
11.273,82
10.88,78
10.379,77
9.561,85
9.412,80
9.351,78
9.437,80
9.462,80
9.417,81
9.4,77
9.374,77
9.356,79
9.371,75
9.459,94
9.98,78
9.931,78
9.85,82
9.98,78
9.971,81
9.946,81
10.201,82
10.281,78
10.545,81
11.288,90
11.251,92
9.83,78
9.734,79
9.752,77
10.94,90
10.426,82
10.584,89
11.183,89
11.162,85
11.351,88
9.771,73
9.847,73
10.379,77
10.688,64
10.905,83
10.501,82
10.559,84
10.625,75
10.9,75
11.054,83
11.058,84
11.005,83
10.988,85
10.984,84
11.054,83
11.054,78
11.016,69
10.526,82
10.55,82
10.552,76
10.653,88
16.491,84
16.491,84
10.412,48
10.51,84
10.476,82
10.291,80
10.296,81
10.431,83
10.316,80
10.289,85
10.097,72
17.251,91
16.345,94
16.218,89
16.156,87
16.66,88
16.341,93
10.164,63
10.063,94
9.885,79
9.778,77
10.771,91
11.071,87
10.588,85
10.613,85
11.114,90
11.237,85
11.079,83
10.965,80
10.795,81
10.705,83
10.825,82
11.171,87
11.166,86
10.822,87
10.555,83
10.555,83
10.58,78
10.73,83
10.959,84
11.039,90
11.157,93
9.817,86
9.785,79
9.726,76
9.795,81
9.875,82
9.802,76
9.802,76
9.803,77
9.88,78
9.835,79
9.827,76
9.83,78
9.835,79
9.852,76
9.847,87
16.649,86
16.397,80
16.519,94
10.288,56
10.323,73
10.321,81
10.279,77
10.306,78
4.558,68
10.329,88
10.384,93
10.403,76
16.516,89
10.251,82
4.46,68
4.522,88
4.467,87
4.475,83
4.482,66
4.455,40
16.544,94
16.669,94
16.653,91
16.683,92
16.689,93
16.644,94
16.54,93
16.6,101
10.348,87
10.447,96
10.291,90
4.555,50
4.472,76
4.503,84
4.509,90
4.54,91
4.479,89
4.486,86
4.42,75
4.42,75
4.422,76
4.416,72
4.422,76
4.396,75
4.43,79
4.381,79
4.325,77
4.319,73
4.277,78
4.297,75
4.318,72
4.321,74
4.319,73
4.324,76
4.307,79
4.325,77
4.302,78
4.336,80
4.341,81
4.346,82
4.376,78
4.386,80
4.374,77
4.322,82
4.287,80
4.282,79
4.272,75
4.287,80
4.349,77
4.371,75
4.334,65
4.038,64
3.622,69
3.524,69
3.572,68
3.819,69
3.944,70
3.926,74
3.932,78
3.927,75
3.951,75
3.978,76
4.03,78
4.127,77
4.223,75
4.272,75
4.299,76
4.294,73
4.299,76
4.299,76
4.299,76
4.318,72
4.313,69
4.31,66
4.282,45
15.057,91
15.026,80
15.07,89
15.094,93
3.97,28
4.011,40
4.086,47
4.012,50
4.037,53
4.037,54
4.061,51
4.062,55
3.989,62
3.917,68
3.772,70
3.773,71
3.775,72
3.773,71
3.824,72
3.775,72
3.818,68
3.773,71
3.822,71
3.768,67
3.8,73
3.818,68
3.817,67
3.797,71
3.827,74
3.819,69
3.83,76
3.776,73
3.806,77
3.778,75
3.831,77
3.777,74
3.828,75
3.905,77
3.954,77
3.979,77
3.93,77
3.93,77
3.93,77
3.951,75
3.975,74
3.841,62
2.658,49
2.501,50
2.632,50
2.606,51
2.607,55
2.581,59
2.608,61
2.608,60
2.634,60
2.608,61
2.582,60
2.608,61
2.556,61
2.556,62
2.503,58
2.555,53
2.503,56
2.529,53
2.529,54
2.528,50
2.528,52
2.555,54
2.555,56
2.555,54
2.554,50
2.555,54
2.658,50
2.632,48
2.633,36
2.662,33
2.587,25
2.767,24
14.538,82
14.519,83
14.486,87
14.494,83
14.494,83
14.609,91
14.56,87
14.519,78
14.51,72
14.502,66
14.352,65
14.303,67
3.764,40
3.79,53
3.767,63
3.816,63
3.742,66
3.791,60
3.791,63
3.828,75
3.78,76
3.783,78
3.757,77
3.777,74
3.879,76
3.846,70
3.621,68
3.479,72
3.482,74
3.471,64
3.619,63
4.019,70
4.119,81
4.183,79
4.198,82
4.182,84
4.154,83
4.137,85
4.108,84
4.104,83
4.104,83
4.104,83
3.981,78
3.879,76
2.747,72
2.695,73
2.691,70
2.66,63
2.661,67
2.712,61
2.659,59
2.634,63
2.66,63
2.66,62
2.686,62
2.66,62
2.634,62
2.659,57
2.659,58
2.691,70
2.766,80
2.826,87
2.754,88
2.716,86
2.62,75
2.671,74
2.668,72
2.666,71
2.637,69
2.611,69
2.635,67
2.634,65
2.608,63
2.608,63
2.66,65
2.608,66
2.582,63
2.608,61
2.634,61
2.582,62
2.608,64
2.608,63
2.582,60
2.555,57
2.373,55
2.244,65
2.387,75
3.892,80
3.838,79
3.838,79
3.877,75
3.932,78
4.024,74
4.055,78
4.074,74
4.08,78
4.072,73
4.078,77
4.104,78
4.12,72
4.137,66
4.134,42
17.533,78
17.5,72
3.908,21
4.061,37
3.961,42
3.913,52
3.964,63
4.017,69
3.975,74
4.024,74
4.001,75
3.991,80
4.035,79
3.996,81
4.016,80
3.932,78
3.778,75
3.701,72
3.769,68
3.964,65
3.972,72
4.035,79
4.03,78
3.945,71
3.791,64
3.624,70
3.587,83
3.562,83
3.557,82
3.547,80
3.528,81
3.552,81
3.523,80
3.547,80
3.597,80
3.659,77
3.862,79
4.03,78
2.096,72
2.085,51
2.11,42
2.085,50
2.139,53
2.139,54
2.14,61
2.139,57
2.191,57
2.166,60
2.139,59
2.166,61
2.192,61
2.192,63
2.166,61
2.166,61
2.192,61
2.192,65
2.166,65
2.14,64
2.14,64
2.14,62
2.192,60
2.166,61
2.192,65
2.192,63
2.192,63
2.192,62
2.192,64
2.14,63
2.166,64
2.192,63
2.166,61
2.192,60
2.218,61
2.191,58
2.191,56
2.191,55
2.139,57
2.139,57
2.112,58
2.139,57
2.087,60
2.06,59
2.14,63
2.087,63
2.14,62
2.139,57
2.14,60
2.139,58
2.137,52
2.139,57
2.191,53
2.139,59
2.14,63
2.113,63
2.086,59
2.06,54
2.033,52
2.034,59
2.009,61
1.932,64
1.958,63
1.931,59
1.932,61
2.117,69
3.156,71
3.137,75
3.136,74
3.03,70
2.197,70
2.035,62
2.008,57
1.957,54
1.931,58
1.906,55
1.931,56
1.931,54
1.931,55
1.93,51
1.931,53
1.931,57
1.931,58
1.931,58
1.989,71
2.155,77
2.097,73
2.009,66
2.008,59
1.982,57
2.008,57
1.982,55
2.035,60
2.061,65
2.143,69
2.87,67
3.063,75
3.133,72
3.235,74
3.214,77
3.236,75
3.236,75
3.271,79
3.295,79
3.284,74
3.23,71
2.089,68
1.984,67
1.983,62
1.982,59
2.037,68
2.088,67
2.146,71
2.146,71
2.088,67
2.009,65
1.983,64
1.983,62
1.983,61
1.982,58
1.982,59
1.983,63
2.009,61
1.983,63
1.985,68
1.959,67
2.04,70
2.097,73
2.516,75
2.78,77
2.954,81
1.617,77
1.497,79
1.388,77
1.302,70
1.273,68
1.271,63
1.27,56
1.245,54
1.219,51
1.219,52
1.22,54
1.22,53
1.245,54
1.244,52
1.22,55
1.27,55
1.269,51
1.244,52
1.27,56
1.245,55
1.27,56
1.27,58
1.321,54
1.297,62
1.322,62
1.322,61
1.372,58
1.399,60
1.424,60
1.475,61
1.474,59
1.423,58
1.423,54
1.423,58
1.372,57
1.424,66
1.399,63
1.423,59
1.424,60
1.424,62
1.424,62
1.449,62
1.423,59
1.475,64
1.478,69
1.475,66
1.5,66
1.577,66
3.051,64
3.063,75
3.037,74
3.014,76
3.108,81
3.073,79
1.487,75
3.057,71
3.031,71
3.025,66
2.895,60
2.869,60
2.946,54
3.024,59
3.024,55
3.024,57
1.398,59
1.399,62
1.399,65
1.399,65
1.373,62
1.423,55
1.398,55
1.398,58
1.399,62
1.424,60
1.424,62
1.425,67
1.404,70
1.5,65
2.27,60
2.503,58
2.607,58
2.711,59
2.686,62
2.711,58
1.219,52
1.446,45
1.396,43
1.27,36
1.298,34
1.329,27
1.319,39
2.136,44
2.398,51
2.528,52
2.475,52
2.555,53
2.555,54
2.556,60
2.608,62
2.712,64
2.764,62
2.797,71
2.88,74
2.881,75
3.014,76
3.078,80
2.936,77
2.901,71
1.398,58
1.321,54
1.32,49
1.32,51
1.296,54
1.27,58
1.424,60
1.378,70
3.048,79
3.177,80
3.345,79
3.288,77
3.365,78
2.826,73
2.721,72
2.66,65
2.66,60
2.608,64
2.582,62
2.608,64
2.556,62
2.503,57
2.45,56
2.607,53
2.607,57
2.607,57
2.607,54
2.582,60
2.659,58
2.582,62
2.555,59
2.606,52
2.657,43
2.735,42
2.762,50
2.607,54
2.529,58
2.503,55
2.503,57
2.503,54
2.659,55
2.712,60
2.79,60
2.763,57
2.79,61
2.803,75
2.829,82
2.792,80
4.571,77
4.645,77
4.598,78
4.603,79
2.532,80
2.439,82
2.426,85
2.426,85
2.426,85
2.452,85
2.444,78
2.413,75
2.383,72
2.322,65
2.374,66
2.556,61
2.79,63
2.79,60
2.711,54
2.712,66
2.646,82
2.571,88
2.624,88
2.56,86
2.532,80
2.573,83
2.604,84
2.624,88
2.604,84
2.547,78
2.507,69
2.529,57
2.529,59
2.504,63
2.504,65
2.53,65
2.479,67
2.451,66
2.451,66
2.477,62
2.426,66
2.451,66
2.451,60
2.426,61
2.45,58
2.4,60
2.399,57
2.399,53
2.424,51
2.448,41
2.501,51
2.503,55
2.268,52
2.164,47
2.242,52
2.19,52
2.191,53
2.19,52
2.217,54
2.243,56
2.191,58
2.243,58
2.296,61
2.244,62
2.27,63
2.296,60
2.296,61
2.295,59
2.296,60
2.347,59
2.322,61
2.322,60
2.322,60
2.321,59
2.348,61
2.374,62
2.348,62
2.348,60
2.321,57
2.295,55
2.295,56
2.269,54
2.166,60
2.151,74
2.157,78
2.147,81
2.152,75
2.172,71
2.143,69
2.154,76
2.189,79
2.225,81
2.154,76
2.151,74
2.117,69
4.754,62
4.705,61
4.803,63
4.858,70
4.953,69
5.066,78
5.138,76
5.164,77
5.182,72
5.161,75
5.201,68
5.173,57
25.377,32
4.925,37
4.949,59
4.989,76
4.938,82
4.955,86
5.014,88
2.011,90
1.891,87
1.979,89
1.958,85
1.827,84
1.889,81
1.899,83
1.878,84
1.772,83
1.818,82
2.001,78
1.887,70
1.856,65
1.931,59
1.981,52
4.827,58
4.754,64
4.754,66
4.732,69
4.707,68
4.663,72
4.661,71
4.645,77
4.642,75
4.59,73
1.74,74
1.843,75
1.738,73
1.797,78
1.874,83
1.891,87
1.865,87
1.903,89
1.821,88
1.809,86
1.823,83
1.782,80
1.797,83
1.766,74
1.757,68
1.756,67
1.728,58
1.729,61
1.728,57
1.728,56
1.752,46
1.702,50
1.704,65
1.766,74
1.848,78
1.817,74
1.836,70
1.885,69
1.858,68
1.882,63
1.779,59
1.728,57
1.88,51
1.703,57
1.556,70
3.537,78
1.818,82
3.574,86
1.967,87
2.022,82
1.945,75
2.01,67
2.921,60
3.051,61
3.124,55
3.147,45
3.226,33
3.324,23
25.872,40
25.847,43
25.773,49
25.748,52
25.925,66
26.126,68
3.251,16
3.151,18
3.104,24
3.058,26
3.13,29
3.027,32
3.053,33
3.025,35
3.054,31
3.026,34
3.052,34
2.998,36
3.05,36
3.022,39
2.996,44
2.97,44
2.92,54
2.894,56
2.894,55
2.92,58
2.894,55
2.842,57
2.814,50
2.868,55
2.919,46
2.998,54
2.973,61
2.869,66
2.79,65
2.79,64
2.79,62
2.79,62
2.738,61
2.764,66
2.816,62
2.869,63
2.952,70
3,67
3.081,70
3.052,67
3.078,68
3.03,70
3.028,69
3.03,70
2.956,73
2.975,68
2.956,73
2.981,72
2.985,75
3.056,70
3.078,68
3.128,69
3.18,70
3.101,62
3.024,59
2.973,66
3.025,64
3.025,62
3.025,66
3.181,71
3.377,70
3.502,71
3.546,67
3.303,70
3.076,64
3.077,67
3.127,68
3.257,72
3.431,73
3.575,70
3.722,70
3.781,77
3.879,76
3.896,71
3.927,75
3.956,78
2.152,82
2.35,80
2.312,77
2.209,78
2.245,67
2.243,59
2.243,54
2.269,56
2.268,52
2.321,59
2.324,68
2.376,80
2.25,71
2.242,52
2.269,54
2.295,55
2.296,60
2.252,72
2.286,77
2.338,77
2.408,81
2.352,86
4.473,77
4.419,74
4.121,73
3.899,73
3.951,82
3.971,81
4.035,79
4.183,79
4.126,76
3.871,71
3.678,73
3.57,66
3.625,71
3.686,78
3.793,80
3.813,79
3.806,77
3.823,81
3.865,85
3.845,86
3.861,84
3.841,85
3.833,83
3.861,84
3.848,81
3.853,82
3.823,81
3.781,77
3.764,79
3.756,76
3.678,73
3.628,73
3.579,73
3.479,72
3.48,73
3.473,68
3.554,73
3.677,72
3.702,73
3.579,73
3.427,70
3.406,73
3.377,70
3.357,73
3.285,75
2.452,67
2.295,57
2.244,61
2.295,59
2.269,58
2.269,58
2.244,61
2.244,61
2.322,62
2.454,68
3.254,70
3.277,69
3.226,68
3.204,70
3.125,64
3.125,65
3.051,61
2.972,56
2.972,58
2.947,64
3.076,65
3.619,66
3.843,68
3.862,79
3.813,79
3.798,81
3.813,79
3.788,79
3.777,74
3.658,76
3.542,79
3.436,76
3.384,75
3.402,70
3.454,72
3.454,72
3.477,71
3.397,64
3.371,58
3.422,62
3.397,60
3.371,57
3.421,57
3.62,67
3.768,67
3.828,75
3.877,75
3.927,75
3.901,74
3.929,76
3.927,75
3.93,77
3.882,78
3.926,74
3.904,76
3.88,77
3.929,76
3.904,76
3.932,78
3.882,78
3.778,75
3.625,71
3.527,71
3.579,73
3.53,73
3.547,68
3.521,61
3.568,48
3.887,45
4.011,44
4.035,45
4.012,47
3.987,47
4.012,46
4.061,51
4.062,54
4.062,56
4.062,56
4.062,54
4.062,53
4.061,51
4.062,53
4.036,49
3.986,45
4.012,46
4.011,43
3.937,42
3.913,47
3.963,56
3.964,61
3.917,68
3.927,75
3.813,79
3.739,79
3.659,77
3.636,78
3.584,76
3.582,75
3.531,74
3.579,73
3.523,68
3.595,65
3.717,62
3.965,67
3.969,70
3.998,73
4.068,70
4.039,67
3.768,67
3.778,75
3.757,77
3.78,76
3.813,79
3.802,74
3.788,79
3.793,80
3.769,80
3.731,76
3.732,77
3.681,75
3.653,73
3.627,72
3.598,69
3.595,61
3.618,57
3.568,51
3.519,50
3.471,60
3.297,55
3.248,55
3.298,60
3.323,61
3.273,59
3.15,60
3.224,66
3.232,72
3.258,73
3.258,73
3.238,76
3.261,75
3.257,72
3.263,76
3.283,73
3.309,74
3.331,72
3.284,74
3.276,68
3.25,67
3.249,63
3.197,44
3.074,49
3.026,67
3.078,68
3.081,70
3.337,76
3.686,78
3.783,78
3.757,77
3.778,75
3.828,75
3.803,75
3.808,78
3.83,76
3.905,77
3.954,77
3.953,76
3.926,74
3.83,76
3.732,77
3.485,76
3.183,72
3.079,69
3.051,66
3.026,67
2.973,66
2.923,68
2.869,66
2.816,63
2.869,61
2.895,65
2.869,64
3.128,69
3.43,72
3.51,76
3.579,73
3.474,69
3.35,68
3.306,72
3.15,66
3.076,66
2.973,63
2.973,66
3.028,69
3.025,66
3.051,66
3.051,66
3.053,68
3.085,73
3.11,73
3.087,74
3.085,73
3.087,74
3.079,69
3.106,70
3.153,69
3.128,69
3.051,65
2.998,59
2.869,60
2.816,60
2.869,65
2.843,66
2.869,66
2.901,71
3.065,76
3.468,79
3.592,79
3.488,78
3.266,78
3.181,71
3.131,71
3.133,72
3.134,73
3.181,71
3.183,72
3.235,74
3.257,72
3.277,69
3.277,69
3.277,69
3.373,67
3.671,68
3.967,69
3.992,69
3.995,71
4.044,71
3.989,66
3.988,59
3.964,62
3.964,62
3.963,55
3.887,43
3.913,46
3.714,45
3.617,52
3.89,60
3.965,67
3.973,73
3.901,74
3.871,71
3.855,76
3.902,75
3.975,74
3.981,78
3.942,80
3.892,80
3.731,76
3.585,77
3.48,73
3.454,72
3.455,73
3.483,75
3.486,77
3.477,71
3.477,71
3.476,70
3.482,74
3.507,74
3.529,72
3.532,75
3.534,76
3.578,72
3.584,76
3.652,72
3.653,73
3.68,74
3.732,77
3.707,76
3.739,79
3.686,78
3.684,77
3.686,78
3.71,78
3.744,80
3.72,80
3.774,81
3.754,82
3.695,80
3.659,77
3.659,77
3.634,77
3.634,77
3.684,77
3.678,73
3.655,74
3.68,74
3.625,71
3.677,72
3.659,77
3.671,80
3.684,77
3.61,77
3.607,75
3.553,72
3.527,71
3.507,74
3.532,75
3.53,73
3.535,77
3.422,65
3.37,52
3.448,32
3.662,21
3.498,16
,
3.571,18
3.528,26
3.526,29
3.571,34
3.592,40
3.567,44
3.569,53
3.544,58
3.521,65
3.496,65
3.474,69
3.477,71
3.531,74
3.48,73
3.479,72
3.53,73
3.479,72
3.513,78
3.535,77
3.567,79
3.567,79
3.476,70
3.522,67
3.521,66
3.55,70
3.582,75
3.567,79
3.612,78
3.63,74
3.628,73
3.596,67
3.6,70
3.633,76
3.609,76
3.633,76
3.675,71
3.669,61
3.643,58
3.617,48
3.568,51
3.42,51
3.322,53
3.321,51
3.322,53
3.421,55
3.495,58
3.421,55
3.347,58
3.428,71
3.579,73
3.603,72
3.592,42
3.617,52
3.619,66
3.631,75
3.655,74
3.627,72
3.625,71
3.57,64
3.47,56
3.37,50
3.37,49
3.369,44
3.395,51
3.47,58
3.619,61
3.644,65
3.734,78
3.729,75
3.556,74
3.375,69
3.227,69
3.178,69
3.23,71
3.183,72
3.335,75
3.609,76
3.695,80
3.731,76
3.734,78
3.609,76
3.485,76
3.412,77
3.208,73
3.156,71
3.131,71
3.156,71
2.711,59
2.607,57
2.633,59
2.607,59
2.608,63
2.634,61
2.634,60
2.685,59
2.869,65
3.223,59
3.471,66
2.895,61
2.66,60
2.869,62
2.868,53
2.868,54
2.945,49
3.023,52
2.919,50
2.736,51
2.92,56
3.594,59
3.819,69
3.876,74
3.85,73
3.879,76
3.748,71
3.471,65
2.45,56
2.449,50
2.425,54
2.45,58
2.476,57
2.476,56
2.555,59
3.545,66
3.627,72
3.601,71
3.578,72
3.527,71
3.448,68
3.125,65
2.895,62
2.947,64
2.947,66
2.921,66
2.921,63
2.921,60
2.868,55
2.867,52
2.657,44
3.124,55
3.422,63
3.477,71
3.455,73
3.457,74
3.477,71
3.452,71
3.458,75
3.463,78
3.455,73
3.397,64
3.323,64
3.397,66
3.402,70
3.349,67
2.295,56
2.19,49
2.242,52
2.321,53
2.347,55
2.661,67
2.947,66
3.081,70
3.18,70
3.236,75
3.184,73
3.183,72
3.184,73
3.133,72
3.081,70
3.133,72
3.03,70
3.041,77
2.952,70
2.869,66
2.712,66
2.4,60
2.373,54
2.399,56
2.295,56
2.295,55
2.295,57
2.295,57
2.347,55
2.321,55
2.347,54
2.425,56
2.607,57
2.764,66
2.87,67
2.87,67
2.924,69
2.921,64
2.897,68
2.921,65
2.895,65
2.869,61
2.92,53
3.124,56
3.38,72
3.226,80
3.125,85
3.152,80
3.084,72
3.133,72
3.225,67
3.351,69
3.532,75
3.581,74
3.63,74
3.627,72
3.671,68
3.772,70
3.751,73
3.699,71
3.72,69
3.723,71
3.723,71
3.725,72
3.75,72
3.819,69
3.819,69
3.849,72
3.865,65
3.839,49
3.551,28
3.353,25
3.446,58
9.167,87
3.323,61
3.322,58
3.371,57
3.347,55
3.494,37
3.378,19
3.226,33
3.222,47
3.321,52
3.297,53
3.297,53
9.162,86
9.134,90
14.091,92
14.061,87
14.139,97
14.318,98
14.177,85
14.211,87
14.202,85
14.173,84
14.154,90
14.135,91
14.192,88
14.255,95
14.214,97
14.048,84
14.148,84
14.154,90
14.135,91
9.513,95
9.418,96
9.358,94
9.392,96
9.362,95
9.367,96
9.337,95
9.241,96
9.191,91
9.146,92
9.198,88
9.207,94
9.173,88
14.074,79
14.11,72
9.15,83
9.309,100
14.079,68
14.069,78
14.067,88
14.052,85
14.061,87
14.116,76
14.051,53
14.074,38
24.048,84
24.089,82
23.95,79
24.079,80
24.234,81
24.316,76
24.357,70
24.236,73
24.061,73
24.188,74
22.048,78
22.298,78
22.387,71
13.356,60
4.535,31
4.605,54
4.705,62
4.716,75
4.702,79
4.719,77
4.715,74
4.688,72
4.718,76
4.763,73
4.76,71
4.713,73
4.769,77
4.731,80
4.736,81
4.756,80
4.62,76
4.294,73
4.14,69
4.248,75
4.399,77
4.547,77
4.672,78
4.746,83
4.806,95
4.827,94
4.792,92
4.849,89
4.805,90
4.885,96
4.843,88
4.763,73
4.744,77
4.721,78
4.766,82
4.751,79
4.768,76
4.689,73
4.635,70
4.358,56
4.358,57
4.506,59
4.556,55
4.705,61
4.705,62
4.754,61
4.654,55
4.703,51
4.678,49
4.703,46
4.703,48
4.652,39
4.405,44
4.259,53
4.236,66
4.277,78
4.264,86
4.252,83
4.268,72
4.406,46
4.578,43
4.652,42
4.727,47
4.727,48
4.729,60
4.729,65
4.705,66
4.556,57
4.356,45
4.262,32
4.087,36
4.159,42
4.109,45
4.16,51
4.211,64
4.164,68
4.174,75
4.183,79
4.213,80
4.218,81
4.198,82
4.193,81
4.154,78
4.169,81
4.149,82
4.159,79
4.188,80
4.164,80
4.129,78
4.176,76
4.139,80
4.126,76
4.12,72
4.145,72
4.142,70
2.51,71
2.567,74
2.597,77
2.624,77
2.646,82
4.072,73
4.052,76
4.078,77
3.972,72
3.767,64
3.644,61
3.669,64
3.67,67
3.649,70
3.527,71
3.729,75
4.514,81
4.534,80
4.336,80
3.892,80
3.757,77
3.729,75
3.744,80
3.715,79
3.757,77
3.78,76
3.723,71
3.722,70
3.729,75
3.734,78
3.82,86
3.828,82
2.972,58
2.921,63
3.04,76
2.921,85
4.724,93
4.682,90
4.68,85
4.731,90
4.704,94
4.663,91
4.67,88
4.676,89
2.665,70
2.738,63
2.659,53
2.555,53
2.346,52
2.66,61
2.818,67
2.816,64
2.896,67
2.764,61
2.818,67
2.73,78
2.704,78
2.771,71
4.48,79
4.44,81
4.44,81
4.415,81
4.438,70
4.469,74
2.032,79
2.157,78
4.489,81
4.553,89
4.491,87
4.45,83
4.437,86
4.45,83
4.486,86
2.924,69
2.949,68
2.999,64
2.701,76
2.722,73
3.816,62
3.075,57
2.556,62
2.652,83
2.646,82
2.605,79
2.673,82
2.738,85
2.676,77
2.756,78
2.646,82
2.579,79
2.63,84
2.62,82
2.678,78
2.779,76
2.808,78
4.484,80
4.556,85
5.587,92
5.675,90
5.687,88
5.724,90
5.625,90
4.441,91
4.355,84
4.417,87
4.442,87
4.46,90
4.473,88
4.473,88
4.454,84
4.445,82
4.489,81
4.547,88
5.426,95
3.153,95
3.146,89
3.239,88
3.35,90
3.421,94
3.442,93
3.091,88
2.532,90
2.416,88
2.378,86
2.344,89
2.383,91
2.376,90
2.376,90
2.338,88
2.348,85
2.547,78
3.032,81
4.348,76
4.376,78
4.341,81
4.38,84
4.322,82
2.825,72
2.609,67
2.555,58
2.347,54
2.269,58
2.305,73
2.203,74
2.073,74
2.3,86
5.502,86
5.445,79
5.498,85
5.452,86
5.444,84
2.975,90
2.93,87
2.85,81
2.745,71
2.722,73
2.622,76
2.605,79
2.608,85
2.673,82
2.79,85
2.812,84
2.73,78
2.746,81
2.719,81
2.678,83
2.712,85
2.704,83
2.686,85
2.676,88
2.652,83
2.634,85
2.604,84
2.669,87
2.65,88
2.591,87
2.612,86
2.617,87
2.404,86
2.422,84
2.462,87
2.556,85
2.499,84
2.553,79
2.594,82
2.431,86
2.513,87
2.558,80
2.408,81
2.392,83
2.36,74
2.335,75
2.34,78
2.199,81
2.305,87
2.392,83
2.392,83
2.402,90
2.309,82
2.272,80
2.245,67
2.345,39
2.25,28
2.197,29
2.401,23
14.355,69
2.141,23
2.165,36
3.222,46
3.247,46
1.98,41
2.192,35
2.015,28
2.197,25
2.251,26
1.913,28
9.561,85
2.066,30
14.381,86
2.241,39
2.553,39
2.919,48
3.296,50
3.618,57
3.693,55
3.889,57
4.111,58
4.112,65
3.994,70
3.799,72
3.777,74
3.887,79
4.028,77
4.072,73
4.044,71
4.088,62
4.085,40
4.011,44
3.888,50
3.57,60
3.627,72
3.758,88
3.053,80
2.474,79
2.431,86
2.641,81
4.894,83
5.061,82
5.104,70
3.669,60
3.668,58
3.529,72
3.511,77
3.537,78
3.582,75
3.562,78
3.584,76
3.531,74
3.553,72
3.584,76
3.609,76
3.659,77
3.691,79
3.678,73
3.707,76
3.681,75
3.659,77
3.684,77
3.63,74
3.646,80
3.606,74
3.631,75
3.562,78
3.531,74
3.531,74
3.529,72
3.527,71
3.534,76
3.531,74
3.532,75
3.557,75
3.581,74
3.584,76
3.53,73
3.578,72
3.576,71
3.573,69
3.531,74
3.575,70
3.625,71
3.701,72
3.756,76
3.732,77
3.728,74
3.757,77
3.777,74
3.781,77
3.778,75
3.754,75
3.731,76
3.726,73
3.731,76
3.729,75
3.729,75
3.726,73
3.776,73
3.778,75
3.701,72
3.298,64
3.224,63
3.174,59
3.18,70
3.139,76
3.033,72
2.947,66
2.973,60
2.92,59
2.922,67
2.958,74
2.918,79
2.907,82
5.078,86
5.106,81
5.041,83
5.095,84
5.124,85
3.574,86
3.644,85
3.673,86
3.702,87
3.739,89
3.627,91
3.646,90
3.547,90
3.504,91
3.492,89
3.547,90
3.597,90
3.603,91
3.64,89
3.57,85
3.673,86
3.725,81
3.735,83
3.788,79
3.788,79
3.78,76
3.781,77
3.63,74
3.502,71
3.372,65
3.452,71
3.331,72
2.976,69
2.844,67
2.79,64
2.816,60
2.764,65
2.843,60
2.839,79
2.933,82
2.921,63
2.923,68
2.976,69
2.922,67
2.843,64
2.869,64
2.816,63
2.868,59
2.849,71
2.673,75
2.46,72
2.581,59
2.718,28
2.725,20
2.87,23
2.901,28
2.762,37
2.813,41
2.814,47
2.815,56
2.867,51
2.815,56
2.788,52
2.814,47
2.865,44
2.923,32
,
11.066,30
11.012,55
10.975,75
10.99,80
2.424,46
2.451,62
2.325,69
2.373,55
10.843,70
10.864,67
10.815,68
10.813,65
10.813,66
10.844,71
10.805,78
10.778,77
2.271,23
2.246,33
2.189,39
2.267,43
2.19,51
2.216,52
2.191,57
2.191,53
2.191,58
2.217,55
2.191,56
2.165,56
2.19,50
2.19,51
2.164,49
2.242,50
2.243,53
2.163,41
8.986,70
8.96,86
8.879,59
9.103,84
9.149,98
9.103,84
9.069,75
9.09,72
9.154,89
9.172,92
9.078,84
9.235,90
9.228,93
9.261,95
9.143,74
2.867,49
2.894,58
5.401,69
5.205,71
5.163,76
5.161,75
5.208,73
5.459,74
4.33,89
4.226,88
4.275,88
4.256,89
4.244,91
4.24,86
4.176,77
4.213,80
4.218,81
4.281,89
4.318,91
5.706,87
5.704,81
3.843,80
3.833,83
3.83,76
3.841,66
3.844,69
3.876,74
3.87,70
3.871,71
3.923,72
3.87,70
3.927,75
4.006,83
4.025,82
3.996,81
3.971,81
3.887,79
3.843,80
3.744,80
3.861,84
4.886,87
-99999999,
5.099,85
5.199,85
5.331,81
5.475,80
5.532,87
5.523,85
4.05,75
4.126,76
4.121,73
4.014,65
4.072,73
4.08,83
4.07,81
4.104,83
4.035,79
4.1,82
4.085,79
4.119,81
4.09,80
4.085,79
4.09,80
4.035,79
4.09,80
4.129,78
4.1,82
4.166,86
4.22,87
5.199,85
5.016,78
4.936,73
5.111,75
5.5,80
5.874,80
6.028,81
6.079,72
6.057,74
5.983,74
5.884,75
5.708,74
5.135,74
5.011,75
4.982,81
5,85
5.095,84
5.241,83
5.494,84
5.544,84
5.457,87
5.195,89
4.787,87
4.736,81
4.708,69
4.834,71
5.263,76
5.438,77
5.465,78
5.465,78
5.47,79
5.445,79
5.462,76
5.475,80
5.49,83
5.435,82
5.216,83
4.964,76
4.856,69
5.214,77
5.394,84
5.336,82
5.106,81
4.99,77
5.214,77
5.49,78
5.412,76
5.016,78
4.713,73
4.958,81
4.972,79
4.869,78
4.792,76
4.744,77
4.746,78
4.781,80
4.917,88
4.99,92
5.099,85
5.307,72
5.407,73
5.285,74
4.716,75
4.488,71
4.493,74
4.491,73
4.513,71
4.48,79
4.484,80
4.455,79
4.45,78
4.435,80
4.43,79
4.445,82
4.435,80
4.435,80
4.465,81
4.417,73
4.42,75
4.398,76
4.152,77
3.979,77
3.905,77
3.338,77
2.878,73
2.792,80
4.291,71
4.292,81
4.154,78
4.065,80
3.986,79
4.03,78
3.979,77
3.902,75
3.641,79
3.082,71
2.871,68
2.843,64
2.87,67
2.874,70
2.875,71
3.112,74
3.116,77
2.947,63
2.895,64
2.844,67
2.872,69
2.974,67
2.921,64
2.869,62
2.895,61
2.921,63
2.895,63
3.125,62
3.127,68
3.025,64
2.869,66
2.764,66
2.79,64
2.741,69
2.712,65
2.712,63
2.765,67
2.816,61
2.79,66
2.816,64
2.738,66
2.764,64
2.712,62
2.712,65
2.66,66
2.608,61
2.611,69
2.582,64
2.66,65
2.686,65
2.766,68
2.973,63
2.973,65
2.607,56
2.529,57
2.555,55
2.555,59
2.556,61
2.53,60
2.529,58
2.556,61
2.555,57
2.503,54
2.555,53
2.606,48
2.606,47
2.606,51
2.606,50
5.556,72
5.603,70
5.598,60
10.763,85
8.109,87
5.468,93
5.513,88
5.665,78
5.705,72
5.702,70
5.595,79
5.718,89
5.587,76
5.44,78
5.331,81
5.286,82
5.176,80
5.116,78
5.036,75
5.038,76
5.057,72
5.088,76
5.005,70
5.009,73
5.063,76
5.103,86
5.173,94
5.207,96
5.447,94
5.637,92
5.457,87
5.513,88
5.563,88
5.701,86
5.65,68
5.704,81
5.762,88
5.762,88
5.704,81
5.68,72
5.635,75
5.606,72
5.61,75
5.584,74
5.612,76
5.675,80
5.634,74
5.556,72
5.38,81
5.402,86
5.338,76
5.321,79
5.378,70
5.456,72
5.407,73
5.395,79
5.413,77
5.351,69
5.3,67
5.304,70
5.307,72
5.26,74
5.285,74
5.258,73
5.316,78
5.31,74
5.255,71
5.305,71
5.291,83
5.308,87
5.295,89
5.208,87
5.176,80
5.131,81
5.163,76
5.155,71
5.233,87
5.144,93
4.916,76
4.992,78
5.039,77
5.171,79
5.188,76
5.206,81
5.211,82
5.191,83
5.176,80
5.191,83
5.186,82
5.206,81
5.201,80
5.191,78
5.216,78
5.216,78
5.226,80
5.235,74
5.26,74
5.21,74
5.211,75
5.216,78
5.171,79
5.246,79
5.196,79
5.176,80
5.216,78
5.191,83
5.131,81
5.166,78
5.111,75
5.155,71
5.086,82
5.021,79
5.064,77
5.071,79
5.173,94
5.169,93
5.138,92
5.199,100
5.124,85
5.124,85
5.081,81
5.104,70
5.102,69
5.113,76
5.149,85
5.244,93
5.198,94
5.223,94
5.198,94
5.198,94
5.089,88
5.099,85
5.076,80
5.033,73
5,66
5.05,67
5.025,67
5.001,67
5.039,77
5.086,82
5.145,84
5.17,89
5.116,83
5.066,78
5.071,79
5.121,79
5.058,73
5.088,76
5.064,77
5.064,77
5.036,82
4.943,78
5.009,73
5.083,87
5.078,86
5.126,90
5.151,90
5.103,86
5.066,83
5.066,78
5.041,78
5.058,87
5.098,94
5.115,98
5.088,92
5.098,94
5.038,92
5.076,90
5.135,74
5.559,74
5.761,76
5.877,70
5.908,74
5.858,74
5.861,76
5.839,78
5.784,82
5.657,87
5.375,90
5.114,88
5.214,88
5.68,91
5.818,89
5.936,92
3.959,93
3.904,92
3.947,91
3.929,92
3.892,90
3.904,92
3.931,98
3.936,99
3.898,96
3.873,96
3.879,92
3.861,84
3.831,77
3.827,74
3.841,66
3.864,55
3.839,51
3.838,44
3.838,44
3.788,39
3.719,17
10.777,92
3.888,51
3.94,62
4.014,64
3.791,61
3.778,75
3.768,67
5.856,87
5.887,88
5.836,92
5.281,81
5.25,67
3.681,82
3.744,80
3.783,83
3.781,88
3.886,89
5.32,89
5.332,91
5.356,91
5.387,92
5.381,91
5.339,88
5.387,92
5.387,92
5.344,93
5.381,96
5.381,91
5.308,87
5.363,88
5.264,88
8.644,92
8.591,82
8.566,75
2.713,67
2.619,74
2.864,84
3.548,95
3.717,94
3.793,90
3.815,94
3.812,89
3.754,82
8.507,86
8.425,79
8.465,82
8.46,81
8.47,78
8.475,79
8.495,83
8.467,76
8.48,80
8.48,80
8.51,81
3.633,76
3.718,85
3.71,83
3.691,79
8.495,78
8.485,81
8.417,76
8.443,77
8.47,78
8.475,79
8.521,78
8.531,80
5.531,91
5.519,89
5.481,91
3.631,97
3.766,106
3.804,103
3.723,101
3.693,94
3.672,95
3.672,95
3.647,95
3.69,99
3.635,98
3.627,96
3.643,94
3.53,87
5.425,90
5.497,94
5.514,98
5.481,96
5.402,86
5.362,76
5.356,72
5.373,64
5.285,74
8.511,72
8.467,76
8.465,75
8.475,79
3.598,95
3.656,103
3.652,102
3.589,105
2.778,110
2.613,108
2.642,102
2.538,91
2.6,83
5.505,81
5.47,79
5.463,77
5.49,78
5.47,79
5.48,81
5.498,85
5.525,80
5.6,80
5.5,80
5.552,86
3.615,89
3.553,91
3.595,85
3.621,90
3.597,90
3.673,86
3.623,86
3.599,86
3.683,92
3.64,89
3.535,88
3.64,89
3.653,87
5.44,83
5.415,78
5.415,78
5.5,80
5.495,79
5.509,74
5.46,75
5.5,80
5.494,84
5.463,77
5.484,74
5.46,75
5.412,76
5.26,74
5.11,74
5.011,75
5.154,70
5.258,73
5.28,71
5.264,77
5.214,88
5.684,103
6.326,108
2.569,103
2.596,92
2.59,91
2.513,91
2.481,90
2.447,93
2.403,95
2.409,91
2.369,93
2.351,95
2.447,93
2.56,86
2.494,88
2.352,86
5.138,76
2.423,79
2.452,85
2.396,84
2.37,89
2.357,91
2.409,96
2.409,96
2.448,89
2.436,87
2.59,91
2.494,88
5.07,89
4.931,86
4.917,88
4.924,79
4.924,79
5.126,90
2.513,87
2.462,87
2.452,85
2.545,88
2.479,85
3.448,90
3.658,92
5.594,84
5.619,84
5.594,84
5.648,85
5.693,84
5.784,82
5.943,84
5.974,80
5.959,75
5.939,83
5.762,88
5.57,79
5.495,79
5.333,73
3.656,82
5.191,83
5.263,76
5.51,82
5.316,78
5.163,76
4.916,76
4.731,80
4.672,78
4.603,79
4.57,76
4.595,76
4.57,76
4.621,77
4.834,71
5.113,76
5.141,78
5.101,80
5.101,80
5.076,80
5.076,80
4.962,75
4.908,71
4.814,74
4.812,73
4.825,79
4.817,76
4.86,81
4.82,78
4.82,78
4.83,80
4.818,77
4.817,76
4.817,76
4.845,78
4.864,75
4.909,81
4.936,87
4.951,85
4.877,85
2.215,79
2.174,72
2.272,68
2.244,66
2.223,70
2.244,66
2.243,57
2.218,60
2.276,71
2.307,74
2.298,68
2.243,57
2.269,59
2.22,68
2.245,67
2.192,65
2.244,62
2.296,60
2.295,58
2.269,54
2.242,51
2.216,50
2.242,50
2.241,45
2.216,49
2.242,46
2.268,50
2.242,52
2.242,50
2.242,47
2.242,50
2.242,51
2.294,48
2.268,51
2.268,48
2.242,51
2.294,51
2.268,51
2.295,54
2.269,56
2.295,59
2.296,61
2.348,61
2.348,63
2.321,56
2.346,51
2.294,50
2.348,61
2.348,62
2.346,52
2.347,54
2.347,56
2.347,57
2.399,56
2.321,57
2.296,64
2.321,54
2.268,51
2.268,46
2.241,44
2.218,60
5.718,89
5.718,99
5.711,76
2.151,74
2.244,63
2.217,59
2.251,81
2.3,86
2.27,85
2.249,70
2.242,50
2.294,51
2.242,52
2.268,48
2.268,49
2.268,47
2.243,53
2.295,55
2.269,57
2.269,59
2.294,47
2.243,53
2.242,52
2.216,52
2.216,50
2.19,46
2.242,48
2.19,46
2.19,47
2.242,51
2.242,52
2.242,51
2.217,54
2.242,51
2.217,54
2.19,52
2.19,51
2.139,54
2.086,55
2.086,55
2.007,52
1.906,53
1.855,53
1.779,56
1.737,72
1.701,79
1.645,78
1.535,73
1.399,61
1.398,53
1.348,60
1.349,67
1.384,74
1.41,74
1.487,82
1.577,85
1.611,87
1.547,89
1.598,89
1.53,86
1.445,89
1.411,82
4.425,78
4.374,77
4.399,77
4.373,76
4.445,82
5.44,83
5.598,85
5.726,86
5.712,88
5.161,82
4.825,79
5.191,83
5.365,78
5.543,93
5.56,97
1.398,57
1.448,58
1.474,57
1.483,72
1.643,88
1.642,92
1.623,84
1.543,78
4.598,83
4.645,88
4.682,90
4.676,89
1.757,90
1.475,85
1.66,81
1.449,85
1.566,88
4.781,90
1.581,86
5.564,98
5.855,96
5.95,95
6.07,94
6.023,90
6.035,92
5.972,85
5.93,91
5.717,93
4.959,91
4.824,89
4.783,86
4.702,79
4.695,77
4.67,77
4.645,77
4.672,78
4.637,81
4.623,78
4.598,78
4.652,79
4.697,83
4.811,96
4.86,91
5.431,96
4.741,82
1.552,67
1.423,59
1.446,38
1.396,41
1.396,41
1.421,43
1.398,58
1.438,76
1.439,88
1.471,84
1.516,88
1.516,88
1.559,91
1.426,80
1.449,61
1.446,43
1.422,47
1.473,51
1.448,56
1.423,56
1.448,56
1.474,59
1.448,56
1.474,59
1.474,58
1.474,55
1.475,60
1.475,63
1.5,60
1.423,57
1.474,57
1.474,59
1.423,55
1.474,56
1.474,56
1.422,52
1.423,56
1.398,55
1.423,53
1.372,53
1.397,51
1.398,53
1.425,67
1.426,80
1.535,87
1.508,91
1.489,92
1.453,86
1.35,80
1.333,74
1.287,77
1.35,80
1.369,84
1.345,79
1.271,66
1.27,56
1.296,57
1.297,65
1.299,68
1.286,76
1.335,82
1.326,86
1.331,87
1.305,91
1.398,94
1.47,93
1.281,87
1.382,87
1.445,84
4.707,80
4.715,74
4.769,77
4.768,76
4.8,79
4.815,75
4.79,75
4.864,75
4.836,72
4.776,79
4.771,78
4.793,77
4.771,78
4.721,78
4.744,77
4.781,80
4.744,77
4.751,79
4.793,77
4.84,82
4.86,81
4.84,82
4.845,83
1.227,71
1.22,53
1.218,45
1.294,42
1.269,47
1.269,50
1.269,47
1.269,49
1.268,45
1.268,44
1.294,44
1.294,42
1.268,44
1.294,39
1.322,35
1.268,38
1.348,61
1.322,85
1.499,94
2.659,94
2.669,87
2.585,69
2.608,65
2.556,64
1.424,64
1.5,61
1.424,62
1.424,62
1.399,62
1.373,60
1.297,61
1.321,58
1.322,61
1.322,60
1.271,60
1.271,61
1.322,63
1.322,63
1.271,64
1.322,60
1.297,62
1.327,70
1.322,66
1.323,67
1.271,66
1.272,67
1.246,64
1.297,61
1.271,61
1.271,60
1.297,61
1.246,62
1.297,64
1.297,66
1.221,61
2.764,60
2.764,60
2.763,58
2.763,57
2.764,60
2.764,63
2.79,62
2.79,66
2.764,61
2.764,61
2.789,57
2.763,56
2.789,54
2.741,69
2.845,80
2.854,74
2.907,82
2.858,88
2.832,88
2.851,91
2.936,88
2.76,84
2.959,82
2.93,87
2.897,80
2.826,73
2.815,57
2.762,52
2.763,58
2.764,63
2.79,64
2.764,64
2.816,63
2.794,69
2.766,68
2.764,64
2.79,63
2.764,60
2.764,63
2.764,62
2.712,64
2.686,63
2.634,66
2.664,86
2.668,91
2.655,93
2.681,93
2.577,93
2.552,89
2.236,83
2.206,76
2.245,67
2.269,54
2.111,51
2.217,56
2.376,68
2.495,78
2.688,90
2.751,97
2.729,98
2.63,89
2.564,91
2.578,89
2.363,76
2.451,63
2.634,66
2.712,64
2.79,66
2.816,64
2.806,77
2.881,82
2.892,79
2.823,71
2.843,62
2.816,60
2.763,57
2.659,58
2.634,60
2.659,59
2.66,62
2.738,62
2.789,58
2.737,55
2.763,56
2.763,58
2.737,55
2.737,56
2.711,56
2.712,61
2.659,58
2.764,60
2.895,62
3.052,67
3.079,69
3.028,69
3.03,70
3.025,66
3.027,68
3.025,66
3.025,64
3.025,62
3.025,61
2.973,62
2.999,60
2.946,57
2.973,63
2.973,61
3.025,62
2.894,56
2.347,53
2.035,61
2.034,56
2.113,62
2.088,67
2.045,73
2.057,84
2.109,89
2.207,88
2.116,80
5.673,62
5.647,53
5.597,58
5.648,60
5.675,68
5.648,66
5.647,59
5.671,50
5.6,33
,
,
,
,
,
,
1.965,27
1.96,33
2.11,39
2.137,50
2.216,51
2.243,53
2.295,57
2.322,61
2.322,61
2.348,61
2.348,61
2.348,62
2.347,59
2.347,56
2.322,61
2.296,61
2.295,59
2.295,54
2.348,60
2.321,58
2.425,58
2.477,60
2.529,56
2.555,56
2.476,54
2.346,47
2.242,48
2.216,52
2.294,52
2.242,51
2.242,52
2.242,48
2.633,55
3.024,58
3.048,79
3.063,82
3.041,77
3.076,61
3.024,59
3.075,56
3.024,55
3.024,56
3.024,57
3.076,60
3.025,61
3.051,62
3.051,63
3.078,68
3.103,68
3.084,72
3,67
2.869,61
2.476,57
2.137,52
2.085,48
2.007,49
2.008,57
1.956,52
1.931,56
1.906,55
1.83,54
1.881,56
1.88,49
1.881,55
1.881,57
1.855,55
1.882,60
1.881,58
1.831,62
1.83,56
1.881,58
1.83,58
1.881,57
1.906,57
1.932,60
2.091,69
2.096,72
2.064,69
1.941,72
1.961,69
1.91,69
1.888,71
1.935,68
1.907,66
1.907,65
1.931,59
1.881,58
1.906,55
1.881,56
1.906,53
1.881,56
1.938,70
1.912,70
1.983,66
3.249,65
3.38,72
3.377,70
3.374,68
3.373,67
3.4,69
3.419,79
3.45,86
3.516,93
3.52,94
3.504,91
6.138,83
6.111,77
6.113,78
3.134,87
3.103,80
3.116,77
3.076,65
3.078,68
3.081,70
3.101,65
3.127,68
3.078,68
3.027,68
3.101,66
3.051,64
3.076,66
3.101,64
3.076,62
3.101,61
3.112,74
3.078,80
2.973,85
3.021,84
2.982,87
3.001,90
2.989,88
2.933,82
5.756,73
5.725,69
5.756,73
5.812,77
6.01,76
6.11,76
5.936,76
5.755,72
5.706,73
5.662,76
5.699,80
3.183,91
3.017,78
2.974,67
3.024,59
3.051,61
3.052,67
3.079,69
3.103,90
3.187,97
3.257,96
3.273,94
3.184,87
3.164,76
3.05,56
3.048,40
3.05,56
3.076,66
3.052,67
3.077,67
3.025,62
2.973,62
2.921,64
2.998,59
3.025,61
3.025,63
3.025,66
3.025,64
3.002,69
2.975,68
3.028,69
2.947,64
2.976,69
3.002,69
2.999,66
2.999,65
3.028,69
3.001,68
3.026,67
3.028,69
2.999,66
3.027,68
3.027,68
2.973,65
2.973,66
2.921,66
3.076,66
3.229,70
3.331,72
3.428,71
3.482,74
3.479,72
3.48,73
3.499,69
3.477,71
3.545,62
3.494,51
3.496,60
3.497,67
3.526,70
3.523,68
3.53,73
3.502,71
3.534,76
3.529,72
3.531,74
3.557,75
3.532,75
3.534,76
3.582,75
3.557,75
3.55,70
3.61,88
3.643,94
3.635,98
3.451,101
3.229,101
3.282,102
3.427,101
3.368,84
3.328,70
3.136,74
3.021,84
3.302,86
3.591,84
3.526,70
3.471,66
3.471,64
3.422,64
3.372,63
3.448,67
3.448,67
3.428,71
3.578,72
3.607,75
3.631,75
3.634,77
3.612,78
3.585,77
3.63,74
3.633,76
3.634,77
3.628,73
3.601,71
3.576,71
3.6,70
3.546,67
3.551,71
3.423,67
3.324,67
3.127,68
3.127,68
3.128,69
3.153,69
3.13,70
3.127,68
3.079,69
3.076,62
2.921,63
2.869,65
2.921,63
2.843,62
2.869,60
2.869,63
2.869,66
2.869,64
2.871,68
2.843,64
2.869,61
2.843,65
2.815,59
2.816,61
2.869,60
2.869,63
2.816,60
2.815,57
2.815,58
2.815,57
2.973,63
3.052,67
3.051,63
3.051,60
3.024,59
3.024,56
3.076,60
3.075,58
3.075,58
3.076,61
3.076,62
3.1,56
3.075,58
3.05,54
3.074,47
3.022,44
3.051,35
3.083,27
3.078,32
3.174,58
3.184,73
6.814,83
6.724,90
6.759,97
6.68,91
6.553,81
6.425,86
6.346,85
6.267,79
6.259,76
6.204,73
3.867,80
3.813,79
3.843,80
3.731,76
3.742,64
3.778,75
3.831,77
3.853,82
3.838,79
3.833,78
3.803,82
3.803,75
3.77,69
3.767,64
3.72,69
3.805,76
6.396,85
6.445,94
3.776,87
3.874,87
3.818,68
3.846,70
3.822,71
3.852,74
3.853,75
3.874,73
3.822,71
3.873,72
3.871,71
3.818,68
3.871,71
3.872,81
3.972,91
3.997,96
6.73,91
7.044,84
7.03,81
7.102,86
7.094,89
6.628,81
2.772,81
2.669,73
3.056,70
2.763,56
2.867,46
2.971,47
2.92,53
2.712,63
3.646,68
3.825,73
3.88,77
3.88,77
3.894,86
3.939,94
3.994,101
4.002,110
4.033,93
3.963,94
4.017,95
4.016,90
3.978,92
6.247,80
6.157,74
6.105,73
6.105,73
6.186,77
6.231,74
6.225,70
6.104,72
6.082,74
6.111,77
6.208,82
6.27,94
6.208,82
6.251,71
6.206,74
6.25,70
6.276,71
6.247,68
6.248,69
6.2,70
6.282,75
6.304,73
6.357,74
6.404,72
6.355,73
6.303,72
6.209,76
6.21,77
6.282,82
6.209,76
6.209,76
6.185,76
6.161,77
6.185,76
6.183,75
6.285,77
6.36,76
6.358,75
6.253,72
6.229,73
6.232,75
6.235,77
6.256,74
6.281,74
6.304,73
6.297,68
6.346,62
6.395,59
6.419,52
6.569,47
6.543,45
6.593,43
6.569,46
6.594,49
6.495,53
6.47,55
6.396,61
6.371,63
6.373,68
6.374,69
6.357,74
6.304,73
6.335,77
6.337,78
6.353,81
6.334,76
6.31,77
6.309,76
6.31,77
6.327,81
6.237,78
6.232,82
6.21,77
6.383,75
6.56,76
6.643,79
6.711,76
6.684,82
6.694,79
6.679,81
6.623,80
6.528,81
6.423,80
6.317,79
6.232,75
6.206,74
6.212,78
6.193,79
6.186,77
6.185,76
6.151,70
6.136,77
6.146,85
6.392,89
6.699,90
8.493,88
6.75,95
6.612,98
6.574,95
6.561,88
6.461,88
8.42,78
8.418,77
8.411,72
8.388,74
8.389,75
8.425,79
8.392,76
8.42,78
8.418,77
8.415,82
8.45,79
6.4,86
6.473,90
6.51,92
6.523,90
6.574,95
6.541,93
6.587,98
6.545,94
6.549,95
6.549,95
6.545,94
6.545,94
6.541,93
6.535,92
6.523,90
6.429,91
6.479,91
8.415,82
8.425,79
8.379,80
8.363,74
8.354,68
8.411,72
8.355,69
8.358,71
8.354,68
8.358,71
8.369,78
8.389,82
8.339,82
8.389,82
8.374,79
8.319,78
8.316,76
8.333,71
8.329,68
8.302,60
8.352,65
5.64,83
5.656,96
5.705,96
5.609,74
5.587,76
5.613,77
5.612,76
5.615,78
3.861,84
3.858,83
3.775,72
3.767,65
3.791,66
3.793,80
3.837,89
3.898,91
3.855,92
5.605,81
5.64,78
5.714,78
5.779,81
5.729,81
3.799,91
3.799,91
3.805,92
3.799,91
3.764,89
3.781,88
3.771,86
3.735,83
3.672,69
3.669,66
3.672,69
3.776,87
3.841,85
3.872,81
5.565,78
5.562,76
5.525,80
5.565,78
5.555,81
5.565,78
5.55,80
5.513,77
5.575,80
5.563,77
5.513,77
5.54,78
5.56,75
5.595,79
5.595,79
5.588,77
5.559,74
5.588,77
5.562,76
5.532,73
5.538,77
5.588,77
5.612,76
5.584,74
5.56,82
5.462,76
5.51,75
5.532,73
5.556,72
5.57,79
3.828,82
5.565,78
5.538,77
5.513,77
5.51,75
5.488,77
5.535,82
5.593,93
5.651,95
5.656,96
5.656,96
5.606,91
5.53,81
9.161,69
9.184,67
5.344,84
5.456,91
5.522,94
5.61,97
5.551,95
5.557,87
5.462,76
5.426,69
5.448,60
5.496,51
9.131,56
9.133,67
9.172,76
9.195,82
9.192,87
9.204,84
9.137,70
9.106,57
8.751,44
8.352,64
8.354,80
8.369,83
5.626,95
5.619,89
5.529,71
5.581,91
5.49,78
5.46,75
5.538,77
5.488,77
5.52,79
5.487,76
5.54,83
5.548,85
5.593,93
5.515,83
5.459,74
5.482,73
5.534,74
5.5,80
5.535,82
5.509,74
5.507,73
5.525,80
5.462,76
5.515,78
5.512,76
5.538,77
5.49,78
5.488,77
5.487,76
5.515,78
5.509,74
5.51,75
5.507,73
5.484,74
5.515,78
5.507,73
5.485,75
5.548,85
8.425,79
8.377,66
8.349,40
8.427,55
8.408,70
8.384,81
8.379,80
8.389,82
8.41,81
8.43,80
5.532,73
5.523,64
5.545,79
5.531,72
5.531,72
5.56,75
5.531,72
5.56,75
5.563,77
5.525,68
5.552,86
5.502,86
5.556,91
5.597,94
5.519,89
5.52,79
5.531,72
5.545,79
5.565,78
5.52,79
5.525,80
5.52,79
5.57,79
5.555,81
5.55,80
5.513,77
5.537,76
5.512,76
5.509,74
5.532,73
5.501,69
5.506,72
5.475,68
5.5,68
5.529,71
5.503,70
5.51,75
5.488,77
5.488,77
5.525,80
5.488,77
5.515,78
5.531,72
5.525,68
5.58,81
5.602,86
5.663,88
5.706,87
5.793,84
5.899,80
5.922,85
5.999,80
5.819,79
5.662,76
5.482,73
5.712,88
6.158,97
6.386,88
6.105,87
5.63,81
5.52,79
6.471,85
6.488,83
7.953,86
7.989,88
7.936,82
7.882,72
7.882,91
6.523,80
6.546,85
6.673,90
6.705,102
6.599,95
6.5,86
6.454,91
8.971,77
8.938,81
8.928,79
6.629,96
6.583,103
6.541,93
6.372,67
6.371,61
6.421,63
5.075,67
5.127,69
5.102,69
5.113,76
5.086,75
5.06,74
5.066,78
5.126,80
5.113,76
5.091,78
5.096,79
5.101,80
5.086,82
5.101,80
5.091,83
5.086,75
5.071,79
5.096,79
5.066,78
5.126,80
5.131,81
5.121,79
5.114,77
5.066,78
5.116,78
5.064,77
5.066,78
5.126,80
5.066,78
5.126,80
5.101,80
5.106,81
5.136,82
5.116,78
5.176,80
5.113,76
5.161,75
5.11,74
5.151,80
5.145,84
5.214,88
5.195,89
5.181,81
5.249,85
5.253,86
6.373,90
5.166,83
5.131,81
5.114,77
5.11,74
5.17,89
5.11,74
5.064,77
5.089,77
5.032,72
5.064,77
5.066,83
5.076,80
5.089,88
6.363,78
6.56,76
6.548,80
6.6,86
5.182,91
5.12,84
5.061,75
5.014,77
5.014,77
5.056,81
5.014,77
4.961,74
4.964,76
6.355,73
6.32,66
6.295,62
6.269,57
6.268,48
6.293,48
6.292,40
6.443,40
6.493,45
6.594,48
6.595,53
6.619,51
6.668,45
,
,
,
4.975,35
4.973,52
4.949,59
4.952,68
4.951,67
4.965,77
5.011,74
5.011,75
5.041,83
6.542,84
6.483,82
6.383,75
6.413,83
6.386,77
6.511,77
6.563,78
4.972,89
5.02,89
4.982,81
4.996,84
5.028,86
5.07,89
5.057,91
5.064,88
5.073,94
5.132,91
6.611,88
6.636,88
6.642,84
6.603,81
6.593,79
6.633,75
6.648,80
6.658,75
6.623,68
6.646,63
6.645,53
6.644,48
6.696,58
6.646,63
6.596,65
6.547,67
6.602,71
6.654,72
6.654,72
6.709,75
6.758,74
6.712,77
6.708,74
6.694,79
6.663,78
6.588,78
6.611,77
6.563,78
6.505,73
6.558,75
6.511,77
6.483,75
6.458,75
6.486,77
6.482,74
6.508,75
6.499,69
6.496,63
6.57,56
6.595,55
6.696,58
6.722,63
6.687,77
6.66,76
6.555,73
6.588,83
5.208,87
5.02,84
4.972,79
4.983,72
4.956,71
4.956,71
4.964,76
4.938,82
5,85
6.505,73
6.496,61
,
,
6.576,25
6.645,56
6.683,74
6.714,78
6.689,78
6.719,79
6.699,68
6.696,54
6.695,50
6.744,42
6.651,29
6.495,36
6.443,43
6.519,48
6.444,50
6.47,56
6.47,54
6.445,59
6.471,63
6.571,64
6.655,73
6.649,69
6.678,71
6.651,70
6.652,71
6.623,68
6.646,66
6.598,68
6.547,67
6.521,64
6.571,65
6.548,68
6.526,70
6.557,74
6.507,74
6.558,75
6.558,75
6.568,79
6.561,77
6.56,76
6.548,80
6.578,81
6.533,82
6.463,78
6.448,80
6.443,79
6.468,79
6.533,82
6.507,74
6.51,76
6.423,68
6.218,51
6.345,54
6.345,57
6.344,49
6.296,34
,
,
,
,
,
,
,
,
,
,
,
,
,
,
,
,
,
,
,
,
,
,
,
,
,
,
6.403,27
6.393,45
6.394,50
6.369,48
6.394,50
6.419,37
6.368,44
6.395,54
6.444,51
6.343,42
6.295,63
6.402,71
6.379,72
6.435,76
6.411,77
6.457,74
6.424,69
6.454,72
6.446,66
6.399,69
6.43,73
6.455,73
6.471,64
6.47,54
6.498,68
6.468,79
6.463,78
6.478,81
6.523,80
6.46,76
6.388,78
6.343,79
6.309,76
6.388,78
6.398,80
6.357,74
6.429,72
6.46,76
6.448,68
6.469,46
6.595,54
6.545,56
6.551,70
6.535,76
6.535,76
6.504,72
6.504,72
6.511,77
6.463,78
6.523,80
6.498,80
6.498,80
6.508,82
6.533,82
6.513,83
6.532,74
6.526,70
6.545,54
6.546,35
26.297,57
26.149,61
26.147,51
26.298,62
26.356,72
26.398,65
26.347,56
26.322,53
,
26.646,51
26.547,57
26.723,63
26.773,66
26.631,72
26.626,69
26.824,67
26.75,68
26.732,73
26.873,66
22.482,80
22.487,81
22.486,71
22.455,60
22.478,49
22.502,39
22.504,53
22.504,53
6.422,34
6.393,42
6.419,46
6.444,47
6.418,40
6.422,34
6.383,20
21.447,77
21.418,74
21.397,77
21.429,79
21.397,77
21.418,74
21.413,71
21.443,74
21.466,73
21.496,76
21.532,85
21.494,75
22.231,85
22.418,75
20.682,94
20.661,95
20.66,90
20.679,89
20.648,88
20.66,80
20.6,78
20.604,84
20.645,97
20.648,88
22.784,86
22.734,86
26.597,57
4.781,32
4.752,49
4.754,60
4.804,67
4.784,70
4.754,62
4.728,53
4.803,62
4.755,67
4.754,65
4.779,63
4.728,54
4.751,41
4.707,32
,
26.376,24
26.396,47
26.371,48
26.446,50
26.496,50
26.501,69
26.374,67
26.473,66
26.397,55
26.323,62
26.472,57
26.547,57
6.594,46
6.551,70
6.561,77
6.523,80
6.486,77
6.555,73
6.497,67
6.443,39
,
,
,
,
,
,
,
,
26.047,51
26.13,71
25.931,71
25.906,71
25.83,70
25.881,71
26.175,68
26.15,67
26.026,68
25.976,67
26.13,71
26.228,70
26.1,67
26.348,61
26.222,56
26.422,54
26.498,61
26.525,68
26.573,66
26.528,70
26.449,67
26.432,73
26.4,68
26.374,67
26.375,68
26.404,71
26.378,70
26.375,68
26.376,69
26.426,69
26.401,69
26.428,70
26.425,68
26.498,64
26.481,72
26.473,63
26.473,66
26.525,68
26.474,67
26.473,62
26.523,65
26.574,67
26.574,67
26.623,63
26.575,68
26.573,66
26.575,68
26.571,48
26.521,37
26.454,28
,
,
,
,
,
,
,
,
,
,
,
,
,
,
,
,
,
,
,
,
26.595,42
26.572,57
26.623,64
26.572,56
26.622,58
26.597,57
26.52,43
26.395,38
4.684,30
4.704,56
4.762,72
4.8,79
4.763,73
4.808,70
4.729,63
4.782,69
4.786,72
4.809,71
4.803,62
4.801,51
4.825,44
4.827,36
,
,
,
,
20.713,29
20.662,30
20.736,31
22.603,46
22.579,59
22.63,62
4.895,21
4.85,40
4.776,42
4.8,43
4.8,45
4.776,44
4.776,42
4.801,46
4.8,44
4.801,50
4.801,49
4.801,47
4.828,61
4.803,63
4.793,77
4.776,79
4.763,73
4.76,71
4.753,57
4.632,23
,
,
,
,
,
,
,
,
,
,
,
,
,
,
,
,
,
,
,
,
,
,
,
,
4.778,58
4.817,76
4.815,82
4.815,75
4.803,64
4.85,39
26.579,71
26.625,68
26.6,68
26.547,59
26.523,62
26.272,55
4.879,33
4.85,45
4.85,40
26.348,63
26.201,69
26.179,71
20.788,70
20.8,78
20.873,77
20.987,86
21.054,84
20.916,91
20.847,76
20.794,74
20.841,72
21.033,65
4.678,46
4.812,73
4.904,80
4.924,79
4.884,81
4.891,76
4.911,73
4.958,81
4.941,77
4.916,76
4.889,75
4.883,71
4.904,68
4.902,61
4.926,55
4.901,54
4.903,67
4.888,74
4.885,72
4.927,60
4.9,46
4.949,53
4.949,55
4.948,49
4.828,65
4.702,43
4.951,34
4.899,43
4.924,79
4.929,80
4.894,78
4.888,74
4.958,72
4.935,72
4.902,65
4.948,49
4.899,43
4.926,54
4.927,61
4.9,52
4.9,46
4.874,38
4.85,39
4.924,40
4.85,42
4.875,46
4.899,45
4.948,46
4.947,39
4.947,42
4.999,54
5,66
4.981,71
4.997,79
5.013,76
5.026,80
5.021,79
5.066,78
5.236,82
5.236,82
5.082,72
4.948,51
5.598,64
5.779,81
5.829,81
5.758,74
5.626,69
5.737,77
5.44,83
5.116,78
5.126,80
5.081,81
5.095,84
5.12,84
5.071,79
5.086,82
5.111,82
5.066,78
5.081,81
5.131,81
5.141,78
5.126,80
5.151,80
5.121,79
5.136,82
5.131,81
5.076,80
5.061,82
5.091,83
5.076,80
5.091,83
5.091,83
5.066,78
5.066,78
5.066,78
5.131,81
5.176,80
5.161,82
5.113,76
5.176,80
5.689,83
5.824,80
5.834,82
5.787,77
5.764,78
5.764,78
5.784,75
5.774,80
5.739,78
5.739,78
5.648,85
5.435,82
5.186,82
5.161,82
5.076,80
5.026,80
4.997,79
5.036,82
4.997,79
5.026,80
4.987,75
5.016,78
4.997,79
5.007,81
4.997,79
5.016,78
4.992,78
5.031,81
5.021,79
5.021,79
5.046,79
5.021,79
5.011,74
5.116,78
5.635,82
5.729,81
5.769,79
5.759,75
5.762,77
5.638,77
5.126,80
5.066,78
5.066,78
5.021,79
5.071,79
5.113,76
5.38,81
5.847,85
5.954,81
6.028,81
6.018,79
5.961,76
5.944,79
6.011,77
5.984,75
5.93,72
5.839,78
5.819,79
5.814,78
5.908,74
6.002,70
6.155,73
6.237,78
6.284,76
6.302,81
6.284,76
6.312,78
6.282,75
6.304,73
6.304,73
6.312,78
6.31,77
6.348,80
6.361,77
6.337,78
6.378,81
6.368,79
6.361,77
6.355,73
6.404,72
6.399,69
6.446,64
6.463,78
6.461,88
6.329,87
5.381,91
5.236,82
5.181,81
6.257,82
5.415,78
5.207,72
5.189,77
5.211,75
5.152,69
5.098,58
5.101,32
18.395,70
5.325,18
5.178,30
5.254,29
5.25,34
5.247,37
5.203,30
5.199,35
5.199,35
5.271,38
5.222,37
5.225,34
5.221,43
5.196,43
5.224,35
5.148,36
5.228,30
5.304,25
18.395,70
18.416,67
5.026,17
4.981,28
5.048,36
5.146,41
5.122,51
5.174,66
5.177,69
5.199,65
5.199,63
5.098,54
5.023,54
5,65
5.049,65
5.107,72
5.102,69
5.057,72
4.765,74
4.438,70
4.263,69
4.26,66
4.239,69
4.268,72
4.469,74
5.116,78
5.47,79
5.58,81
5.693,84
5.712,88
5.781,87
5.843,89
4.336,90
4.281,89
4.302,83
4.266,71
4.275,77
4.272,75
4.321,74
4.316,71
4.313,69
4.266,71
4.293,72
4.288,69
4.293,72
4.339,70
4.384,66
4.36,67
4.364,70
4.393,73
4.405,79
4.435,80
4.41,80
4.405,79
4.415,81
4.444,74
4.419,74
4.409,67
4.365,71
4.371,75
4.368,73
4.324,76
4.325,77
4.348,76
4.331,79
4.318,72
4.342,72
4.365,71
4.339,70
4.311,67
4.284,59
4.257,44
4.258,51
4.235,58
4.247,74
4.3,77
4.272,75
4.341,81
4.3,77
4.325,77
4.324,76
4.349,77
4.386,80
4.425,78
4.494,82
4.376,78
4.356,79
4.299,76
4.297,75
4.348,76
4.272,75
4.322,75
4.291,71
4.322,75
4.277,78
4.306,84
4.275,88
5.906,87
5.874,80
5.852,70
5.747,63
5.249,61
4.384,66
4.36,67
4.315,70
4.364,70
4.318,72
4.322,75
4.322,75
4.348,76
4.351,78
4.327,78
4.34,71
4.318,72
4.321,74
4.316,71
4.361,68
4.387,69
4.362,69
4.361,68
4.362,69
4.361,68
4.385,67
4.36,67
4.385,67
4.433,63
4.507,65
4.334,64
4.334,61
4.31,60
4.333,59
4.334,65
4.313,69
4.318,72
4.325,77
4.324,76
4.297,75
4.307,79
4.325,77
4.299,76
4.296,74
4.268,72
4.327,78
4.245,73
4.265,70
4.268,72
4.266,71
4.316,71
4.291,71
4.29,70
4.31,63
4.284,53
4.331,38
24.327,66
24.158,71
24.157,70
19.329,83
19.34,69
24.216,76
24.133,71
19.507,89
19.51,94
19.432,84
19.428,83
19.224,82
19.109,79
19.044,81
19.029,83
19,75
19.026,76
19.096,73
19.196,73
19.138,67
19.187,61
19.211,53
4.303,21
4.899,43
5.148,55
5.102,69
4.488,71
4.37,74
4.368,73
4.43,79
4.381,79
4.399,77
4.42,75
4.422,76
4.445,75
4.413,70
4.458,66
4.481,58
4.456,50
4.406,52
4.433,62
4.362,69
4.42,75
4.41,80
4.399,77
4.348,76
4.364,70
4.358,56
4.406,50
4.455,45
4.41,32
19.239,80
19.184,79
19.199,82
19.224,82
19.279,78
19.295,72
19.385,59
19.412,67
19.345,73
19.388,80
19.383,79
19.418,81
19.403,78
19.401,77
19.391,70
19.359,52
19.335,47
19.334,44
19.309,42
19.311,36
19.313,34
19.213,23
33.338,57
33.364,62
33.364,60
33.364,62
33.414,60
33.414,61
33.464,64
33.464,60
33.489,61
33.414,63
33.14,67
33.013,57
32.964,63
32.988,56
32.989,64
33.014,64
33.014,66
33.114,60
33.263,54
33.562,52
19.561,35
19.535,56
19.491,70
6.043,38
6.045,56
6.071,64
6.022,67
6.057,74
6.088,78
6.061,77
6.113,83
6.078,81
5.969,79
5.734,82
5.648,85
5.67,79
5.465,78
5.359,74
5.264,77
5.263,76
5.281,81
5.266,78
5.266,78
5.291,78
5.266,78
5.241,78
5.276,80
5.266,78
5.261,82
5.271,79
5.264,77
5.239,77
5.266,78
5.271,79
5.266,78
5.264,77
5.291,78
5.266,78
5.26,74
5.311,75
5.326,80
5.314,77
5.321,79
5.313,76
5.271,79
5.136,82
4.766,82
4.475,78
4.399,77
4.413,70
4.365,71
4.395,74
4.419,74
4.392,72
4.445,75
4.464,71
4.496,76
4.473,77
4.469,74
4.504,79
4.494,75
4.528,84
4.516,87
4.522,88
4.514,81
4.469,74
4.445,75
4.479,84
4.499,83
4.355,84
4.396,82
4.408,64
4.436,69
4.457,55
5.198,58
5.324,62
5.246,43
5.298,58
5.323,56
5.571,49
5.746,59
5.873,67
5.905,72
5.986,76
6.033,75
6.027,71
5.987,77
6.013,78
5.994,79
6.013,78
6.006,73
6.008,75
6.093,79
6.113,78
6.188,78
6.161,77
6.217,79
6.209,76
6.222,80
6.185,76
6.182,74
6.207,75
6.206,74
6.179,72
6.195,60
6.219,54
6.293,52
4.21,54
4.26,60
4.296,74
4.274,76
4.282,79
4.251,77
4.265,70
4.26,62
4.259,53
4.234,47
4.234,47
4.209,47
6.168,45
6.143,42
6.144,47
6.145,53
6.146,63
6.195,63
6.146,62
6.171,64
6.194,57
6.193,48
6.394,47
6.394,52
6.396,62
6.401,70
6.383,75
4.361,80
6.368,79
6.386,77
6.361,77
6.388,78
6.38,73
6.358,75
6.378,81
6.36,76
6.378,81
6.392,84
4.433,85
4.355,89
4.386,90
4.404,93
4.404,93
4.407,94
4.404,93
4.392,91
4.429,89
4.371,82
4.398,76
4.368,73
4.359,63
4.357,51
4.208,41
6.343,43
6.419,49
6.421,60
6.423,68
6.454,72
6.432,74
6.423,80
6.413,78
6.386,77
6.373,80
6.386,77
6.388,78
6.403,81
6.385,76
6.383,75
6.423,80
6.368,79
6.398,80
6.418,79
6.368,79
6.423,80
6.418,79
6.388,78
6.373,80
6.418,79
6.452,71
6.448,68
6.445,53
6.418,42
6.445,22
,
6.25,29
6.293,49
6.346,61
6.346,66
6.373,68
6.396,66
6.396,63
6.395,58
6.344,52
6.371,64
6.422,67
6.405,73
6.418,79
6.48,87
6.417,84
6.403,81
6.383,82
6.408,82
6.353,81
6.335,77
6.358,75
6.348,80
6.287,78
6.309,76
6.337,78
6.322,80
6.343,79
6.348,80
6.309,76
6.332,75
6.331,74
6.332,75
6.352,71
6.296,67
6.32,60
6.244,53
6.319,58
6.347,67
6.355,73
6.352,71
6.346,64
6.071,63
5.958,74
5.936,76
5.934,75
5.953,71
5.959,75
5.956,73
5.983,74
6.138,78
6.272,80
6.418,79
6.443,79
6.405,73
6.426,70
6.396,60
6.37,59
6.294,58
6.319,54
6.295,61
6.371,63
6.346,63
6.346,61
6.398,68
6.376,70
6.355,73
6.383,75
6.411,77
6.408,75
6.378,81
6.393,79
6.393,79
6.403,81
6.361,77
6.393,79
6.388,78
6.361,77
6.382,74
6.351,70
6.351,70
6.351,70
6.407,74
6.41,76
6.388,83
6.299,86
6.248,90
6.058,82
5.944,79
5.856,73
5.809,75
5.783,74
5.811,76
5.814,78
5.784,75
5.762,77
5.809,82
5.824,80
5.929,81
5.979,81
6.078,81
6.163,78
6.182,74
6.16,76
6.11,76
6.113,78
6.138,78
6.173,80
6.193,79
6.21,77
6.182,74
6.257,75
6.329,87
6.411,88
6.454,91
6.448,90
6.442,89
6.473,90
6.479,91
6.492,89
6.461,88
6.396,85
6.368,79
6.368,79
6.368,79
6.383,82
6.363,78
6.337,78
6.327,81
6.322,80
6.322,80
6.332,75
6.322,80
6.327,81
6.302,81
6.292,79
6.327,81
6.302,81
6.317,79
6.327,81
6.234,76
6.222,80
6.178,81
6.167,84
6.061,77
6.048,80
6.023,80
6.128,81
6.285,88
6.328,91
4.842,92
4.778,94
4.77,98
4.806,95
6.166,93
6.099,95
6.091,93
-99999999,
6.029,91
5.974,90
5.918,89
5.901,86
5.897,85
5.98,91
5.949,90
5.999,90
6.091,93
5.986,92
4.828,100
4.794,104
4.885,102
6.462,98
6.299,86
6.185,76
6.287,78
6.332,82
6.343,79
6.31,77
6.284,76
6.287,78
6.287,78
6.143,79
6.085,76
6.292,79
6.272,80
5.999,80
5.814,78
5.862,77
6.029,72
6.309,76
6.383,75
6.337,78
6.388,78
6.385,76
6.418,79
6.418,79
6.418,79
6.411,77
6.41,76
6.407,74
6.399,69
6.401,70
6.397,67
6.396,64
6.421,66
6.397,67
6.448,68
6.429,72
6.401,70
6.421,66
6.445,59
6.395,58
6.371,65
6.374,69
6.382,74
6.386,77
6.411,77
6.423,80
6.411,77
6.358,75
6.383,75
6.351,70
6.371,62
6.145,56
5.944,43
5.698,34
5.769,43
5.846,56
5.881,73
5.947,85
5.968,84
6.01,92
5.98,91
5.986,92
5.931,87
5.947,85
5.924,80
5.908,74
5.905,72
5.944,79
6.018,79
6.136,77
6.259,76
6.317,79
6.322,80
6.317,79
6.312,78
6.309,76
6.317,79
6.26,77
6.26,77
6.242,79
6.16,76
6.161,77
6.136,77
6.11,76
6.038,78
6.018,79
5.979,81
5.954,81
5.924,80
5.899,80
5.937,77
5.962,77
6.033,75
6.018,79
6.013,78
5.834,82
4.91,72
4.852,59
4.85,41
19.743,72
19.785,66
4.98,29
4.934,26
19.772,82
19.707,79
19.682,79
19.696,74
19.709,59
19.385,36
19.336,54
19.492,71
6.282,20
6.242,43
6.269,54
6.244,59
6.222,68
6.248,69
6.256,74
6.251,71
6.234,76
6.228,72
6.228,72
6.222,68
6.225,70
6.221,67
0.19,42
0.166,49
0.14,43
0.165,39
0.115,39
,
0.115,39
0.165,40
0.142,36
,
,
0.225,27
,
,
,
0.175,27
,
,
0.147,30
,
,
,
,
,
,
,
0.174,28
,
0.15,26
,
,
0.174,28
,
,
,
,
,
,
,
,
,
,
,
,
0.15,26
,
0.149,28
0.174,28
,
,
0.15,26
0.123,29
,
0.199,28
0.167,22
0.175,27
,
0.121,31
,
,
,
0.171,24
,
,
,
,
,
,
0.146,24
,
0.175,27
,
,
0.167,22
,
,
,
,
,
,
,
0.172,30
,
,
,
,
0.174,28
,
,
,
,
,
0.174,28
,
,
0.142,22
0.125,26
,
,
0.173,25
,
0.15,26
,
,
,
0.2,26
,
,
0.175,27
,
,
0.125,26
,
0.146,24
,
,
0.173,25
,
,
0.148,25
,
,
,
,
0.161,21
0.171,24
0.111,21
,
0.221,24
,
0.125,27
0.173,25
,
,
,
0.173,25
0.171,24
,
,
,
0.124,28
,
,
,
,
,
,
,
0.117,22
,
0.171,24
,
0.192,22
0.169,23
