-99999999,
,
,
,
,
,
,
,
,
,
,
,
,
,
,
,
,
,
,
,
,
,
,
,
,
,
,
,
,
,
,
,
,
,
,
,
,
,
,
,
,
,
,
,
,
,
,
,
,
,
,
,
,
,
,
,
,
,
,
,
,
,
,
,
,
,
,
,
,
,
,
,
,
,
,
,
,
,
,
,
,
,
,
,
,
,
,
,
,
,
,
,
,
,
,
,
,
,
,
,
,
,
,
,
,
,
,
,
,
,
,
,
,
,
,
,
,
,
,
,
,
,
,
,
,
,
,
,
,
,
,
,
,
,
,
,
,
,
,
,
,
,
,
,
,
,
,
,
,
,
,
,
,
,
,
,
,
,
,
,
,
,
,
,
,
,
,
,
,
,
,
,
,
,
,
,
,
,
,
,
,
,
,
,
,
,
,
,
,
,
,
,
,
,
,
,
,
,
,
,
,
,
,
,
,
,
,
,
,
,
,
,
,
,
,
,
,
,
,
,
,
,
,
,
,
,
,
,
,
,
,
,
,
,
,
,
,
,
,
,
,
,
,
,
,
,
,
,
,
,
,
,
,
,
,
,
,
,
,
,
,
,
,
,
,
,
,
,
,
,
,
,
,
,
,
,
,
,
,
,
,
,
,
,
,
,
,
,
,
,
,
,
,
,
,
,
,
,
,
,
,
,
,
,
,
,
,
,
,
,
,
,
,
,
,
,
,
,
,
,
,
,
,
,
,
,
,
,
,
,
,
,
,
,
,
,
,
,
,
,
,
,
,
,
,
,
,
,
,
,
,
,
,
,
,
,
,
,
,
,
,
,
,
,
,
,
,
,
,
,
,
,
,
,
,
,
,
,
,
,
,
,
,
,
,
,
,
,
,
,
,
,
,
,
,
,
,
,
,
,
,
,
,
,
,
,
,
,
,
,
,
,
,
,
,
,
,
,
,
,
,
,
,
,
,
,
,
,
,
,
,
,
,
,
,
,
,
,
,
,
,
,
,
,
,
,
,
,
,
,
,
,
,
,
,
,
,
,
,
,
,
,
,
,
,
,
,
,
,
,
,
,
,
,
,
,
,
,
,
,
,
,
,
,
,
,
,
,
,
,
,
,
,
,
,
,
,
,
,
,
,
,
,
,
,
,
,
,
,
,
,
,
,
,
,
,
,
,
,
,
,
,
,
,
,
,
,
,
,
,
,
,
,
,
,
,
,
,
,
,
,
,
,
,
,
,
,
,
,
,
,
,
,
,
,
,
,
,
,
,
,
,
,
,
,
,
,
,
,
,
,
,
,
,
,
,
,
,
,
,
,
,
,
,
,
,
,
,
,
,
,
,
,
,
,
,
,
,
,
,
,
,
,
,
,
,
,
,
,
,
,
,
,
,
,
,
,
,
,
,
,
,
,
,
,
,
,
,
,
,
,
,
,
,
,
,
,
,
,
,
,
,
,
,
,
,
,
,
,
,
,
,
,
,
,
,
,
,
,
,
,
,
,
,
,
,
,
,
,
,
,
,
,
,
,
,
,
,
,
,
,
,
,
,
,
,
,
,
,
,
,
,
,
,
,
,
,
,
,
,
,
,
,
,
,
,
,
,
,
,
,
,
,
,
,
,
,
,
,
,
,
,
,
,
,
,
,
,
,
,
,
,
,
,
,
,
,
,
,
,
,
,
,
,
,
,
,
,
,
,
,
,
,
,
,
,
,
,
,
,
,
,
,
,
,
,
,
,
,
,
,
,
,
,
,
,
,
,
,
,
,
,
,
,
,
,
,
,
,
,
,
,
,
,
,
,
,
,
,
,
,
,
,
,
,
,
,
,
,
,
,
,
,
,
,
,
,
,
,
,
,
,
,
,
,
,
,
,
,
,
,
,
,
,
,
,
,
,
,
,
,
,
,
,
,
,
,
,
,
,
,
,
,
,
,
,
,
,
,
,
,
,
,
,
,
,
,
,
,
,
,
,
,
,
,
,
,
,
,
,
,
,
,
,
,
,
,
,
,
,
,
,
,
,
,
,
,
,
,
,
,
,
,
,
,
,
,
,
,
,
,
,
,
,
,
,
,
,
,
,
,
,
,
,
,
,
,
,
,
,
,
,
,
,
,
,
,
,
,
,
,
,
,
,
,
,
,
,
,
,
,
,
,
,
,
,
,
,
,
,
,
,
,
,
,
,
,
,
,
,
,
,
,
,
,
,
,
,
,
,
,
,
,
,
,
,
,
,
,
,
,
,
,
,
,
,
,
,
,
,
,
,
,
,
,
,
,
,
,
,
,
,
,
,
,
,
,
,
,
,
,
,
,
,
,
,
,
,
,
,
,
,
,
,
,
,
,
,
,
,
,
,
,
,
,
,
,
,
,
,
,
,
,
,
,
,
,
,
,
,
,
,
,
,
,
,
,
,
,
,
,
,
,
,
,
,
,
,
,
,
,
,
,
,
,
,
,
,
,
,
,
,
,
,
,
,
,
,
,
,
,
,
,
,
,
,
,
,
,
,
,
,
,
,
,
,
,
,
,
,
,
,
,
,
,
,
,
,
,
,
,
,
,
,
,
,
,
,
,
,
,
,
,
,
,
,
,
,
,
,
,
,
,
,
,
,
,
,
,
,
,
,
,
,
,
,
,
,
,
,
,
,
,
,
,
,
,
,
,
,
,
,
,
,
,
,
,
,
,
,
,
,
,
,
,
,
,
,
,
,
,
,
,
,
,
,
,
,
,
,
,
,
,
,
,
,
,
,
,
,
,
,
,
,
,
,
,
,
,
,
,
,
,
,
,
,
,
,
,
,
,
,
,
,
,
,
,
,
,
,
,
,
,
,
,
,
,
,
,
,
,
,
,
,
,
,
,
,
,
,
,
,
,
,
,
,
,
,
,
,
,
,
,
,
,
,
,
,
,
,
,
,
,
,
,
,
,
,
,
,
,
,
,
,
,
,
,
,
,
,
,
,
,
,
,
,
,
,
,
,
,
,
,
,
,
,
,
,
,
,
,
,
,
,
,
,
,
,
,
,
,
,
,
,
,
,
,
,
,
,
,
,
,
,
,
,
,
,
,
,
,
,
,
,
,
,
,
,
,
,
,
,
,
,
,
,
,
,
,
,
,
,
,
,
,
,
,
,
,
,
,
,
,
,
,
,
,
,
,
,
,
,
,
,
,
,
,
,
,
,
,
,
,
,
,
,
,
,
,
,
,
,
,
,
,
,
,
,
,
,
,
,
,
,
,
,
,
,
,
,
,
,
,
,
,
,
,
,
,
,
,
,
,
,
,
,
,
,
,
,
,
,
,
,
,
,
,
,
,
,
,
,
,
,
,
,
,
,
,
,
,
,
,
,
,
,
,
,
,
,
,
,
,
,
,
,
,
,
,
,
,
,
,
,
,
,
,
,
,
,
,
,
,
,
,
,
,
,
,
,
,
,
,
,
,
,
,
,
,
,
,
,
,
,
,
,
,
,
,
,
,
,
,
,
,
,
,
,
,
,
,
,
,
,
,
,
,
,
,
,
,
,
,
,
,
,
,
,
,
,
,
,
,
,
,
,
,
,
,
,
,
,
,
,
,
,
,
,
,
,
,
,
,
,
,
,
,
,
,
,
,
,
,
,
,
,
,
,
,
,
,
,
,
,
,
,
,
,
,
,
,
,
,
,
,
,
,
,
,
,
,
,
,
,
,
,
,
,
,
,
,
,
,
,
,
,
,
,
,
,
,
,
,
,
,
,
,
,
,
,
,
,
,
,
,
,
,
,
,
,
,
,
,
,
,
,
,
,
,
,
,
,
,
,
,
,
,
,
,
,
,
,
,
,
,
,
,
,
,
,
,
,
,
,
,
,
,
,
,
,
,
,
,
,
,
,
,
,
,
,
,
,
,
,
,
,
,
,
,
,
,
,
,
,
,
,
,
,
,
,
,
,
,
,
,
,
,
,
,
,
,
,
,
,
,
,
,
,
,
,
,
,
,
,
,
,
,
,
,
,
,
,
,
,
,
,
,
,
,
,
,
,
,
,
,
,
,
,
,
,
,
,
,
,
,
,
,
,
,
,
,
,
,
,
,
,
,
,
,
,
,
,
,
,
,
,
,
,
,
,
,
,
,
,
,
,
,
,
,
,
,
,
,
,
,
,
,
,
,
,
,
,
,
,
,
,
,
,
,
,
,
,
,
,
,
,
,
,
,
,
,
,
,
,
,
,
,
,
,
,
,
,
,
,
,
,
,
,
,
,
,
,
,
,
,
,
,
,
,
,
,
,
,
,
,
,
,
,
,
,
,
,
,
,
,
,
,
,
,
,
,
,
,
,
,
,
,
,
,
,
,
,
,
,
,
,
,
,
,
,
,
,
,
,
,
,
,
,
,
,
,
,
,
,
,
,
,
,
,
,
,
,
,
,
,
,
,
,
,
,
,
,
,
,
,
,
,
,
,
,
,
,
,
,
,
,
,
,
,
,
,
,
,
,
,
,
,
,
,
,
,
,
,
,
,
,
,
,
,
,
,
,
,
,
,
,
,
,
,
,
,
,
,
,
,
,
,
,
,
,
,
,
,
,
,
,
,
,
,
,
,
,
,
,
,
,
,
,
,
,
,
,
,
,
,
,
,
,
,
,
,
,
,
,
,
,
,
,
,
,
,
,
,
,
,
,
,
,
,
,
,
,
,
,
,
,
,
,
,
,
,
,
,
,
,
,
,
,
,
,
,
,
,
,
,
,
,
,
,
,
,
,
,
,
,
,
,
,
,
,
,
,
,
,
,
,
,
,
,
,
,
,
,
,
,
,
,
,
,
,
,
,
,
,
,
,
,
,
,
,
,
,
,
11.273,52
,
11.273,46
,
,
,
10.001,22
,
,
9.799,38
9.7,53
,
9.093,44
,
9.751,64
,
,
11.374,56
,
8.979,73
8.992,40
9.045,54
8.969,55
9.726,61
9.451,68
8.995,61
9.135,76
9.325,68
9.094,49
8.841,38
9.095,56
9.298,62
9.172,61
9.046,60
11.166,77
10.927,66
10.954,68
11.151,63
11.308,72
9.135,76
9.171,55
9.221,57
9.196,58
9.22,51
9.296,47
9.974,79
10.067,76
9.449,66
9.211,76
9.69,76
8.976,71
8.945,64
9.071,60
11.447,40
11.355,70
11.3,35
11.347,43
9.607,26
,
,
,
9.598,51
9.698,42
9.018,48
9.123,32
,
,
11.347,44
11.374,59
11.252,32
11.198,48
11.198,51
11.148,45
,
11.05,54
11.073,45
,
11.158,26
11.055,30
11.199,36
11.123,45
11.149,49
8.944,53
9.044,52
9.045,59
9.046,60
9.094,52
9.069,47
9.27,51
9.95,49
10.101,51
10.102,57
10.152,57
9.701,63
9.951,56
10.151,46
10.1,43
10.051,46
10.051,48
10.206,24
11.099,49
10.001,55
10.052,53
10.858,71
11.178,68
11.375,62
11.399,55
11.373,50
11.348,52
11.348,48
11.349,55
11.374,53
11.348,51
11.348,52
11.349,54
11.348,52
11.348,52
11.348,49
10.95,51
10.102,55
10.052,58
11.05,53
11.125,58
,
,
,
,
,
,
,
11.076,35
11.026,58
9.094,50
9.044,50
,
,
11.226,34
11.098,42
11.523,49
11.4,64
11.349,53
,
9.124,31
8.947,33
11.201,34
11.126,35
,
,
,
,
9.799,43
9.724,48
9.801,58
9.675,53
9.597,39
,
9.093,41
9.043,43
,
,
9.698,41
9.673,43
,
,
,
,
,
9.478,30
9.649,56
9.701,63
9.749,47
9.779,12
,
8.892,47
9.071,64
9.133,75
9.153,71
11.475,65
11.447,42
11.347,42
11.125,57
11.15,57
9.172,64
9.092,84
8.95,70
9.628,69
9.65,60
9.425,23
,
11.074,52
4.979,77
4.97,71
4.937,51
4.937,46
11.151,35
9.019,58
8.999,86
8.966,84
,
5.25,75
5.134,84
5.155,78
5.088,66
9.322,58
4.752,73
5.024,74
5.019,71
5.014,67
4.987,48
4.987,47
5.011,52
5.065,68
5.086,50
5.085,41
5.137,57
5.187,57
5.04,32
4.941,17
,
,
9.803,34
9.699,51
,
,
,
,
,
,
,
,
,
5.065,33
5.011,40
5.036,48
4.961,40
4.937,37
4.919,31
4.957,21
4.745,8
,
,
,
,
,
,
4.793,18
4.847,25
4.845,31
4.789,38
4.863,43
4.863,45
4.915,54
4.916,61
4.915,57
4.915,58
4.937,52
,
,
,
,
,
9.093,41
8.969,53
9.07,58
9.077,28
,
,
,
,
,
,
,
,
,
8.74,41
8.917,39
11.523,52
,
5.238,65
5.265,80
,
,
,
,
9.169,38
6.115,70
6.097,75
6.117,81
8.647,69
8.691,51
8.55,26
,
,
,
,
,
,
,
,
,
,
,
,
,
,
,
,
,
,
,
8.645,34
8.668,53
8.668,55
8.693,63
8.793,57
8.742,56
8.741,51
8.742,54
8.691,52
8.792,51
6.09,70
6.043,72
6.04,70
6.008,79
5.96,59
6.034,36
8.641,51
8.644,64
8.694,85
8.699,71
10.451,52
10.529,23
,
,
,
11.274,36
11.322,41
11.274,54
10.251,52
10.352,53
10.351,52
10.375,44
10.375,38
11.075,58
8.97,66
8.959,76
9.118,79
9.094,51
9.045,57
9.044,52
9.018,48
8.943,49
9.022,34
,
,
,
8.892,50
8.92,65
8.893,58
8.891,45
8.866,39
8.967,41
9.548,52
5.935,59
6.015,70
6.059,58
6.108,47
6.082,38
6.208,56
6.133,52
6.16,60
6.11,62
6.135,64
6.11,65
6.149,76
6.135,85
5.978,83
5.247,87
5.509,79
5.985,54
5.969,72
8.993,48
11.197,43
11.151,66
5.957,84
6.047,97
5.953,78
6.031,89
5.95,76
5.985,57
11.298,52
10.664,75
9.019,57
8.944,57
8.692,58
8.669,61
8.601,72
8.608,77
,
,
,
9.194,42
9.093,44
,
,
,
,
,
,
,
,
,
8.469,32
8.516,53
9.094,47
8.742,55
8.743,63
8.719,85
8.668,57
8.642,54
,
,
,
7.088,18
7.193,19
,
8.59,41
8.64,43
8.641,51
8.668,54
8.641,48
8.64,41
,
,
4.444,39
4.545,58
4.447,62
4.499,69
4.548,68
4.653,73
4.607,75
4.533,75
4.545,57
4.446,57
4.546,60
4.545,55
4.545,56
4.521,60
4.545,56
4.546,62
4.508,75
4.542,84
4.528,81
4.523,68
4.544,48
4.545,54
4.544,49
4.519,46
4.519,49
4.546,60
4.521,64
4.551,70
4.496,65
4.447,62
4.53,73
4.526,70
4.548,68
4.447,62
4.397,53
4.345,43
4.419,44
7.385,42
7.287,35
,
8.313,45
8.315,56
8.088,36
,
,
,
,
,
,
8.894,35
8.918,48
8.868,57
8.918,51
8.918,52
8.868,56
8.868,55
8.792,48
8.792,50
8.766,46
8.74,44
8.7,26
,
,
,
7.986,49
7.838,60
7.586,55
7.434,42
8.992,38
8.917,43
8.943,46
7.361,52
7.336,57
7.335,50
7.336,36
8.217,16
,
7.987,22
7.735,42
7.585,47
7.535,48
7.786,52
8.187,45
8.137,51
8.137,49
8.036,43
7.835,40
7.936,37
7.835,38
7.885,39
,
9.201,30
9.32,42
9.398,35
,
,
,
,
,
7.64,24
7.711,48
7.662,61
7.637,62
7.812,54
7.862,57
7.812,54
7.837,53
7.861,51
7.886,47
7.861,48
7.885,41
7.866,31
7.866,31
7.836,50
7.911,46
8.167,68
7.96,79
7.838,64
7.886,51
8.168,69
8.869,66
7.487,35
7.534,38
,
,
,
8.744,18
7.85,75
7.868,70
8.112,48
,
,
,
,
8.993,51
,
9.118,43
9.068,44
,
7.588,34
7.517,29
8.672,24
8.642,55
8.644,63
8.692,53
8.674,29
,
,
,
,
,
,
,
,
,
,
8.849,25
8.694,23
,
,
,
,
,
,
,
,
,
,
,
8.971,34
9.05,30
,
,
8.268,16
8.491,56
8.491,59
8.491,55
8.49,47
8.442,35
8.443,34
8.642,55
8.543,65
8.365,59
8.341,66
8.344,69
8.292,67
8.243,69
8.202,75
8.142,68
8.014,64
8.114,60
8.189,53
8.237,42
8.09,23
8.238,37
8.389,51
8.338,41
8.237,39
8.293,33
7.956,21
8.037,46
7.961,52
6.189,70
6.271,82
6.236,80
6.321,82
6.347,75
7.837,56
6.032,40
6.182,50
,
,
8.913,21
11.297,45
11.398,50
7.686,46
7.837,59
9.118,39
8.694,34
4.324,65
4.495,57
4.543,44
9.108,20
,
,
8.54,44
8.591,47
8.566,50
8.616,51
8.692,55
8.717,58
8.718,62
8.819,63
8.995,63
9.172,62
9.202,70
4.48,73
4.449,68
4.373,63
4.445,52
4.419,40
4.398,61
4.461,76
4.474,80
9.124,69
9.13,73
4.546,65
4.567,41
,
,
6.382,39
6.282,52
6.284,66
6.234,65
6.133,51
11.522,42
8.264,58
8.315,59
8.19,63
8.19,61
8.141,67
8.19,65
8.291,64
8.727,91
8.677,72
8.086,38
8.163,49
,
7.011,58
7.719,71
8.14,65
8.146,71
8.092,69
7.938,64
7.287,63
7.236,54
7.234,44
,
,
,
,
,
7.7,20
7.689,67
7.413,62
4.398,66
4.474,80
4.59,93
4.639,93
4.556,74
7.311,58
7.31,49
7.285,49
7.309,40
7.284,38
7.289,32
7.336,22
,
8.801,27
8.771,32
8.841,38
8.816,39
8.896,23
,
,
7.187,35
7.309,45
7.285,49
7.336,56
7.543,71
7.891,69
4.546,66
4.495,55
4.496,64
4.373,61
4.323,54
8.037,48
6.134,58
6.159,53
6.183,59
6.182,51
6.243,73
6.181,44
7.139,68
7.209,79
7.941,69
7.839,67
7.837,59
8.752,73
8.954,73
11.372,42
6.332,49
6.343,91
6.276,83
6.208,53
6.183,53
6.158,49
6.206,42
6.209,35
,
,
7.886,37
7.911,51
7.887,58
7.888,62
7.893,70
7.889,67
7.914,67
7.939,67
7.938,66
7.913,65
7.938,64
4.523,80
4.553,81
4.404,71
4.472,61
4.42,50
8.086,43
8.086,41
8.188,47
8.215,61
8.165,64
8.168,69
8.176,74
8.227,75
8.221,71
8.189,53
8.136,42
8.086,44
8.112,48
8.136,42
8.136,39
8.189,53
8.291,63
8.29,55
8.267,34
8.694,34
8.742,36
8.842,46
8.766,50
8.792,47
,
8.063,53
8.086,44
4.544,47
4.519,47
4.519,51
,
6.787,23
6.986,60
7.011,59
7.889,34
8.086,42
8.163,50
8.086,42
8.138,54
8.063,56
,
,
7.011,54
6.711,61
,
6.433,49
6.41,35
7.236,22
7.159,45
,
7.159,39
7.159,43
7.164,16
,
,
,
,
,
,
,
,
,
,
,
,
,
,
,
7.167,25
7.086,53
6.839,31
,
,
,
,
,
,
,
,
,
,
,
6.712,18
6.984,47
7.085,51
7.034,41
,
7.039,32
7.111,36
6.993,27
,
,
,
,
,
,
,
,
,
,
,
,
,
,
,
,
,
,
,
,
,
,
8.866,43
8.866,43
8.866,43
6.559,53
6.685,58
6.657,41
6.632,39
6.633,37
6.708,41
6.657,39
6.683,40
6.683,40
6.657,41
6.733,44
6.733,44
6.683,40
6.657,42
6.632,41
6.633,47
6.686,60
8.742,54
8.741,50
8.414,42
8.34,53
8.389,48
8.334,21
,
,
,
,
,
,
,
,
,
,
,
,
,
,
,
,
,
,
,
,
,
,
,
,
,
,
,
,
7.061,36
7.085,48
2.023,56
2.101,59
2.024,65
2.024,62
1.97,52
1.996,51
1.972,60
1.971,54
1.971,59
1.946,56
1.947,60
1.972,63
1.921,62
1.972,61
1.921,63
1.947,63
1.972,62
1.974,68
1.972,63
1.998,63
2.023,59
1.997,59
2.023,58
2.05,63
2.075,59
2.101,57
2.075,55
2.075,57
2.074,51
2.074,47
2.073,39
2.236,31
,
,
,
,
,
,
,
,
,
,
,
,
,
,
,
,
,
,
,
,
,
,
,
,
,
,
,
,
,
,
,
,
,
,
,
,
,
,
,
,
,
,
,
,
,
,
,
,
,
,
,
,
,
,
,
,
,
,
,
,
,
,
,
,
,
,
,
,
,
,
,
,
8.686,21
8.64,40
8.64,40
8.667,46
8.54,40
,
,
,
,
,
,
,
,
,
,
,
,
,
,
,
,
,
,
,
,
,
,
,
,
,
,
,
,
,
,
,
,
,
,
,
,
,
,
,
,
,
,
,
,
,
,
,
,
,
,
,
,
,
,
,
,
,
,
,
,
,
,
,
,
,
,
,
,
,
,
,
,
,
,
,
,
,
,
,
,
,
,
,
,
,
,
,
,
,
,
,
,
,
,
,
,
,
,
,
,
,
,
,
,
,
,
,
,
,
,
,
,
,
,
,
,
,
,
,
,
,
,
,
,
,
,
,
,
,
,
,
,
,
,
,
,
,
,
,
,
,
,
,
-99999999,
,
,
,
,
,
,
,
,
,
,
,
,
,
,
,
,
,
,
,
,
,
,
,
,
,
,
,
,
,
,
,
,
,
,
,
,
,
,
,
,
,
,
,
,
,
,
,
1.875,30
1.767,51
1.74,45
1.716,48
1.665,51
1.665,51
1.614,50
1.691,55
1.666,57
1.641,56
1.615,56
1.616,60
1.616,63
1.615,57
1.616,61
1.565,60
1.616,66
1.616,64
1.565,63
1.616,64
1.591,62
1.591,62
1.616,64
1.596,70
1.616,63
1.618,68
1.616,64
1.54,62
1.591,66
1.591,64
1.591,63
1.565,62
1.591,66
1.565,63
1.616,65
1.616,65
1.591,61
1.591,66
1.565,60
1.591,65
1.591,65
1.565,60
1.616,64
1.616,66
1.567,68
1.616,63
1.591,66
1.565,66
1.591,63
1.616,63
1.57,70
1.591,64
1.565,66
1.596,70
1.617,67
1.616,64
1.593,68
1.591,65
1.591,66
1.565,65
1.596,70
1.591,64
1.594,69
1.616,62
1.642,65
1.616,65
1.616,62
1.616,63
1.642,60
1.667,61
1.642,61
1.667,62
1.668,67
1.718,65
1.692,63
1.692,64
1.718,64
1.667,63
1.718,65
1.719,67
1.769,63
1.718,65
1.769,64
1.718,63
1.743,63
1.794,62
1.769,63
1.769,63
1.769,62
1.769,63
1.82,65
1.794,60
1.819,57
1.87,61
1.82,62
1.845,62
1.896,62
1.921,60
1.921,60
1.896,61
1.921,61
1.92,59
1.92,57
1.972,60
1.972,61
1.971,59
2.023,58
1.997,56
1.997,59
2.075,56
2.023,55
2.023,56
2.023,53
2.049,56
2.127,53
2.127,54
2.075,56
2.127,56
2.127,57
2.179,59
2.153,59
2.154,62
2.18,60
2.154,60
2.205,58
2.205,59
2.205,55
2.179,58
2.232,62
2.232,61
2.232,63
2.232,61
2.231,59
2.258,61
2.283,58
2.311,63
2.311,64
2.337,62
2.362,57
2.337,60
2.363,61
2.363,60
2.391,68
2.389,64
2.389,62
2.44,64
2.466,64
2.44,60
2.44,63
2.44,64
2.492,64
2.494,68
2.518,65
2.518,64
2.518,62
2.543,56
2.543,55
2.543,59
2.595,58
2.595,57
2.621,56
2.595,57
2.7,56
2.7,54
2.701,60
2.753,65
2.756,69
2.81,70
2.862,70
2.758,70
2.836,70
2.895,74
2.961,62
2.649,63
7.262,63
7.261,56
7.311,57
7.286,59
7.286,58
7.361,47
7.285,37
7.334,38
7.284,44
7.36,42
7.288,34
7.385,44
7.435,37
,
,
7.411,46
7.434,38
7.561,59
7.586,58
7.619,26
,
7.459,41
7.536,56
7.535,46
7.584,40
7.535,51
7.635,48
7.434,41
7.486,58
7.537,65
7.587,64
7.546,73
7.579,78
7.609,79
7.593,71
7.612,65
7.611,57
7.561,55
7.536,53
7.536,57
7.536,54
7.536,54
7.536,55
7.561,55
7.561,59
7.587,64
7.586,58
7.611,58
7.611,59
7.586,57
7.612,63
7.56,50
7.635,48
7.585,48
7.491,30
7.534,39
7.559,44
7.584,40
7.585,37
7.715,16
7.435,47
7.451,76
7.399,74
7.366,69
7.336,57
7.411,46
7.465,31
7.484,44
7.486,57
7.51,50
7.54,69
7.646,73
11.576,68
11.481,71
11.462,75
11.4,66
11.397,44
,
7.489,33
7.51,46
7.485,49
7.537,66
7.639,68
11.525,64
11.58,71
11.61,74
11.517,78
11.514,76
11.437,75
11.442,78
11.334,73
11.305,70
11.476,67
11.405,70
11.45,63
11.899,65
11.434,73
11.417,78
11.386,74
11.758,73
12.185,75
12.132,73
11.932,72
12.045,79
12.031,72
12.004,70
11.877,31
7.455,21
7.41,39
7.388,35
,
,
,
,
,
,
,
3.408,42
3.362,64
3.264,67
3.241,69
3.263,65
3.197,72
3.215,68
3.189,63
3.19,67
3.165,67
3.164,65
3.14,67
3.139,66
3.117,68
3.172,72
3.123,73
3.153,76
3.105,77
3.141,80
3.112,79
3.129,77
3.102,75
3.131,78
3.156,83
3.105,77
3.129,77
3.107,78
3.126,75
3.128,76
3.125,74
3.151,75
3.176,75
3.17,71
3.195,71
3.221,72
3.235,79
3.197,72
3.227,76
3.245,81
3.249,74
3.25,75
3.268,70
3.292,70
3.321,73
3.354,78
3.324,75
3.346,73
3.373,75
3.397,74
3.423,75
3.452,78
3.419,72
3.482,79
3.472,75
3.471,74
3.471,74
3.477,78
3.5,77
3.468,72
3.518,72
3.519,73
3.549,77
3.57,74
3.57,74
3.568,73
3.581,79
3.548,76
3.576,78
3.606,79
3.667,73
3.696,76
3.707,67
3.731,65
3.759,69
3.806,67
3.958,70
3.95,40
11.645,84
11.409,73
11.336,74
11.483,72
11.552,69
11.552,69
11.503,69
11.526,67
11.552,69
11.484,73
11.529,70
11.641,78
11.401,67
11.402,68
11.931,81
9.932,86
9.854,80
9.738,82
9.798,89
9.823,89
9.811,87
9.785,91
9.74,92
9.766,88
9.819,83
9.743,83
9.687,74
9.743,83
9.756,70
9.839,82
7.553,98
7.592,108
9.994,98
10.061,96
10.099,89
11.927,69
11.872,52
12.007,72
11.926,80
11.367,78
11.766,78
11.412,75
11.561,82
11.563,76
11.81,74
11.412,75
11.361,74
11.349,58
11.259,73
11.323,48
,
12.148,66
12.201,69
12.199,67
12.248,60
12.221,50
12.146,47
11.972,51
11.998,53
11.948,59
12.023,57
12.047,58
7.436,55
7.485,51
7.561,56
7.461,58
7.536,59
7.562,61
7.546,73
7.593,71
7.609,79
7.595,72
7.637,85
7.619,81
7.598,74
7.614,80
7.676,92
7.646,87
7.596,73
7.623,74
7.651,76
7.668,71
7.702,92
7.771,102
7.768,101
7.712,94
7.604,83
7.588,67
7.543,71
7.559,79
7.608,84
7.591,86
9.789,82
7.646,73
7.545,72
9.841,76
9.758,81
9.822,93
9.753,68
9.71,73
9.713,75
9.665,76
9.697,84
9.844,78
9.861,87
9.802,64
9.9,49
9.802,64
9.937,87
9.942,92
10.003,100
10.003,100
9.955,80
9.819,78
9.741,88
9.672,89
9.823,89
9.943,88
9.973,93
9.851,94
9.864,103
9.841,92
12.297,59
12.182,73
9.877,85
9.743,78
9.788,74
9.888,74
9.813,74
9.889,82
9.924,89
9.948,93
9.983,101
9.924,99
9.855,95
9.905,90
9.765,76
9.822,93
9.9,106
9.663,97
8.474,81
8.346,70
8.383,83
8.463,89
8.413,89
8.532,92
8.526,91
8.557,92
8.457,88
8.469,90
8.432,88
8.526,96
8.491,94
8.559,98
8.424,81
8.417,85
8.396,86
8.368,90
9.704,95
9.789,97
9.772,89
8.555,97
8.475,102
8.374,102
9.823,89
9.936,91
9.928,85
9.942,92
9.94,82
13.235,77
12.151,95
11.839,88
11.774,85
10.036,91
9.974,89
9.861,73
9.829,68
9.788,74
9.827,85
9.763,75
9.608,72
9.733,81
9.688,82
10.324,89
10.249,99
9.841,92
9.709,96
10.125,79
10.111,91
10.299,84
10.317,76
10.095,83
9.824,79
9.716,77
9.463,76
9.356,96
9.237,77
9.199,80
9.061,77
9.528,95
10.015,97
10.462,87
10.629,80
10.589,82
10.548,84
10.492,92
9.684,91
9.438,92
9.473,94
9.498,94
9.506,81
9.54,77
9.633,96
9.726,100
9.679,95
9.589,76
9.625,85
10.73,95
11.25,94
9.897,93
10.005,107
9.986,102
11.35,85
11.047,84
11.084,91
11.234,91
11.729,101
11.122,84
11.246,84
11.938,76
12.249,67
12.429,71
9.649,94
9.74,92
11.726,80
9.766,77
9.799,79
9.915,97
11.741,83
9.612,97
9.801,94
12.075,80
12.024,85
11.831,81
12.573,80
12.842,84
12.81,92
12.628,81
12.742,84
9.697,89
9.818,98
9.772,89
9.734,72
9.74,76
9.766,77
9.924,99
9.829,90
9.933,101
9.864,97
9.731,70
9.688,82
13.182,82
12.244,99
11.857,102
11.669,93
13.099,86
12.948,80
12.805,87
11.242,104
11.011,109
11.06,109
11.651,107
10.075,112
9.947,105
9.98,107
10.037,96
11.849,85
11.82,89
11.936,97
12.835,92
13.496,90
12.942,84
13.436,83
13.147,80
9.71,87
9.71,73
9.906,95
9.928,100
11.795,89
11.741,78
11.854,70
11.977,95
12.024,100
9.958,108
10.031,107
10.069,98
10.096,111
10.701,94
10.952,85
10.979,90
10.908,71
10.908,71
11.029,95
11.075,94
11.664,88
11.866,83
9.933,101
9.836,87
9.841,76
10.02,111
10.032,114
10.094,104
12.617,89
12.592,89
12.382,87
12.375,80
12.51,103
12.776,101
12.941,93
12.645,94
12.567,84
12.923,90
11.991,83
11.259,87
10.34,82
10.117,76
10.157,86
10.297,105
10.337,109
10.458,108
11.01,102
11.333,96
11.352,90
11.613,92
11.876,90
11.861,97
11.647,106
11.402,107
11.352,107
11.263,97
10.344,104
10.144,104
10.108,108
10.074,99
9.965,97
12.127,86
12.123,85
12.25,90
10.099,99
10.347,105
10.256,95
10.08,80
2.682,27
2.544,35
2.437,42
2.387,46
2.438,49
2.438,52
2.439,57
2.387,51
2.439,57
2.414,53
2.439,57
2.466,60
2.438,52
2.388,54
2.491,53
2.445,25
10.361,96
10.292,76
10.352,94
10.311,96
13.477,91
12.069,89
12.107,87
12.027,86
10.265,97
10.28,107
10.255,107
12.275,90
12.245,79
12.165,78
12.073,85
11.242,83
11.093,83
11.093,83
11.053,80
11.097,84
11.165,92
11.221,93
11.191,88
11.276,100
11.253,107
11.095,105
10.973,99
10.742,77
10.659,81
10.692,77
10.984,81
12.081,102
12.185,97
13.603,87
13.279,87
13.999,81
13.36,98
10.44,103
10.333,101
10.267,92
10.251,106
10.152,94
10.089,74
10.148,93
10.192,92
10.169,98
10.206,95
10.162,87
10.15,79
10.29,82
10.314,74
10.29,75
10.285,81
10.289,74
10.392,92
11.213,97
11.056,101
13.041,89
13.029,87
13.228,96
12.276,95
10.068,88
10.208,108
10.017,77
10.584,81
10.554,90
10.761,87
10.669,83
10.805,95
10.791,92
10.961,87
11.988,92
11.676,80
10.827,113
10.898,89
8.404,75
8.355,76
8.313,79
8.242,80
8.268,80
8.202,82
8.252,82
8.283,83
8.227,82
8.291,85
2.536,78
2.455,76
2.449,73
2.451,74
2.518,64
2.495,31
11.163,97
10.991,92
10.951,94
11.193,83
10.804,107
11.994,93
2.516,37
2.543,54
2.466,61
2.466,64
2.415,63
2.492,63
2.44,63
2.414,55
2.44,61
2.439,53
2.438,51
2.387,49
2.361,46
2.386,41
2.387,37
2.362,36
2.36,38
2.437,38
2.387,37
2.386,39
2.437,44
2.438,52
2.389,61
2.44,66
2.443,69
2.443,69
2.471,70
2.466,62
2.491,56
2.438,51
2.49,48
2.681,19
11.881,81
11.911,97
12.088,88
12.002,95
8.448,71
8.406,76
8.419,80
8.396,86
8.45,91
8.469,80
8.62,80
9.14,105
11.716,78
10.403,85
10.685,102
10.754,90
11.179,114
10.841,92
10.923,99
10.28,80
11.284,96
11.259,87
10.766,92
10.663,74
11.272,79
11.314,76
11.405,70
11.543,105
10.789,82
10.506,95
10.542,88
12.704,96
11.851,90
12.39,78
11.404,86
11.117,98
12.489,104
14.008,98
11.26,109
11.081,101
10.38,80
10.506,95
14.057,104
10.386,102
10.444,98
10.588,116
10.539,103
15.824,103
10.538,116
10.546,118
10.486,102
10.474,99
10.609,128
10.561,122
10.692,117
12.39,111
12.189,104
11.911,103
11.301,100
11.274,106
11.242,104
11.253,107
14.212,89
14.798,91
15.924,97
12.53,102
12.45,80
12.452,86
11.11,109
11.011,87
11.006,86
11.259,96
12.421,106
13.621,107
12.44,83
12.534,97
11.408,96
11.425,100
10.469,98
10.49,103
10.557,101
11.462,97
11.381,71
11.4,85
11.988,92
12.364,98
10.814,103
11.007,101
10.879,90
10.741,76
10.929,80
11.259,96
14.019,80
10.977,100
11.076,100
11.05,94
11.114,110
11.153,107
12.351,95
12.534,103
12.41,97
14.016,94
13.971,86
14.074,91
14.083,83
13.974,81
12.978,81
12.905,87
12.501,86
12.723,80
13.606,82
13.832,88
13.732,92
10.993,98
11.027,100
11.034,96
10.929,80
10.961,87
10.966,92
10.948,89
10.952,85
10.985,91
11.046,93
11.084,102
11.097,99
11.113,97
11.146,93
11.083,81
11.038,82
11.072,89
11.288,103
11.14,76
11.059,72
10.974,79
10.941,92
10.932,101
14.007,88
10.373,93
10.39,97
10.607,101
10.964,103
10.989,82
11.217,98
11.499,94
11.529,101
11.516,98
11.64,104
11.471,99
11.396,84
11.365,77
11.367,78
10.944,83
10.574,79
10.4,79
10.365,75
10.534,115
14.468,80
11.45,100
14.333,83
11.403,95
12.306,96
12.36,82
12.469,84
12.523,100
12.51,103
12.534,103
12.538,104
14.694,86
12.644,106
12.644,106
12.595,94
12.658,97
14.915,85
14.807,83
11.453,95
11.508,96
11.458,96
11.465,88
14.241,85
14.05,87
14.078,82
11.533,87
11.478,95
11.491,104
11.296,84
14.22,86
14.724,87
12.552,101
12.425,90
10.519,98
10.443,88
10.386,91
10.568,98
10.535,102
10.499,99
10.528,100
10.508,101
10.414,74
10.381,69
10.405,90
10.348,93
10.25,79
10.211,72
10.211,72
10.208,70
10.204,67
10.206,69
10.206,69
10.233,70
10.205,68
10.37,78
10.448,93
10.319,98
14.009,78
10.948,99
10.805,95
10.629,80
10.52,78
10.385,81
10.467,76
10.514,74
10.382,86
9.421,79
9.319,84
9.268,84
9.302,86
9.288,88
9.31,82
9.344,84
9.29,78
9.31,75
9.36,75
9.326,69
9.274,67
9.279,71
9.357,73
9.247,64
9.328,70
9.348,62
9.353,70
9.337,76
9.35,80
9.331,91
9.382,87
9.36,82
9.39,83
9.375,80
9.414,77
9.476,80
9.495,84
14.068,90
10.269,98
10.493,77
10.852,85
10.898,84
10.841,76
10.879,80
10.874,79
10.619,78
10.879,80
11.016,76
11.188,103
11.229,95
13.746,86
15.541,86
15.203,77
12.202,86
12.265,83
10.431,95
10.503,85
11.063,82
11.222,79
10.33,80
11.377,90
11.682,102
10.311,96
13.933,104
12.029,71
11.915,98
11.371,89
11.399,94
11.37,93
11.365,88
11.282,81
11.272,79
11.262,82
11.282,81
11.242,83
11.232,81
11.191,77
11.315,88
11.289,92
14.08,92
13.831,92
13.839,79
13.807,77
13.871,86
13.857,77
14.729,92
15.377,92
15.791,86
15.926,76
16.032,84
16.032,89
15.754,78
15.804,78
15.834,79
15.852,77
16.05,76
16.02,87
15.497,87
14.004,103
14.078,97
15.471,91
15.932,93
16.014,80
11.292,83
11.292,83
11.315,88
11.346,84
11.466,98
11.48,101
11.428,95
14.503,82
14.644,86
15.552,88
12.168,93
12.198,85
12.369,112
14.706,98
14.818,95
16.007,93
13.49,99
12.148,85
12.278,108
10.255,90
10.585,102
10.498,93
10.623,99
10.59,110
10.643,104
10.618,98
10.576,94
15.752,88
13.538,105
10.511,102
10.802,113
13.735,111
13.825,102
15.359,99
12.496,106
13.942,100
10.605,95
10.656,86
10.807,101
10.844,124
10.754,107
10.817,117
10.516,110
10.298,93
10.245,83
10.383,101
10.457,86
10.507,86
10.743,104
10.707,108
10.729,107
10.702,100
10.832,101
10.743,98
10.654,80
10.616,76
10.629,80
10.594,78
10.548,84
10.383,101
10.186,102
10.05,79
10.132,86
10.103,85
10.045,78
10.016,76
10.014,75
10.036,72
10.107,86
10.07,78
10.08,80
10.174,89
10.045,78
10.103,85
10.057,86
10.07,83
9.952,63
14.299,96
14.196,101
14.249,102
14.243,107
16.235,94
16.02,87
16.082,89
16.036,85
13.714,89
13.9,96
13.963,99
13.933,104
13.954,97
13.958,104
13.967,100
13.929,103
13.748,101
10.336,91
11.074,106
10.732,101
10.468,88
10.165,82
10.115,75
10.017,77
9.983,71
10.011,91
10.062,87
9.967,77
9.915,75
9.7,58
16.417,102
9.978,100
9.947,105
10.028,100
9.915,97
9.889,97
9.748,79
13.9,96
13.695,90
15.72,91
13.177,115
9.832,108
12.131,91
11.97,99
15.887,85
15.724,82
15.686,94
15.536,94
14.18,92
16.139,95
12.492,105
12.348,85
12.431,96
12.49,111
12.403,101
12.414,98
12.362,92
12.344,89
15.159,89
15.746,87
15.977,88
11.391,104
11.355,101
11.205,86
11.143,83
11.208,81
11.183,81
11.178,80
11.166,77
11.214,76
11.202,68
11.153,80
11.312,97
11.203,90
11.24,92
11.209,91
11.178,80
11.193,83
11.324,94
11.355,108
14.057,98
11.965,98
12.069,112
12.111,110
12.082,109
12.139,104
12.167,105
12.126,95
12.192,105
12.153,108
12.192,105
12.235,97
12.31,103
12.198,100
12.481,102
12.69,105
12.211,110
12.253,108
12.238,117
12.173,100
12.15,107
12.267,118
12.175,107
15.914,90
15.745,91
16.001,92
15.967,101
14.911,89
15.321,91
15.599,97
15.354,98
15.35,97
15.337,94
15.402,92
15.371,91
15.392,86
15.92,102
14.103,97
14.028,103
12.189,104
12.186,110
12.265,111
12.103,108
12.398,100
12.594,106
12.294,99
12.185,97
12.26,103
12.198,100
12.326,95
15.745,91
15.983,89
12.264,104
12.278,108
12.364,104
12.278,101
12.285,103
12.053,108
14.74,100
14.829,92
16.031,93
16.008,99
14.52,86
14.495,86
14.495,86
15.508,93
13.103,102
13.07,100
13.193,106
14.099,96
14.078,103
14.121,101
14.091,100
14.271,101
16.144,96
13.574,101
13.46,104
13.438,105
13.374,101
13.385,104
13.278,102
12.357,109
12.346,106
12.278,108
12.244,112
12.263,117
12.378,108
14.559,105
14.545,101
14.653,110
12.398,113
12.261,110
12.269,112
13.339,105
14.48,92
14.561,89
14.643,95
15.82,96
15.949,82
16.268,91
16.392,91
13.332,103
14.617,107
14.61,93
14.627,97
12.319,112
13.041,112
12.959,110
12.248,113
12.476,114
12.84,118
12.296,106
12.239,98
12.231,102
12.265,111
15.945,91
14.748,96
14.62,101
16.194,91
15.887,85
15.658,89
12.173,100
12.11,103
12.157,109
12.535,110
12.801,108
12.735,92
12.439,104
12.21,97
12.251,95
12.243,93
12.783,103
12.983,103
12.53,102
12.867,99
14.089,106
14.013,84
14.132,104
14.116,100
14.171,101
14.153,97
14.166,100
14.132,98
14.153,97
14.153,97
14.157,98
16.438,86
16.256,84
16.207,89
12.168,93
12.063,88
16.275,88
12.087,92
12.737,104
12.726,101
12.933,103
16.101,88
16.119,91
16.139,95
16.227,104
16.031,93
15.827,88
15.82,91
15.646,87
15.49,90
15.471,91
15.492,86
15.976,92
15.97,91
16.102,98
11.299,106
11.281,108
11.201,100
11.184,91
11.104,95
11.078,90
10.973,89
15.197,87
15.217,86
15.265,90
15.303,88
15.303,88
15.338,85
15.338,85
15.375,82
15.345,81
15.353,88
15.342,86
15.275,82
15.284,84
15.384,84
15.608,89
15.719,81
15.566,86
15.392,86
15.384,84
15.521,87
15.696,87
15.574,82
15.626,92
15.546,87
12.328,101
12.239,104
12.31,103
12.221,106
12.244,99
12.256,102
12.289,104
12.342,105
12.373,113
15.143,101
15.25,97
15.802,88
16.088,90
15.933,89
15.627,88
16.28,93
15.996,87
16.288,95
16.373,92
11.125,94
11.184,96
11.245,105
11.308,115
14.178,103
14.287,89
15.059,99
14.97,101
14.485,105
14.393,107
14.41,105
14.36,105
14.362,99
14.914,94
14.936,99
14.499,102
14.363,79
10.979,90
11.149,106
11.199,106
11.131,101
11.214,110
11.096,93
11.059,91
11.053,68
10.989,97
14.424,102
13.692,94
16.748,88
16.755,79
14.499,91
14.636,99
14.677,97
14.648,96
16.71,90
16.666,81
16.679,93
14.786,99
15.246,96
14.827,103
14.804,92
14.24,94
14.307,98
15.574,103
14.354,110
13.972,108
14.239,106
15.254,98
15.678,98
11.398,106
11.344,105
11.254,95
11.215,92
11.276,100
11.272,99
11.276,100
11.275,94
11.303,95
11.246,93
11.221,93
11.276,100
11.288,97
11.209,96
11.191,88
11.216,88
11.213,82
11.325,100
11.352,107
11.461,116
14.559,105
14.303,97
14.265,94
14.256,88
14.38,92
14.993,95
15.241,95
15.404,98
15.204,98
15.182,105
15.3,103
15.628,104
16.113,107
11.222,99
11.242,98
11.314,110
14.528,110
14.494,95
14.43,92
14.548,102
14.67,101
14.534,105
14.453,103
13.833,104
13.911,105
13.567,106
13.469,100
13.535,104
14.952,97
14.965,100
16.867,87
16.937,86
16.655,89
16.463,86
16.71,90
16.892,87
16.729,84
16.649,88
16.63,84
16.526,83
16.555,84
16.534,85
16.509,85
16.509,85
13.489,93
13.556,103
13.447,95
16.671,82
16.773,88
15.108,93
14.998,91
15.083,93
16.86,90
16.954,84
16.384,85
16.318,91
16.186,85
14.008,104
14.355,92
14.602,97
14.52,101
14.241,85
14.245,86
14.412,89
14.393,90
14.394,95
14.375,87
12.699,95
12.685,92
12.64,105
12.705,109
12.64,105
15.658,84
15.708,84
15.866,86
15.952,88
16.195,87
16.212,80
9.332,73
9.494,93
15.067,86
9.397,94
15.237,94
15.367,86
15.614,90
15.533,84
13.813,99
15.208,93
15.166,95
15.316,95
15.696,87
15.397,87
15.328,88
15.484,84
15.757,93
13.535,104
13.444,85
13.615,99
14.948,73
12.198,100
12.298,85
12.297,94
12.31,97
12.337,92
16.115,86
16.132,89
16.294,87
16.376,83
16.312,80
16.267,81
16.327,83
16.466,81
16.626,83
16.534,85
16.421,82
16.325,77
16.307,79
16.366,81
16.272,82
16.215,86
16.132,84
15.991,86
15.914,90
15.891,86
13.247,90
13.542,106
13.602,102
13.464,93
13.036,104
13.261,104
13.446,107
16.034,106
15.867,101
15.953,98
15.976,92
15.961,94
16.081,93
16.125,92
14.602,97
12.313,88
12.418,93
16.158,79
12.576,101
12.583,103
12.57,94
13.339,105
13.759,98
13.499,101
13.178,102
12.641,93
16.327,83
12.342,105
12.257,87
12.335,103
13.628,109
12.649,114
13.409,88
13.818,113
15.939,90
16.032,89
15.751,92
10.704,90
10.66,102
14.939,94
14.94,85
14.799,87
12.594,106
12.5,107
15.022,87
12.463,88
,
,
13.839,42
13.8,72
9.819,78
9.75,56
9.65,63
9.549,36
17.679,59
17.785,70
9.552,33
9.598,48
9.548,37
9.521,42
9.597,40
9.523,36
9.502,31
9.572,38
9.552,33
9.551,34
9.597,40
9.657,28
17.994,76
17.756,67
9.678,68
9.751,60
9.65,60
9.762,74
9.704,69
12.372,55
12.371,50
12.396,47
12.379,71
12.437,92
12.456,96
15.203,88
15.116,95
15.063,85
15.075,82
12.322,94
12.467,105
15.196,96
15.113,100
17.667,75
14.066,100
14.075,87
13.854,82
13.951,87
17.683,69
13.521,90
13.353,102
12.156,102
12.16,97
15.879,83
12.497,94
12.528,81
12.231,91
13.552,96
12.826,108
9.553,95
9.564,76
9.668,78
9.675,53
9.45,34
9.31,20
18.015,74
14.123,81
14.268,90
14.261,93
14.3,87
9.937,73
10.04,75
10.01,72
10.028,67
10.053,66
10.027,64
10.137,73
10.134,71
10.114,74
10.114,74
10.158,70
10.103,65
10.104,67
10.083,70
10.128,64
9.977,66
9.98,69
10.136,91
10.099,89
9.861,73
9.889,82
9.819,78
9.924,89
9.965,97
9.847,93
9.738,82
9.729,69
9.65,63
9.603,69
9.55,65
9.491,83
9.426,90
9.533,91
12.078,101
12.937,104
12.849,95
12.633,82
13.531,97
12.15,90
12.244,84
12.42,79
12.415,83
12.481,102
12.369,99
13.019,106
12.571,100
12.385,103
12.29,83
12.388,88
12.708,97
12.869,106
12.823,107
13.005,109
13.492,106
13.56,98
13.668,94
12.878,115
12.89,105
13.646,107
12.451,95
12.247,94
11.691,83
11.771,79
11.97,112
11.01,72
11.128,80
11.283,91
11.38,101
14.532,83
14.425,73
12.946,85
13.222,90
14.25,87
14.355,92
15.736,58
15.82,72
15.876,76
15.994,81
15.939,80
15.749,75
13.278,102
13.236,104
13.178,102
12.657,74
12.331,91
12.23,81
12.115,83
13.644,65
13.881,92
16.168,81
15.336,50
12.063,88
11.908,73
11.931,81
11.826,80
11.751,68
11.799,66
11.849,65
11.902,69
,
11.686,20
12.021,39
11.899,65
11.675,18
,
11.921,44
,
12.202,86
17.069,82
12.235,97
11.972,106
14.519,95
14.623,91
12.148,100
12.303,108
12.317,105
14.274,96
14.312,99
12.015,98
12.128,101
12.194,99
13.678,87
13.553,87
13.622,95
13.714,89
14.315,94
13.891,94
13.559,88
13.559,88
13.689,89
13.825,91
14.065,94
14.518,90
14.774,87
14.343,90
14.153,82
14.216,85
12.348,100
12.267,105
12.251,95
12.261,110
12.253,108
12.163,88
12.256,96
12.328,108
12.244,99
12.098,85
12.008,73
12.07,42
,
14.412,84
14.428,97
17.143,74
14.369,95
14.617,90
14.77,101
16.933,85
14.449,96
14.424,102
14.293,90
14.194,95
16.865,81
14.021,108
16.637,95
14.116,100
15.436,50
13.922,101
12.442,105
12.642,99
15.059,89
15.062,94
12.683,103
17.093,74
14.08,92
13.698,108
12.313,88
13.057,75
13.137,78
11.855,71
11.498,106
11.317,83
11.957,96
15.833,89
15.874,82
13.863,99
16.48,89
13.422,95
13.353,96
13.539,93
16.061,85
9.703,68
9.85,106
9.672,112
9.71,109
9.97,111
9.672,99
12.503,101
11.367,78
11.404,86
,
11.325,62
11.381,71
11.555,71
11.449,59
11.422,45
11.449,36
11.429,30
,
,
16.933,35
,
14.363,43
14.562,41
,
,
,
,
14.597,26
14.489,51
14.502,74
11.607,96
11.433,72
11.822,106
17.128,84
17.182,85
17.259,80
13.775,91
17.332,60
14.563,46
14.668,95
11.633,87
11.582,91
11.62,99
11.654,101
11.649,100
11.421,89
11.511,74
11.57,89
11.509,87
11.496,89
17.01,80
17.453,99
15.908,99
15.759,79
15.866,86
17.465,91
16.392,91
18.281,80
18.346,78
18.161,81
16.517,96
16.608,94
16.733,85
16.676,83
16.773,88
14.76,93
15.058,93
14.886,99
14.839,94
14.699,73
14.911,89
14.92,101
16.593,87
16.551,78
16.571,75
16.634,85
15.09,90
15.047,87
14.956,78
14.917,80
14.944,86
14.907,83
14.922,81
14.88,77
14.912,79
14.876,74
14.936,84
16.584,63
16.507,52
16.631,45
,
,
,
,
,
,
,
17.154,41
,
,
14.373,81
14.449,72
14.346,70
14.403,75
14.418,80
14.453,75
,
13.469,65
13.522,69
13.506,82
13.558,92
13.541,79
13.475,71
13.511,83
13.525,71
13.508,76
13.515,84
13.521,90
13.565,89
13.527,91
13.519,85
13.54,84
13.509,77
13.576,81
13.521,90
13.472,95
13.446,90
13.481,75
13.499,70
13.521,80
13.494,61
13.486,78
13.452,72
13.523,86
13.491,79
13.443,56
13.569,65
13.553,87
13.494,85
13.496,90
13.791,94
14.315,94
14.543,95
14.615,100
14.556,98
14.428,97
14.441,100
14.57,101
14.532,83
14.636,99
14.529,92
14.565,100
14.611,89
14.768,95
14.518,80
14.512,89
14.495,86
14.45,87
14.468,90
14.495,86
14.615,85
14.536,89
14.478,97
14.494,95
14.493,90
14.499,91
14.445,86
14.466,85
14.498,81
14.458,78
14.443,80
14.453,82
14.437,84
14.428,82
14.403,82
14.395,86
14.386,93
14.324,96
14.295,86
14.374,96
14.461,93
14.512,89
14.555,88
14.564,94
14.574,87
14.623,91
14.557,83
14.577,82
14.54,85
14.445,86
14.445,86
14.515,94
14.567,90
14.561,99
14.631,98
14.631,98
14.561,99
14.594,86
14.582,83
14.612,79
14.604,92
14.623,91
14.639,94
14.669,86
14.723,91
14.717,90
14.829,92
14.904,92
16.708,66
16.836,69
16.845,82
16.731,46
,
,
17.157,63
17.194,82
17.552,79
17.745,88
17.153,89
16.945,82
16.95,83
16.929,84
16.94,81
16.998,77
16.955,79
16.898,77
16.96,80
16.898,77
16.875,83
17.036,86
16.025,92
15.789,80
15.849,97
17.679,94
16.38,89
16.277,83
16.306,89
16.335,85
16.327,83
16.325,88
13.427,91
13.322,90
13.27,85
13.39,99
13.627,96
16.252,78
16.272,82
16.327,83
16.483,94
16.416,81
17.441,87
15.416,69
15.579,83
16.642,96
17.216,87
17.788,96
18.007,80
17.945,77
17.927,79
17.257,85
17.182,63
17.106,22
,
16.381,45
16.692,73
16.817,73
16.925,78
16.916,72
14.697,81
14.894,86
14.949,87
14.818,95
14.794,86
14.918,95
14.598,96
14.425,87
14.437,84
14.468,90
14.441,85
14.506,88
14.5,87
14.449,91
14.491,85
14.481,77
14.333,83
14.291,66
14.319,95
18.029,61
18.056,80
17.932,68
14.567,68
12.82,94
12.736,88
12.712,98
14.541,67
14.183,83
14.138,79
14.512,89
14.544,86
14.408,78
14.313,79
13.502,96
13.44,84
13.64,89
13.671,90
13.636,83
13.689,84
13.834,83
12.604,96
12.512,88
12.497,85
9.325,107
9.353,108
9.278,101
9.263,98
9.116,93
9.2,95
9.255,102
9.342,105
12.457,87
12.448,85
12.444,84
12.444,84
12.448,85
12.435,82
13.421,90
13.569,85
13.556,82
13.521,80
13.561,78
13.556,82
13.556,75
14.74,85
14.861,89
14.832,83
14.819,86
14.811,89
14.823,91
14.624,87
14.54,85
14.557,83
14.59,85
14.574,87
14.373,81
14.536,84
14.577,75
14.636,84
17.93,62
17.88,63
14.562,79
14.632,78
14.686,84
18.043,76
18.235,71
18.235,71
18.21,71
18.181,68
14.445,86
14.453,75
14.455,76
14.478,75
14.495,86
14.433,83
14.406,77
14.458,78
14.489,48
14.564,57
14.546,71
14.594,86
14.654,92
14.679,92
14.574,87
14.582,83
14.58,88
14.518,80
14.513,79
14.661,89
14.539,53
,
,
,
,
,
,
,
,
,
,
,
,
,
,
,
,
14.59,35
14.539,56
14.542,80
14.58,88
14.71,93
14.729,92
14.735,93
14.702,82
14.596,71
14.622,81
14.667,90
14.605,88
14.643,95
17.078,89
16.929,84
17.433,68
17.509,69
17.487,71
17.445,76
17.333,67
17.434,69
17.424,78
17.468,75
17.831,67
17.728,49
,
,
17.979,55
18.031,68
14.652,75
14.73,77
14.715,62
14.749,73
17.942,75
14.393,68
14.491,85
14.536,84
14.524,73
18.165,74
18.169,77
17.622,83
15.159,84
14.986,79
15.087,94
15.187,94
15.099,74
15.091,69
14.882,83
15.233,93
18.181,90
18.111,81
18.104,66
18.046,78
18.029,66
18.028,54
17.406,53
17.429,48
,
,
,
,
14.965,18
14.99,23
14.872,26
,
,
,
,
17.382,35
17.484,31
17.381,55
17.677,42
17.979,55
17.795,77
17.651,89
17.409,80
16.277,83
16.078,78
16.018,81
18.006,67
17.747,78
17.862,81
18.244,77
18.291,82
18.304,65
18.029,62
14.861,89
14.79,65
14.81,93
18.026,79
18.056,80
18.059,70
18.027,52
,
,
,
,
14.489,50
14.497,71
14.458,83
14.513,79
14.512,84
14.468,80
14.508,78
14.478,82
14.418,80
14.529,92
14.539,94
14.491,85
14.483,83
14.478,82
14.494,69
14.666,67
14.677,75
14.647,81
14.53,77
14.413,79
14.53,88
14.549,87
14.652,75
14.522,81
14.527,82
14.412,89
13.591,79
9.079,96
9.083,97
9.041,93
8.96,88
8.997,90
9.041,93
8.978,91
9.035,92
9.062,98
9.104,96
9.075,86
9.108,82
9.041,93
9.137,98
9.121,85
9.11,76
9.229,81
14.811,84
14.705,77
14.762,79
14.754,76
17.854,56
14.956,98
11.826,90
14.806,98
16.243,72
16.188,80
16.147,74
15.732,93
15.325,75
,
16.637,69
15.027,92
14.38,92
17.695,77
17.282,85
17.432,85
14.662,79
14.781,98
14.567,80
14.939,94
15.037,94
14.827,82
18.229,64
18.202,52
18.126,39
18.176,43
18.178,56
15.837,63
15.789,68
15.784,79
15.841,86
15.857,93
15.84,95
15.903,98
15.846,87
15.845,91
13.328,91
13.354,87
13.353,72
18.101,43
,
,
17.433,16
17.68,63
18.04,74
14.739,94
14.835,93
14.918,95
18.136,81
18.179,66
18.131,33
18.403,57
18.255,67
18.211,81
17.359,80
17.73,85
17.791,74
17.745,77
17.702,79
17.742,75
15.105,78
15.17,81
15.14,80
15.097,73
15.197,73
14.996,81
15.014,85
15.122,87
15.142,86
15.05,82
14.942,80
14.949,87
14.973,91
15.092,86
15.05,75
15.1,75
15.188,100
18.09,74
17.937,81
17.382,66
17.269,82
16.002,77
16.094,96
17.837,81
18.096,78
18.091,82
17.944,76
17.797,78
17.947,83
17.938,72
18.111,81
18.101,79
18.096,78
17.642,75
17.341,73
17.188,71
16.99,81
17.271,76
17.288,71
17.288,71
17.282,62
17.18,46
17.106,22
,
,
,
,
,
17.433,33
17.572,78
17.572,83
17.488,81
17.585,70
17.492,74
16.227,83
17.592,75
17.445,76
17.93,61
14.686,84
14.855,88
17.63,85
15.158,93
15.137,94
15.12,81
15.246,91
15.312,94
15.219,71
15.209,84
15.188,64
17.682,33
,
,
,
,
,
,
,
,
,
,
17.182,65
17.149,78
17.086,86
17.019,82
17,83
17.111,86
17.136,86
17.104,79
17.132,85
14.399,96
14.52,101
14.443,90
17.191,87
17.347,88
17.394,82
17.374,78
17.397,77
17.439,72
17.399,78
17.424,78
17.404,79
17.399,78
17.304,79
17.119,82
16.789,71
16.599,77
16.507,50
,
,
,
,
,
,
,
,
,
,
,
17.478,38
17.531,67
17.544,76
17.496,88
17.434,80
17.444,82
17.532,80
17.567,82
15.237,94
15.215,90
15.08,78
15.1,82
15.08,83
15.006,83
15.078,88
15.134,84
15.06,79
14.898,72
14.872,81
14.893,95
18.14,74
18.221,78
14.998,96
14.911,84
14.814,54
14.773,72
15.021,91
14.749,73
16.546,75
16.499,77
16.487,69
16.487,69
16.445,74
16.431,79
14.39,94
14.382,98
14.306,88
14.315,94
14.399,96
14.378,97
14.381,88
14.308,78
14.253,82
14.233,83
14.198,81
14.287,84
14.428,97
16.305,93
15.687,85
15.602,88
16.132,89
16.442,91
15.87,96
14.574,87
14.518,80
14.686,89
14.814,94
14.899,87
14.944,86
15.014,64
14.939,61
18.478,36
18.404,60
17.34,72
17.184,80
18.356,80
18.432,69
14.772,81
14.798,96
14.831,98
14.706,98
13.547,95
13.386,78
13.415,84
13.489,93
13.493,94
13.514,93
13.446,80
13.494,85
13.486,78
14.68,88
14.845,101
14.859,105
14.885,93
18.204,85
18.441,75
18.39,74
18.418,76
18.344,77
18.369,77
18.344,77
18.356,80
18.169,88
17.522,83
17.647,78
18.258,86
14.221,101
14.162,99
13.598,86
13.459,88
13.527,91
13.548,86
13.588,105
15.11,79
15.159,84
15.222,87
15.288,100
14.986,99
15.243,101
15.3,103
13.751,87
13.807,88
13.821,86
13.838,89
13.817,85
13.796,86
13.769,80
13.817,85
13.821,86
13.844,90
13.838,99
13.78,103
13.748,108
13.685,104
13.615,89
13.677,91
13.701,96
13.656,97
13.643,94
13.634,88
13.544,85
13.565,84
13.519,85
13.536,83
13.496,90
13.527,91
13.531,82
13.565,84
13.615,89
13.596,90
13.603,87
13.746,86
14.312,89
14.761,99
14.981,98
14.954,92
14.932,78
14.862,79
14.654,76
14.562,79
14.555,77
14.632,83
14.699,87
14.544,86
14.441,85
14.405,92
15.133,93
15.241,95
15.284,89
15.171,72
15.115,80
15.137,94
13.812,93
13.648,86
13.609,88
13.597,95
15.063,100
17.982,90
17.422,88
18.325,84
18.331,80
15.187,94
15.204,98
15.12,81
15.128,88
15.034,84
15.04,80
15.07,81
14.986,79
15.053,88
14.955,88
14.882,83
14.927,82
14.985,84
15.021,91
13.565,89
13.658,92
15.006,83
15.001,82
14.932,83
14.356,77
12.783,97
12.678,81
12.688,83
12.658,82
12.633,82
12.668,79
13.439,93
14.08,92
14.985,84
14.844,86
14.661,89
16.039,95
14.458,78
14.506,88
14.491,85
14.516,85
14.508,78
14.513,79
14.586,89
14.604,92
14.5,87
14.536,84
14.527,82
14.518,80
14.565,85
14.473,81
14.544,86
14.537,79
14.597,81
14.554,76
14.607,83
14.593,95
14.805,77
15.001,75
15.063,85
15.158,93
15.053,88
15.084,89
15.083,93
15.096,91
15.047,87
15.059,89
15.127,92
15.133,93
15.072,87
15.016,80
15.004,77
14.944,70
14.869,86
14.748,96
14.629,92
14.602,97
14.648,96
14.579,92
14.589,94
14.445,86
14.542,90
14.511,93
14.512,89
14.491,85
14.5,87
14.47,86
14.518,80
14.914,94
15.03,83
15.011,79
15.004,88
15.028,77
15.155,78
15.025,82
14.917,80
14.736,84
14.989,85
15.075,82
15.138,85
15.133,93
15.077,92
15.109,89
15.018,86
14.973,91
13.892,85
12.945,94
12.73,87
12.707,74
16.758,60
13.789,99
13.833,104
13.72,107
13.692,94
13.709,98
13.733,88
12.163,77
12.213,88
12.144,89
12.157,87
12.132,87
12.157,87
12.119,84
12.148,85
12.144,84
12.152,86
12.169,89
12.065,83
12.26,103
13.734,98
13.656,97
17.855,63
17.889,73
14.911,89
15.075,103
15.022,96
14.872,81
15.066,95
15.109,89
15.01,89
15.038,85
15.067,86
15.142,86
12.945,94
13.047,90
13.06,88
13.166,89
14.639,94
14.555,88
18.176,42
11.473,49
11.499,54
13.229,73
13.232,75
13.195,64
16.645,74
16.711,69
16.732,58
16.808,66
16.797,76
16.82,82
16.81,80
16.82,82
16.737,86
16.767,87
16.733,85
16.637,69
16.831,49
16.831,46
16.632,46
16.883,62
16.795,75
16.785,80
16.77,82
16.81,80
16.822,76
16.845,82
16.873,88
16.904,84
16.887,86
16.925,83
16.89,81
16.92,82
16.905,79
16.879,84
13.734,83
16.708,66
16.686,69
16.757,59
16.582,48
16.595,74
16.708,61
16.831,49
,
17.033,34
17.057,63
13.096,67
13.232,82
13.285,88
13.353,96
13.402,96
9.369,84
9.348,64
9.35,68
9.348,64
9.328,70
9.335,75
9.337,76
9.365,78
9.323,85
9.39,83
9.335,82
9.34,78
9.37,79
9.36,75
9.394,84
9.428,86
9.421,79
9.401,80
9.438,76
9.397,53
9.55,66
16.275,77
16.267,81
16.258,46
,
,
,
,
,
,
,
,
,
,
,
,
15.285,38
15.266,69
15.252,76
15.24,80
15.284,84
15.305,83
15.371,91
15.297,87
15.284,84
15.28,83
15.242,86
15.277,92
15.259,84
15.297,87
15.34,80
15.313,65
15.386,49
,
,
,
,
,
,
-99999999,
,
,
,
,
,
,
,
,
,
,
,
,
,
13.749,27
,
13.591,44
13.642,46
,
,
13.566,40
,
,
,
,
,
,
,
,
,
12.204,28
12.172,58
12.144,84
12.194,84
12.19,83
12.175,90
12.169,89
12.188,88
12.144,89
12.206,91
12.212,92
12.231,96
12.237,92
12.238,88
12.202,86
12.275,90
12.243,93
12.202,86
12.213,88
12.22,79
12.181,72
12.153,70
12.098,66
12.221,52
12.095,43
12.245,45
12.121,47
12.273,63
12.235,75
12.285,75
12.147,57
12.023,57
12.07,45
12.046,50
12.051,69
12.11,75
12.084,74
12.106,72
12.144,89
12.101,95
10.874,79
10.817,77
10.902,85
10.892,88
10.819,83
10.834,81
10.823,84
10.869,83
10.823,84
10.823,84
10.777,85
10.759,81
10.675,46
,
,
,
,
,
,
,
,
,
16.856,51
16.911,69
16.87,75
16.694,74
16.636,80
16.624,77
16.736,69
16.983,61
17.057,65
17.082,62
17.032,62
17.082,64
17.088,71
16.933,64
16.723,77
16.656,79
16.676,83
16.83,79
16.85,83
16.885,80
16.698,88
16.609,66
16.931,50
,
,
,
,
,
,
,
,
,
,
,
,
,
,
,
,
,
,
,
,
,
10.903,34
,
,
,
,
,
,
,
12.246,52
12.297,54
12.323,66
12.313,88
12.285,97
12.275,90
12.224,67
12.26,97
12.197,56
12.259,74
12.306,72
9.918,88
9.902,35
12.969,51
12.963,78
12.968,79
12.95,86
12.843,79
12.883,82
12.883,82
13,86
12.927,71
12.893,38
12.852,28
,
12.345,40
9.902,62
9.675,53
12.395,44
12.397,53
12.323,65
12.31,75
12.32,79
12.365,78
12.332,73
12.381,72
12.356,72
12.345,79
12.345,79
12.334,74
12.374,67
12.337,76
12.4,68
12.257,73
12.29,83
12.263,88
12.237,92
12.29,83
12.279,71
12.221,51
12.304,71
12.234,74
12.248,85
12.288,88
12.294,84
12.281,72
12.198,64
12.206,72
12.223,65
12.24,78
12.275,90
12.263,88
12.275,90
12.252,86
12.248,85
12.26,75
12.2,68
12.173,66
12.148,60
12.196,37
,
,
,
,
12.594,46
12.646,66
12.648,68
12.698,68
12.655,73
12.707,74
12.696,85
12.711,88
12.711,88
12.667,89
12.691,93
12.735,92
12.692,89
9.679,95
9.743,83
9.75,58
12.569,50
12.73,73
12.738,78
12.771,85
12.738,83
12.758,82
12.753,81
12.818,79
12.788,83
12.788,83
12.805,87
12.798,90
12.767,84
12.746,85
12.78,73
9.798,84
9.735,87
9.768,83
9.73,86
9.678,80
9.678,80
9.674,51
,
,
,
,
12.279,28
12.347,58
12.307,73
12.29,83
12.288,88
12.265,83
12.252,86
12.198,62
12.224,23
12.353,70
12.319,84
12.319,89
12.212,76
12.27,79
12.285,82
12.345,79
12.698,80
12.723,80
12.776,70
12.796,85
12.75,86
12.575,86
12.357,73
12.738,83
13.005,73
13.06,88
12.983,75
13.048,95
12.735,92
12.627,71
12.658,75
12.611,77
12.215,78
12.652,71
12.696,64
12.682,74
12.679,72
12.636,77
12.558,75
12.561,77
12.628,81
12.718,79
12.721,62
12.744,50
12.696,61
,
,
,
,
,
,
,
,
,
11.549,35
11.576,32
11.524,56
11.645,84
11.907,96
11.796,79
11.604,70
11.458,72
11.541,78
11.582,91
11.452,80
11.43,70
11.376,67
11.423,37
11.524,59
11.453,69
11.512,75
11.55,67
11.505,70
11.56,74
11.646,79
11.841,83
12.415,78
12.578,81
12.646,85
12.705,87
12.448,85
11.966,83
11.726,80
11.671,79
11.639,77
11.781,81
12.567,89
12.705,87
12.675,86
12.585,76
12.603,81
12.563,78
12.596,85
12.617,89
12.518,89
12.223,85
11.467,78
11.427,80
11.327,80
11.267,78
11.236,74
11.251,67
12.273,64
12.282,73
12.26,75
12.234,74
12.278,70
12.272,59
12.27,44
12.222,22
,
16.913,29
16.984,23
16.682,56
16.534,61
16.542,72
12.473,85
11.309,87
11.292,83
11.332,81
11.521,84
11.452,80
11.477,80
12.082,87
12.617,84
12.613,78
12.688,83
12.717,89
12.352,86
11.791,83
11.626,80
11.928,86
12.712,98
11.557,72
11.591,78
11.591,78
16.782,57
16.487,31
12.175,80
11.372,79
12.052,86
12.207,87
12.238,88
12.31,75
12.435,75
12.465,83
12.44,83
15.31,43
15.286,49
15.247,73
15.249,74
16.004,83
16.116,70
15.415,80
15.409,89
15.5,97
15.342,86
15.171,72
15.303,77
15.238,61
15.263,61
12.729,96
12.646,85
15.341,31
12.528,81
11.706,81
11.555,71
11.497,42
15.261,46
12.596,65
12.594,51
11.484,73
11.541,78
12.563,83
12.623,90
12.649,95
12.598,80
12.506,87
12.493,84
12.506,87
12.477,86
12.456,91
12.438,77
12.529,91
12.43,81
12.34,83
12.571,100
12.05,80
12.056,91
11.999,64
11.402,68
12.552,71
12.646,64
12.683,82
12.628,81
12.685,92
12.718,79
12.544,51
,
,
,
,
12.496,57
12.557,74
12.596,66
12.61,76
12.658,75
12.669,51
12.596,62
12.509,75
12.607,74
12.655,73
12.644,52
12.657,74
12.683,82
12.757,74
12.771,63
12.694,49
12.744,48
12.793,40
12.644,48
12.596,65
12.624,69
12.663,78
12.638,83
12.655,73
12.755,73
12.778,81
12.733,82
12.629,91
12.692,84
12.683,82
12.66,76
12.572,34
11.448,52
11.4,62
12.497,65
12.506,91
12.529,91
12.402,86
12.514,78
12.319,84
12.481,91
12.628,81
12.698,90
12.617,84
12.673,90
12.666,93
12.661,88
12.661,88
12.691,93
12.616,93
12.654,91
12.432,87
11.706,81
12.132,87
12.098,63
12.519,40
12.469,79
12.514,78
12.448,85
12.479,81
12.407,73
12.082,87
11.511,74
11.563,76
11.563,76
11.527,80
11.522,79
11.497,79
11.514,76
11.502,68
11.549,65
11.499,59
,
,
,
,
,
,
,
11.798,36
11.849,66
11.698,55
11.749,35
11.799,63
11.699,65
11.723,57
11.773,59
11.71,74
11.713,76
11.763,76
11.745,84
11.741,78
11.756,81
11.726,80
11.715,98
11.713,92
11.714,88
11.67,89
11.726,90
11.758,87
11.803,86
11.728,86
11.749,85
11.676,90
11.726,90
11.727,95
11.708,87
11.641,78
11.664,88
11.606,81
11.695,84
11.691,83
11.736,82
11.654,70
11.811,75
12.085,82
12.185,75
12.12,79
12.31,75
12.22,79
12.238,88
12.188,88
12.075,80
11.558,87
11.512,82
11.496,84
11.477,80
8.802,96
8.791,99
8.626,72
8.6,81
11.447,79
11.412,82
11.412,82
11.396,84
11.365,88
15.072,87
18.453,54
,
,
17.531,23
17.329,39
17.13,48
17.057,61
17.105,51
,
,
14.789,57
14.963,56
17.229,43
14.787,42
15.604,78
11.172,84
11.315,88
11.242,78
11.272,79
11.458,91
11.785,74
11.521,89
11.599,85
11.664,77
11.876,80
11.941,83
12.021,79
11.938,76
11.895,84
11.946,79
11.752,69
11.708,73
11.803,86
11.811,97
11.993,105
11.894,93
11.826,90
11.857,91
11.823,94
14.777,82
11.894,93
11.904,70
12.024,85
11.891,83
11.866,83
11.846,79
11.81,74
11.81,74
11.838,76
11.871,79
11.916,78
12.005,71
12.101,95
11.745,89
11.828,86
11.731,81
11.636,82
11.708,87
11.788,92
11.716,83
11.649,85
11.671,79
11.631,81
11.595,84
11.578,86
11.714,88
11.901,90
11.895,84
11.924,85
11.914,77
11.956,81
11.939,77
11.963,76
12.013,76
11.899,66
11.926,68
12.106,72
12.125,80
12.14,83
12.09,78
12.07,79
12.075,80
12.113,88
12.148,85
12.144,89
12.112,92
12.15,80
12.102,86
12.212,92
12.251,95
12.085,82
12.263,88
12.275,90
12.177,86
11.464,92
11.786,103
12.392,105
12.126,95
15.24,80
15.342,86
12.414,98
12.385,103
12.294,89
12.007,72
15.2,75
15.217,86
12.162,92
12.36,103
12.36,97
8.746,107
8.71,98
8.735,98
12.369,99
15.459,99
15.577,88
11.433,91
11.334,87
11.359,87
11.321,89
11.382,81
11.465,77
11.626,80
11.549,85
11.548,94
11.576,90
11.595,89
11.586,75
11.527,90
15.011,79
15.052,76
15.095,81
15.259,84
15.438,85
15.519,81
15.633,89
15.629,83
15.463,65
15.362,59
15.19,68
15.935,52
15.987,62
15.951,76
15.952,77
15.902,77
15.914,80
15.933,84
16.045,73
16.017,70
16.061,60
12.073,65
12.09,78
12.094,84
12.107,87
12.165,78
12.105,81
12.14,83
12.144,89
12.003,86
11.886,82
11.858,87
11.851,90
11.849,85
11.838,92
11.82,89
11.857,91
11.864,88
11.824,85
11.845,89
11.869,93
11.92,89
12.014,88
12.026,80
12.198,66
12.148,66
12.021,41
12.095,42
16.659,64
17.032,62
17.131,56
17.057,66
17.232,64
17.285,69
17.235,69
17.244,75
17.238,71
17.207,63
15.837,62
15.837,60
15.911,57
17.234,68
17.232,66
17.207,65
17.232,63
17.281,54
17.18,37
17.433,33
17.379,44
17.304,43
17.33,51
17.31,69
17.306,54
17.304,45
17.309,33
17.329,44
17.356,55
15.893,71
15.874,75
15.827,77
15.87,72
15.859,79
15.845,72
15.84,69
15.796,73
15.809,79
15.779,83
15.783,84
15.754,78
15.887,62
16.29,70
16.496,75
15.962,66
15.912,65
15.863,67
16.036,85
16.947,76
17.133,67
17.207,66
17.084,68
15.938,34
15.969,27
15.986,22
,
15.985,47
16.01,52
16.061,35
,
,
,
,
16.058,45
16.063,33
16.158,38
,
,
16.465,19
,
,
15.986,57
16.061,63
17.185,69
15.787,62
15.937,65
15.862,35
16.06,57
17.685,25
15.711,53
15.902,77
17.33,51
17.381,54
15.979,83
15.754,83
15.103,77
15.143,70
15.142,86
15.22,81
15.943,71
15.063,63
15.989,68
16.139,69
16.091,70
17.455,55
17.431,60
17.405,50
17.461,29
17.434,24
17.486,29
17.536,28
17.488,26
,
17.233,23
17.33,49
17.258,67
11.949,65
12.169,89
12.269,99
12.294,89
12.187,76
12.194,84
12.24,78
12.245,79
12.244,84
12.22,79
12.277,86
12.09,83
12.135,75
12.119,89
12.28,81
12.307,87
12.36,97
16.509,63
,
,
16.634,64
16.531,38
16.642,72
16.78,42
,
17.007,57
17.079,45
,
,
,
,
,
,
17.285,31
17.335,31
17.189,26
17.394,20
,
,
,
,
,
,
,
,
,
,
17.637,26
17.527,41
,
,
,
,
,
,
,
,
,
,
,
,
,
,
,
,
,
16.357,52
,
,
,
,
,
,
,
,
,
,
,
,
,
,
,
,
,
,
,
,
,
,
,
16.382,37
16.31,62
,
,
,
,
,
,
15.915,24
16.084,52
16.31,64
16.044,72
16.068,81
16.012,66
16.033,44
,
,
,
,
,
,
,
,
,
,
,
,
16.123,20
16.036,60
16.037,67
,
16.084,46
16.136,64
16.162,67
16.16,58
16.113,15
,
16.332,43
,
,
,
,
,
,
,
,
,
,
,
,
,
,
,
,
,
,
,
,
,
,
,
,
,
,
,
,
,
,
,
,
,
,
,
,
,
,
,
,
,
,
,
,
,
,
,
,
,
,
,
,
,
,
,
,
,
,
,
,
,
,
,
,
,
,
,
,
,
,
,
,
,
,
,
,
,
,
,
,
,
,
,
,
,
,
,
,
,
,
,
,
,
16.284,53
16.335,60
16.284,55
,
,
,
,
,
,
16.51,23
16.461,32
16.317,27
,
,
,
16.513,30
16.471,20
,
,
,
,
,
16.361,8
,
,
,
,
,
,
,
,
,
,
,
,
,
,
,
,
,
,
,
,
,
,
,
,
,
,
,
,
,
,
,
,
,
,
,
,
,
,
,
,
,
,
,
,
,
,
,
,
,
,
,
,
,
,
,
,
,
,
,
,
,
,
,
,
,
,
,
,
,
,
,
,
,
,
,
,
,
,
,
,
,
,
,
,
,
,
,
,
,
,
,
,
,
,
,
,
,
,
,
,
,
,
,
,
,
,
,
,
,
,
,
,
,
,
,
,
,
,
,
,
,
,
,
,
,
,
,
,
,
,
,
,
,
,
,
,
,
,
,
,
,
,
,
,
7.411,50
7.413,63
7.419,71
7.421,72
7.471,73
7.452,77
7.473,74
7.488,67
7.512,63
7.461,59
7.459,44
,
,
,
,
,
,
,
,
,
,
,
,
,
,
,
,
,
,
,
,
,
,
,
,
,
,
,
,
,
,
,
,
,
,
,
,
,
,
,
,
,
,
,
,
,
,
,
,
,
,
,
,
,
,
,
,
,
,
,
,
,
,
,
,
,
,
,
,
,
,
,
,
,
,
,
,
,
,
,
,
,
,
,
,
,
,
,
,
,
,
,
,
,
,
7.511,59
7.548,74
7.44,69
7.438,67
7.102,77
6.892,71
7.339,80
7.452,77
7.598,74
6.836,85
6.763,90
6.701,77
6.753,78
6.703,78
6.649,76
6.647,75
6.643,72
6.649,76
6.697,74
6.701,77
6.698,75
6.7,76
6.694,72
6.701,77
6.717,71
6.75,76
7.029,78
7.464,80
7.502,77
7.509,79
7.529,78
7.509,79
7.495,72
7.671,73
7.554,83
7.405,78
7.059,79
7.104,78
7.252,77
6.947,74
6.932,84
6.928,78
6.901,77
6.85,76
6.851,77
6.797,74
6.826,77
6.847,74
6.775,76
6.797,74
6.772,74
6.745,73
6.772,74
6.792,71
6.77,73
6.813,80
6.85,76
6.901,77
6.983,79
6.963,80
6.948,82
6.898,75
6.792,71
6.723,75
6.753,78
6.744,72
6.795,73
6.751,77
6.741,70
6.792,71
6.797,74
6.801,77
6.916,70
7.07,72
7.221,73
7.501,76
7.552,77
7.645,72
7.49,69
7.418,70
7.523,74
7.527,77
7.599,75
7.652,77
7.527,77
7.499,75
7.501,76
7.445,72
7.471,73
7.446,73
7.451,76
7.471,73
7.476,76
7.501,76
7.459,79
7.479,78
7.504,78
7.574,82
7.559,79
7.619,81
7.619,81
7.546,73
7.646,73
7.449,75
8.116,80
8.106,78
8.095,71
8.144,86
6.993,81
6.82,73
6.798,75
6.851,77
6.848,75
6.832,84
8.068,86
7.355,78
7.264,80
7.164,80
7.452,77
7.554,78
7.501,76
7.471,73
7.852,76
7.524,82
7.494,81
7.501,76
7.498,74
7.245,72
6.911,62
6.895,73
7.042,70
7.279,78
7.355,83
7.365,80
7.424,74
7.492,70
7.523,74
7.526,76
7.524,75
7.598,74
7.609,79
7.567,70
7.498,74
7.959,84
8.039,85
7.91,79
7.75,75
7.887,53
7.743,70
7.724,74
7.702,76
7.697,73
7.77,81
7.933,93
7.905,78
8.047,72
8.023,73
7.464,80
7.36,79
7.327,77
7.327,77
7.319,81
7.301,76
7.329,78
7.323,74
7.301,76
7.269,81
7.301,76
7.314,80
7.38,78
7.41,79
7.584,79
7.69,90
7.557,93
7.465,90
7.41,79
7.294,81
7.254,78
7.219,81
7.258,84
7.274,82
7.329,83
7.599,75
7.568,71
7.414,67
7.287,61
7.489,68
7.277,77
6.945,73
6.848,75
6.795,73
6.842,71
6.85,76
6.876,77
6.851,77
6.878,78
6.85,76
6.808,79
6.853,78
6.851,77
6.875,76
6.851,77
6.903,78
7.36,79
7.435,79
7.346,72
7.39,80
7.421,72
7.424,74
7.419,71
7.416,69
7.44,69
7.422,73
7.223,74
7.098,74
7.099,75
7.209,79
7.283,84
7.378,77
7.399,74
7.399,74
7.369,71
7.399,74
7.39,68
7.311,55
7.286,57
7.273,74
7.264,80
7.286,94
7.262,85
7.241,86
7.269,81
7.248,74
7.245,72
7.262,61
7.311,54
7.259,45
7.26,52
7.236,55
7.286,56
7.335,46
7.341,30
7.184,38
7.314,68
7.296,87
7.219,81
7.233,84
7.214,80
7.266,86
7.271,87
7.283,89
7.218,71
7.254,83
7.229,78
7.346,96
7.34,95
7.195,72
7.346,96
7.359,99
7.121,87
7.324,97
7.359,89
11.147,84
11.166,77
8.232,83
8.255,88
8.294,95
11.446,84
11.188,82
11.254,86
11.377,80
11.367,83
10.085,81
9.95,79
9.74,76
9.712,74
9.659,72
9.673,79
8.016,90
8.066,90
8,82
7.997,73
8.06,84
8.11,89
8.116,90
8.134,93
8.048,87
8.154,92
8.135,89
9.747,89
9.718,83
9.884,81
10.174,89
10.39,82
10.475,79
11.321,89
11.707,96
11.591,83
11.504,86
11.515,88
11.128,90
10.742,88
10.686,87
10.656,86
10.679,90
10.673,89
10.661,87
10.634,81
10.614,82
10.609,81
10.886,87
11.322,79
11.327,80
11.314,76
11.322,79
11.265,77
11.277,68
11.148,38
,
,
,
,
,
,
,
,
,
,
7.634,42
7.66,50
7.66,51
7.688,60
7.636,57
7.687,57
7.687,57
7.661,59
7.712,54
7.661,59
7.736,50
7.735,44
7.865,15
,
,
,
,
,
,
,
,
,
,
,
,
,
,
,
,
,
,
,
,
,
,
,
,
,
,
,
,
,
,
,
,
,
,
,
,
,
,
,
,
11.896,44
11.899,64
11.841,83
11.756,81
11.603,86
11.437,82
11.407,81
11.437,82
11.437,82
11.412,82
11.45,85
11.392,83
11.033,81
10.859,81
10.717,88
10.679,90
10.734,81
10.734,81
10.714,75
10.752,85
11.072,84
7.267,101
7.195,96
7.22,102
7.217,101
7.17,96
7.189,90
7.166,86
10.664,82
10.548,84
10.573,84
7.204,83
7.133,84
7.182,93
7.203,98
7.237,100
7.237,100
7.153,98
6.952,98
7.541,86
7.368,101
7.463,100
7.488,100
8.087,106
7.875,82
7.828,77
7.844,71
7.877,76
7.865,80
7.802,76
7.852,76
7.878,77
7.853,77
7.822,73
7.852,76
7.853,77
7.928,77
7.953,77
7.95,75
8,75
8.036,79
8.031,78
8.053,76
8.053,76
8.076,82
8.051,75
8.025,74
8.061,79
8.005,78
8.053,76
8.05,74
8.003,77
8.028,76
8.005,78
7.965,80
8,75
8.106,78
8.061,79
7.98,78
7.965,80
7.994,71
7.947,73
7.944,71
7.947,73
7.93,83
7.905,83
7.88,78
7.855,78
7.93,83
7.972,87
7.984,89
7.915,90
7.865,90
7.809,84
7.813,85
7.72,81
7.752,76
7.715,80
7.755,78
7.715,80
7.725,82
7.765,80
7.728,77
7.752,76
7.728,77
7.703,77
7.76,79
7.77,81
7.833,93
7.916,95
7.792,86
7.802,76
7.853,77
7.874,74
7.872,73
7.919,71
7.846,72
7.847,73
7.946,72
7.946,72
7.939,67
7.946,72
8.038,94
8.148,102
8.17,101
8.206,104
11.528,86
11.427,80
7.086,94
7.103,98
7.115,95
7.132,93
7.212,100
7.514,90
10.644,83
7.404,98
7.471,102
7.4,97
7.368,101
7.421,102
7.359,99
7.179,83
7.34,95
7.215,95
10.525,79
10.236,91
9.829,90
9.755,86
9.753,80
9.69,76
9.65,66
9.656,70
9.653,68
9.63,70
9.656,70
9.654,69
9.548,46
9.537,20
,
,
,
,
12.022,49
11.999,64
11.951,68
11.958,73
11.96,74
11.986,75
12.004,70
9.823,89
9.848,84
9.841,76
9.96,81
10.616,92
10.948,89
10.817,88
8.16,93
8.315,94
9.967,92
9.957,86
9.962,87
10.002,94
9.968,88
9.953,85
9.928,85
9.859,81
9.92,83
9.915,82
10.382,86
11.289,92
11.77,89
10.011,96
9.814,82
9.672,89
9.053,81
9.123,80
8.886,78
9.043,79
9.007,75
8.987,83
7.363,100
7.354,98
7.312,100
8.927,81
7.208,89
7.286,94
7.096,87
7.311,94
8.801,81
8.783,76
8.74,79
8.686,78
8.683,76
8.708,77
7.164,80
7.248,74
7.251,76
7.384,89
8.869,85
8.897,80
8.836,83
7.945,81
7.604,78
7.598,74
7.554,78
7.499,75
7.449,75
7.352,76
7.353,77
7.41,79
7.415,80
7.435,79
7.377,76
7.375,82
7.337,85
7.333,89
7.283,89
7.27,91
7.252,88
7.291,86
7.333,84
7.199,75
7.173,74
7.129,78
7.248,74
7.38,78
7.395,81
7.384,84
7.341,86
7.314,80
7.246,73
7.251,76
7.215,69
7.187,62
7.126,76
7.133,84
7.187,85
9.083,82
8.894,66
8.994,56
,
7.074,20
7.165,31
7.112,35
7.084,43
7.137,61
7.087,64
7.136,53
7.135,50
7.136,57
7.161,59
7.19,69
7.245,72
7.221,73
7.224,75
7.293,71
7.363,85
7.418,101
7.375,97
11.45,85
11.531,81
11.254,86
11.569,93
11.595,89
11.614,88
9.776,100
9.287,92
9.322,94
9.218,89
9.187,77
9.194,79
9.184,82
9.179,81
9.176,86
9.193,84
9.138,78
9.179,81
9.209,82
9.174,80
9.193,84
9.212,88
9.164,83
9.174,90
9.83,95
10.297,105
10.248,93
10.024,99
11.531,81
7.35,97
7.407,105
7.183,84
7.142,70
7.045,72
11.357,81
11.329,86
11.325,85
11.417,78
11.417,78
11.356,71
11.392,78
11.304,86
11.283,91
11.237,82
7.471,91
7.788,113
8.153,110
7.915,80
7.771,91
7.524,116
9.129,91
8.916,89
11.544,93
9.356,102
9.255,96
9.18,96
9.155,96
11.599,85
11.508,96
10.118,88
9.905,80
9.867,88
9.835,91
9.835,96
9.936,96
9.928,100
8.353,97
8.274,91
8.27,86
8.387,84
8.337,89
8.325,87
8.362,89
8.469,90
9.885,91
9.994,98
11.607,96
9.184,97
9.149,90
8.956,74
9.206,109
8.235,93
7.896,96
7.619,115
11.367,78
11.193,83
11.253,90
11.246,93
11.317,83
6.967,71
7.095,72
7.145,72
7.184,79
7.126,76
7.174,82
7.184,79
7.148,74
7.171,73
7.113,67
7.143,71
7.126,76
7.134,79
7.169,81
7.214,80
7.104,78
7.129,78
10.679,90
10.711,109
9.361,110
9.483,109
9.375,107
9.35,107
9.429,108
7.677,117
7.633,112
7.606,105
7.562,100
7.529,98
7.581,105
7.639,107
8.184,118
8.377,116
8.468,120
8.417,113
11.483,102
11.489,76
7.077,77
7.171,73
7.216,86
7.32,96
7.388,100
10.232,86
10.407,86
10.536,87
10.495,83
10.455,80
10.818,98
11.147,89
11.053,90
10.474,89
10.536,87
10.52,83
10.507,86
10.544,83
10.748,89
11.178,90
11.433,91
11.515,88
11.595,89
11.599,85
11.658,87
11.633,87
11.641,83
11.699,85
11.681,81
11.695,84
11.738,92
11.682,91
11.702,95
11.648,94
11.626,90
11.698,94
11.632,91
11.752,95
10.349,89
10.38,90
10.392,92
10.299,84
10.303,85
10.307,86
10.318,88
10.486,91
11.538,92
11.509,87
11.308,91
11.409,87
11.603,86
11.601,80
9.729,95
9.721,93
9.672,89
11.699,62
11.327,68
11.156,70
11.138,75
11.113,75
11.159,72
11.066,77
11.047,84
11.03,86
11.034,91
10.869,78
10.303,60
10.076,46
9.799,39
,
,
,
,
,
11.256,28
,
10.927,63
11.056,70
11.159,72
11.337,97
11.52,93
11.295,93
11.126,85
11.415,77
10.96,72
10.752,85
10.66,91
10.228,85
10.997,93
9.645,93
9.542,83
9.553,95
9.424,85
11.176,66
11.205,70
11.258,72
11.24,77
11.261,74
11.259,73
11.289,76
11.253,69
11.284,73
11.256,71
11.262,75
11.265,77
11.277,80
11.292,83
11.377,90
11.309,87
11.234,91
11.147,89
11.154,95
9.616,98
9.539,92
9.527,90
9.507,91
9.247,85
10.929,90
10.952,85
11.051,85
11.193,83
11.097,84
11.143,83
8.639,99
8.653,109
8.634,104
8.634,104
8.344,95
7.241,86
7.114,80
7.174,82
7.104,78
7.042,70
7.045,72
6.983,79
8.489,79
8.378,82
8.466,94
9.936,96
9.794,83
7.633,84
9.738,82
11.415,77
9.977,64
9.834,81
9.428,86
8.967,79
8.76,83
8.62,80
8.635,78
8.723,86
8.953,96
10.751,94
10.694,83
9.172,100
9.14,105
9.061,88
9.025,86
8.924,86
10.816,76
10.799,79
10.784,81
10.748,84
10.719,78
9.029,91
9.015,93
9.033,97
9.003,96
8.991,99
7.608,99
7.686,106
7.653,104
7.595,102
7.62,102
7.645,102
7.658,99
7.665,95
7.868,101
8.076,103
8.238,106
10.805,95
10.741,92
10.798,84
10.71,72
10.603,67
10.614,75
10.75,49
,
11.328,31
9.803,67
11.408,96
11.557,72
7.07,72
7.069,81
7.614,80
6.517,81
6.624,92
6.631,99
6.539,86
6.713,90
6.736,85
6.514,86
6.635,85
6.689,95
6.827,104
6.748,103
6.83,105
6.859,106
6.782,99
6.839,114
6.841,108
8.765,112
8.757,110
8.66,98
8.674,101
8.692,106
8.646,107
8.772,107
8.824,101
8.786,98
8.648,86
8.64,45
,
,
,
5.909,46
3.858,95
4.011,102
9.901,59
9.348,65
9.22,46
9.471,42
9.385,75
9.402,69
9.195,50
6.482,38
6.612,80
6.596,74
6.618,72
6.715,86
12.475,90
9.583,91
9.534,87
9.554,86
9.521,79
9.54,77
9.788,116
9.691,117
9.656,108
9.672,99
13.888,84
12.616,93
12.66,92
12.662,98
12.431,96
14.406,88
14.331,88
14.275,87
14.187,84
13.929,82
13.806,76
13.809,78
13.809,78
13.834,83
13.867,85
13.863,84
11.001,94
11.014,103
11.038,103
11.023,99
11.042,98
13.082,82
13.091,84
13.102,81
12.905,87
12.817,89
13.097,90
13.291,89
7.913,85
8.078,92
7.992,86
7.988,85
8.009,89
8.06,89
8.003,88
8.06,89
8.059,93
8.016,90
7.984,84
7.988,85
13.795,95
13.502,96
12.785,92
12.381,91
12.263,77
12.298,85
12.497,94
12.696,100
11.023,99
10.906,86
10.998,99
11.025,106
10.839,97
12.323,85
12.302,86
12.412,92
6.693,81
6.738,90
6.739,95
6.622,82
6.586,67
6.701,88
6.78,105
6.757,99
6.652,83
6.698,97
6.681,93
6.596,74
6.546,74
6.582,79
6.557,79
6.5,77
6.449,76
6.441,71
6.374,76
6.324,77
6.306,79
6.266,81
6.333,56
,
,
,
,
4.298,53
4.359,74
4.398,64
4.374,34
13.11,77
13.147,68
12.996,61
9.444,93
9.429,101
9.381,96
9.29,83
9.302,86
9.234,82
9.264,83
9.315,83
9.275,80
9.302,86
9.315,83
9.275,80
9.33,81
9.39,83
9.439,88
9.334,74
9.34,78
9.373,85
9.542,83
9.395,79
9.486,82
9.511,82
9.466,78
9.466,78
9.476,80
1.869,36
1.949,68
1.981,87
2.156,90
1.971,94
1.905,87
2.064,92
2.079,95
2.006,96
2.091,92
1.955,91
1.946,94
2.097,93
1.872,90
2.11,91
5.329,104
5.334,99
5.254,98
5.296,96
5.254,98
5.221,96
5.279,98
5.258,93
5.234,89
5.28,83
5.295,81
5.342,86
1.778,87
1.92,94
1.924,95
1.934,97
1.941,105
1.883,97
1.899,95
1.837,83
1.799,70
1.82,64
1.794,62
1.769,62
1.769,64
1.794,63
1.769,64
1.794,65
1.794,64
1.82,63
1.82,66
1.769,63
1.77,67
1.82,62
1.822,68
1.794,66
1.825,70
1.794,65
1.794,65
1.771,68
1.82,62
1.82,65
1.82,60
1.844,58
1.867,79
1.937,88
1.962,88
4.627,81
4.606,74
4.557,75
4.508,75
4.464,78
4.365,78
4.348,85
4.316,83
4.306,81
4.211,74
4.212,75
4.168,78
4.166,77
4.177,80
4.138,75
4.137,74
4.134,72
4.138,75
4.116,77
4.141,77
4.168,83
4.239,92
4.323,94
4.289,88
4.311,75
9.811,87
9.773,79
9.768,83
9.743,83
9.713,82
9.698,79
9.713,82
9.388,77
9.194,79
9.012,78
8.941,84
8.954,87
8.932,82
8.972,90
8.962,83
8.957,82
9.033,82
8.786,78
8.821,80
8.982,82
9.179,81
8.752,73
8.758,77
9.811,87
9.789,82
9.935,81
9.979,80
9.384,74
9.262,77
9.33,81
9.957,86
8.73,82
8.798,86
9.749,106
9.432,91
9.555,101
9.571,112
9.555,108
9.524,100
9.302,86
9.319,89
9.251,86
9.196,94
9.392,105
9.115,105
8.463,89
8.451,87
12.414,104
12.344,99
12.325,90
15.933,84
15.901,76
15.933,84
15.889,80
11.82,89
11.911,97
11.889,88
11.857,72
11.849,64
11.874,60
11.948,58
11.896,44
11.921,38
11.829,25
15.634,38
15.711,55
15.71,50
11.948,59
11.974,65
11.999,64
12,67
11.974,60
11.996,38
,
,
,
,
,
8.338,41
8.328,75
8.487,93
8.513,99
8.618,113
12.089,104
4.153,32
4.074,40
4.125,55
4.177,68
4.154,69
4.202,68
4.209,73
4.19,77
4.237,75
4.214,76
4.242,83
4.256,81
4.303,86
4.364,98
4.409,97
4.363,88
4.27,84
9.224,80
9.174,80
9.381,91
10.105,90
10.085,81
10.128,85
10.137,87
10.149,84
10.162,87
10.085,81
10.132,86
10.132,86
10.12,83
10.13,80
10.145,83
10.174,84
10.203,85
10.153,85
10.09,82
10.153,85
10.224,89
10.157,86
10.18,80
8.375,87
8.419,90
8.526,91
8.484,83
8.492,85
8.564,89
8.496,86
8.513,89
8.496,86
8.419,90
8.261,84
10.08,80
10.055,80
10.016,76
10.242,76
10.23,90
10.198,93
10.08,80
10.027,63
10.142,92
9.419,93
9.47,89
9.294,84
9.251,86
9.247,85
9.293,93
9.218,89
9.294,84
9.414,88
9.234,82
9.113,78
9.33,81
9.3,80
9.285,75
9.395,79
9.758,81
10.22,78
10.393,77
10.336,72
10.403,66
10.42,78
10.362,87
10.143,88
9.359,74
9.33,81
9.355,81
9.305,81
9.33,81
9.747,84
10.08,90
10.124,99
8.683,92
8.702,96
8.57,80
8.558,77
8.514,79
8.58,82
8.56,83
6.63,93
6.618,102
6.597,97
6.5,77
6.45,77
6.367,81
6.387,80
6.457,79
6.494,73
6.525,77
6.517,81
6.539,86
6.6,88
6.678,83
6.866,101
2.534,77
2.6,69
8.022,91
7.987,59
14.717,90
14.749,87
14.815,61
,
,
14.739,58
14.72,25
14.795,70
14.793,69
14.4,73
14.458,78
14.601,74
15.064,67
14.592,68
14.554,76
14.537,79
14.428,82
14.647,81
14.817,68
7.738,35
7.838,61
7.827,76
7.78,83
7.8,82
7.805,78
7.78,78
7.778,77
7.81,79
7.735,79
7.802,76
7.82,81
7.755,78
7.777,76
7.799,74
7.875,82
7.824,74
7.766,69
7.76,79
7.795,81
7.819,71
7.795,81
7.792,86
7.797,87
7.77,81
7.775,82
7.777,76
7.975,103
7.987,94
12.104,71
12.046,51
12.022,52
11.948,58
12.25,90
12.319,89
12.362,92
12.257,73
12.472,60
7.535,50
7.637,64
7.652,77
7.693,70
7.738,61
7.634,39
,
,
,
,
,
,
,
8.317,34
8.363,41
8.388,45
8.388,41
8.363,42
8.29,53
8.291,66
8.303,75
8.313,79
8.313,79
8.305,76
8.355,76
8.331,77
8.375,73
8.349,72
8.352,74
8.419,68
8.392,66
8.392,60
8.392,63
8.417,62
8.492,63
8.49,50
8.44,51
8.439,45
8.547,30
,
,
,
,
,
,
,
,
,
,
,
,
,
,
,
,
,
8.515,37
8.515,52
8.415,52
8.39,59
8.371,70
8.374,72
8.401,73
8.349,72
8.328,75
8.378,75
8.353,75
8.353,75
8.355,76
8.341,65
8.217,33
12.398,35
12.347,58
7.635,47
7.694,71
7.563,67
12.546,66
14.772,81
14.73,77
12.56,92
14.851,74
12.501,86
12.426,95
14.865,85
-99999999,
14.669,86
7.86,79
7.77,81
7.747,87
7.78,83
7.746,72
7.84,80
7.81,79
8.332,98
8.332,104
7.88,83
7.95,82
7.925,82
7.915,80
7.925,82
7.997,87
8.06,89
11.594,93
8.179,92
8.185,93
8.161,89
8.061,79
8,75
7.9,75
7.791,69
7.788,65
7.793,70
8.069,70
8.414,79
8.409,78
8.333,78
8.362,84
8.345,86
8.323,81
8.345,86
8.333,83
8.268,80
8.3,87
8.316,85
8.222,81
8.162,79
8.021,81
7.875,82
7.83,83
7.838,85
7.875,82
7.934,84
7.938,85
7.884,84
7.817,86
7.83,83
7.88,78
7.895,81
7.895,81
7.88,83
7.895,81
7.924,74
7.88,78
7.91,79
7.95,82
7.977,76
8.003,77
7.95,82
7.903,77
7.955,83
8.041,80
8.226,74
8.205,77
8.142,68
8.19,63
8.037,51
14.341,66
14.542,68
14.715,66
14.765,62
14.846,71
14.767,68
14.74,64
13.044,53
13.095,35
13.122,68
13.051,71
12.801,70
14.69,60
14.69,60
14.664,57
13.242,40
13.167,38
13.242,44
13.194,59
13.195,63
13.217,79
8.724,101
8.767,106
8.775,108
8.797,107
8.793,106
8.789,105
8.731,103
8.724,101
8.727,102
8.735,104
8.782,103
8.797,107
8.76,104
8.615,79
13.244,54
14.565,63
12.993,79
13.028,72
13.145,64
8.165,35
8.266,64
8.3,73
8.308,78
8.19,85
7.827,76
7.81,79
7.802,76
7.875,82
7.97,81
7.98,78
7.899,74
7.888,85
7.915,80
7.949,74
7.875,82
7.82,81
7.897,73
7.88,83
8.135,84
8.217,80
8.252,82
8.318,80
8.041,80
7.953,77
8.05,74
8.343,68
8.113,94
13.31,88
13.399,70
7.421,72
7.499,75
7.465,69
13.347,90
13.191,99
7.821,91
7.725,82
7.648,74
7.639,68
7.599,75
7.623,74
7.588,67
7.635,49
7.862,55
7.988,60
7.994,71
8.051,82
12.873,32
7.887,55
7.815,80
7.937,94
12.961,88
12.994,47
7.589,13
7.886,51
,
7.435,50
,
,
,
,
,
,
11.826,17
12,67
12.07,79
12.107,73
9.52,89
9.629,86
7.788,85
7.82,81
7.834,84
7.937,94
7.927,92
8.026,97
9.7,94
9.754,95
9.69,92
9.685,87
12.15,80
12.15,80
12.163,77
12.19,78
12.175,68
12.157,73
12.153,70
12.156,72
12.104,71
12.154,71
9.52,84
9.672,99
9.464,88
9.481,81
9.6,85
9.6,85
9.373,85
9.299,67
9.252,70
9.307,73
9.303,70
9.438,92
9.419,93
9.401,90
12.658,75
12.621,61
12.497,60
12.496,59
12.472,62
12.447,64
12.449,68
12.497,61
12.497,64
12.522,64
12.522,66
12.529,72
12.583,75
9.401,90
9.465,98
9.444,93
9.312,76
9.258,74
9.298,64
9.398,60
9.548,47
9.325,16
12.444,45
12.353,70
12.41,75
9.725,94
9.571,89
12.379,71
12.41,75
12.353,70
12.378,70
12.376,69
12.248,65
12.376,69
12.425,80
12.455,72
7.828,77
7.562,63
7.438,67
7.438,67
7.691,69
7.492,70
7.592,70
7.762,56
7.685,44
,
12.905,73
12.823,80
12.896,85
12.892,89
12.883,82
12.896,85
12.81,76
12.996,85
12.988,83
12.961,77
,
13.351,28
13.416,44
13.303,72
13.312,78
13.282,82
13.287,83
13.332,82
13.316,84
13.262,78
13.299,86
13.312,78
13.317,79
13.303,72
13.345,65
13.345,65
13.386,83
13.386,83
13.356,74
13.307,82
13.254,87
13.252,81
13.357,75
13.349,86
13.386,83
13.369,85
13.35,70
13.3,70
13.268,49
,
,
,
,
,
,
,
,
,
,
,
,
,
,
,
,
,
,
,
,
,
,
,
,
,
,
,
,
13.892,61
13.864,79
13.887,93
13.838,89
13.856,92
12.344,89
12.331,91
12.331,102
12.381,102
14.174,91
13.867,85
13.888,89
13.842,85
12.7,86
12.459,75
12.405,81
12.26,75
12.479,81
12.509,82
12.522,85
12.493,84
12.518,84
12.473,85
12.43,81
12.351,69
12.425,80
12.623,90
13.887,93
13.904,97
12.448,100
12.323,100
12.364,98
12.356,96
12.237,92
12.192,105
13.904,97
13.896,86
13.903,74
13.94,51
13.094,58
13.168,47
,
,
,
,
,
,
,
,
,
,
,
,
,
13.419,35
13.344,59
,
,
,
14.292,67
14.344,69
14.341,62
,
,
,
,
14.342,23
14.294,31
14.315,58
8.966,89
9.019,94
8.945,85
8.831,82
8.944,94
8.961,98
9.037,104
8.974,86
9.076,101
12.527,101
14.241,85
14.218,80
14.153,75
14.108,78
14.155,76
14.147,71
14.19,53
,
,
12.298,65
14.087,89
14.078,75
14.091,65
14.093,33
,
3.068,31
3.039,55
3.065,64
3.115,66
3.093,69
3.09,66
3.065,65
3.09,66
3.04,65
3.119,70
3.065,65
3.048,72
3.067,68
3.095,70
3.067,68
3.068,69
3.066,67
3.098,72
3.068,69
3.07,70
3.093,69
3.073,72
3.04,66
3.068,69
3.071,71
3.066,67
3.045,70
3.065,65
3.04,61
3.068,69
3.09,64
3.09,63
3.09,65
3.064,59
3.067,68
3.07,70
3.045,70
3.065,65
3.07,70
3.04,66
3.066,67
3.065,66
3.09,60
3.014,60
3.065,62
3.064,58
3.012,52
3.037,44
3.012,46
2.959,46
3.063,50
3.012,51
3.013,56
3.013,58
3.041,67
3.065,66
3.042,68
3.04,65
3.012,48
3.072,26
13.766,22
13.941,56
14.038,38
14.139,47
14.155,76
14.133,83
14.102,74
12.489,98
12.448,85
12.501,95
14.295,86
14.312,89
14.281,88
14.308,83
14.243,80
12.476,95
12.481,91
12.42,79
12.524,90
14.233,83
14.233,78
14.233,78
14.162,84
14.156,88
14.106,77
14.143,68
14.193,15
,
,
,
14.139,46
14.265,55
14.367,34
3.116,18
3.039,36
3.045,29
3.17,28
,
14.303,20
14.214,46
,
14.115,53
12.346,51
12.301,69
,
,
,
,
,
,
9.17,50
,
,
7.559,38
7.584,41
14.242,23
14.239,49
14.24,58
,
,
,
,
7.763,61
7.834,84
7.733,93
7.564,90
8.726,115
8.556,110
8.664,93
8.69,84
8.63,82
8.639,84
8.681,82
8.711,83
8.669,85
8.696,90
8.498,71
8.894,64
8.861,78
8.865,84
8.821,80
8.758,77
8.815,84
8.819,85
8.819,85
2.152,52
2.179,53
2.125,42
8.745,68
8.744,67
8.751,72
8.73,82
8.602,87
7.725,82
7.566,86
8.834,88
8.889,93
8.935,88
8.903,91
8.89,89
2.31,57
2.363,63
8.865,89
8.903,91
8.928,91
8.944,94
8.884,88
7.616,86
7.602,77
8.547,86
8.752,87
8.754,74
8.764,84
8.701,72
8.796,80
8.848,86
8.786,78
8.786,83
8.84,84
2.179,54
2.23,52
2.1,37
2.128,35
2.131,31
2.291,28
,
,
,
,
,
,
,
3.166,33
3.137,52
3.088,50
2.437,42
3.066,34
3.289,32
3.211,37
3.26,45
3.26,42
3.161,41
2.021,41
2.021,38
1.969,42
1.918,44
1.969,41
1.918,39
1.871,34
1.973,34
1.921,35
1.869,36
1.954,26
2.082,28
2.131,24
2.159,25
2.182,33
2.181,67
2.27,74
2.102,61
2.213,28
2.134,19
13.018,79
12.925,86
12.936,88
12.896,85
12.95,86
12.955,87
12.905,87
12.846,85
12.785,92
12.729,91
12.745,94
12.753,81
12.792,84
12.842,84
12.892,84
12.896,85
12.868,79
12.803,81
12.749,69
12.794,50
12.794,50
6.987,34
7.062,62
7.02,72
6.989,69
7.037,65
7.011,56
7.16,46
7.418,29
,
,
,
,
,
13.567,37
13.443,58
13.392,50
7.343,71
7.494,81
13.521,80
13.566,79
13.621,90
13.647,69
13.675,71
13.621,80
1.745,16
1.852,26
1.852,27
1.923,32
1.893,40
1.918,38
1.918,41
1.817,42
1.842,43
1.893,39
1.893,40
1.893,39
1.969,38
2.052,33
2.056,28
2.236,24
2.115,20
2.225,21
2.129,18
2.062,20
2.156,14
13.561,83
13.569,85
13.465,84
13.506,82
13.571,80
13.611,83
13.606,97
13.583,92
13.456,82
13.353,91
13.39,84
13.433,92
13.361,78
13.543,58
13.494,62
,
,
,
,
,
6.986,61
6.958,79
6.911,66
6.859,46
,
,
,
,
,
,
,
2.911,32
2.88,45
2.881,48
2.855,52
6.798,75
6.847,74
6.911,62
,
,
,
,
,
,
,
,
,
,
1.725,27
1.613,41
1.639,44
1.641,54
6.886,66
1.624,72
1.708,88
1.777,91
1.785,98
1.593,90
1.618,90
1.695,90
1.695,90
1.733,88
1.739,89
1.702,87
1.631,88
1.612,84
1.707,76
1.684,83
1.718,85
1.682,88
1.815,93
1.819,94
2.067,98
1.98,96
2.167,103
2.093,98
1.828,96
1.899,95
1.84,93
1.733,88
1.809,88
1.733,88
1.735,83
1.62,86
1.733,88
1.847,90
1.778,87
1.759,88
1.695,90
1.708,88
1.726,91
1.682,88
1.695,90
1.638,89
1.702,87
1.714,84
1.638,84
1.578,75
6.249,77
6.271,75
6.295,74
1.511,79
1.481,83
1.519,86
1.504,88
1.517,90
1.473,87
1.422,87
1.383,89
1.408,93
1.352,88
1.354,83
1.366,86
1.303,78
1.352,88
1.377,88
1.421,91
1.433,93
1.402,92
1.433,93
1.503,92
1.491,90
1.44,80
1.51,89
1.524,87
1.522,81
1.501,82
1.536,89
1.575,87
1.595,86
1.475,74
1.72,80
2.176,84
2.279,93
1.924,95
1.91,92
6.225,88
6.23,84
6.234,85
6.363,95
6.364,86
6.331,79
13.017,89
13.013,83
1.466,32
1.511,39
1.511,39
1.487,46
1.462,37
1.41,42
13.081,74
13.298,69
13.334,76
13.445,67
13.518,58
13.351,71
13.023,80
13.034,76
13.455,74
13.461,83
13.322,80
13.494,65
13.555,74
13.503,87
13.461,83
13.511,83
2.677,32
2.595,56
2.569,57
1.818,47
1.842,38
1.67,31
13.509,77
13.491,79
13.351,71
13.403,73
13.809,78
13.681,82
13.906,76
13.789,79
13.739,79
13.791,56
13.895,24
4.815,52
4.881,77
4.925,87
4.912,89
4.854,82
2.805,65
4.694,63
4.732,76
4.677,72
4.447,66
4.447,66
4.324,63
4.324,63
4.324,64
4.398,65
4.397,58
1.413,66
1.464,66
1.337,64
1.473,73
1.489,85
1.524,87
1.53,88
1.587,89
1.468,86
2.062,82
2.375,82
2.438,79
2.467,85
2.484,83
2.484,83
2.484,83
2.552,81
2.578,81
2.601,86
2.544,85
2.635,82
2.452,75
4.398,64
4.322,51
4.274,35
4.07,21
4.226,18
4.197,41
4.197,45
4.248,48
4.248,50
4.346,52
4.396,49
4.47,46
4.447,35
4.345,40
4.37,42
4.296,45
4.296,41
4.349,34
4.346,37
4.33,26
4.395,41
4.348,60
4.348,61
4.397,56
4.397,56
4.422,62
4.742,58
4.866,60
4.792,64
4.792,64
4.791,56
4.766,48
4.889,49
4.891,62
4.834,78
4.55,86
4.43,91
4.439,83
4.624,86
4.838,84
4.891,60
4.913,43
4.89,54
2.597,67
2.543,54
2.57,66
2.546,68
2.544,65
2.523,70
2.544,64
2.596,66
2.596,66
2.596,66
2.597,67
2.596,60
2.649,60
2.648,56
2.621,53
2.648,56
2.648,53
2.646,47
2.62,49
2.646,51
2.646,52
2.648,55
2.594,52
2.595,55
2.649,60
2.595,58
2.596,60
2.622,60
2.57,62
2.545,67
2.596,63
2.596,64
2.57,62
2.57,60
2.544,60
2.596,65
2.596,64
2.518,65
2.543,59
2.543,59
2.491,56
2.49,50
2.439,36
2.635,20
13.47,34
13.442,50
13.394,64
13.31,77
4.42,50
4.4,68
4.375,80
4.365,78
4.335,75
4.388,77
4.38,81
4.321,79
3.344,81
3.099,73
3.123,73
3.087,79
3.055,77
3.072,81
4.398,85
4.345,79
4.314,77
4.248,48
4.571,34
4.618,52
4.444,38
12.892,84
12.746,85
4.647,31
4.674,70
4.616,84
4.548,80
4.612,78
4.521,61
4.446,36
4.448,23
12.799,69
12.795,58
12.771,60
12.77,56
4.547,23
4.544,37
4.494,49
4.398,62
4.356,72
4.296,79
4.301,80
4.266,83
3.497,82
3.219,71
3.2,74
3.166,68
3.191,68
3.141,68
3.166,68
3.175,74
3.181,78
3.176,75
3.151,75
3.186,79
3.209,84
3.196,81
3.181,78
3.179,77
3.227,76
3.215,68
3.163,57
3.21,45
,
13.095,62
13.087,78
13.072,80
5.011,44
5.115,32
,
,
,
,
13.889,44
13.942,63
13.954,75
12.717,84
12.788,83
12.875,86
13.116,84
13.929,82
13.906,76
5.086,49
5.138,66
5.094,71
5.099,74
5.066,69
5.088,62
4.893,32
5.085,41
5.088,63
5.088,65
5.037,59
5.087,54
12.09,83
14.431,77
14.433,78
14.605,77
11.995,84
12.057,87
12.207,87
12.335,97
12.604,96
12.767,99
13.11,88
2.549,25
2.625,33
2.645,43
2.57,66
2.534,77
2.351,76
2.454,82
2.423,91
2.271,82
2.547,69
2.542,50
2.544,64
2.544,66
2.546,68
2.57,66
2.596,62
2.596,64
2.596,63
2.544,65
2.597,67
2.544,62
2.559,76
2.653,86
2.658,87
2.612,88
2.718,83
2.553,72
2.455,76
2.479,82
2.52,80
2.484,83
2.463,84
2.465,57
2.541,41
2.619,39
2.496,30
2.546,33
2.437,40
2.387,52
2.464,50
2.517,53
2.544,61
2.543,56
2.544,61
2.544,63
2.543,58
2.491,57
2.543,58
2.491,56
2.543,55
2.414,55
2.414,59
2.439,55
2.44,62
2.439,57
2.44,61
2.494,68
2.627,86
2.605,96
2.573,95
2.469,90
2.388,94
2.28,89
2.198,78
2.18,66
2.127,59
2.179,58
2.179,58
2.179,56
2.127,55
2.127,53
2.127,58
2.309,52
2.466,62
2.491,57
2.491,56
2.465,55
2.335,49
2.178,52
2.074,51
2.074,50
2.022,48
2.18,60
2.318,81
2.422,81
2.433,78
2.493,67
2.517,56
2.543,56
2.491,55
2.465,58
2.491,59
2.491,57
2.491,57
2.543,58
2.543,56
2.516,51
2.517,58
2.504,74
2.497,70
2.515,79
2.518,85
2.45,87
2.43,92
2.431,88
2.344,81
2.24,81
2.193,82
2.21,86
2.169,92
2.202,89
2.215,91
2.158,86
2.054,86
2.208,90
2.205,94
2.104,90
2.15,89
2.124,89
2.12,83
2.05,85
2.076,85
2.076,85
1.987,77
1.978,71
1.973,67
1.92,56
1.972,61
2.012,76
2.052,80
1.972,64
2.021,45
1.995,45
1.969,41
1.944,40
2.021,40
1.996,46
2.102,61
2.082,71
2.076,65
2.076,61
2.076,61
2.075,58
2.128,63
2.076,63
2.128,63
2.136,72
2.136,72
2.136,72
2.092,77
2.115,75
2.061,74
2.084,72
2.061,74
2.076,62
2.101,56
2.232,60
2.362,57
2.336,59
2.362,56
2.389,60
2.336,56
2.388,58
2.414,57
2.346,73
2.375,82
2.411,89
2.437,89
2.466,94
5.091,95
5.1,97
5.071,91
5.08,83
2.297,75
2.339,68
2.285,60
2.283,54
2.31,57
2.31,58
2.283,59
2.31,58
2.336,58
2.335,52
2.31,53
2.362,55
2.336,53
2.44,62
2.44,63
2.389,66
2.446,71
2.407,78
2.398,73
2.368,70
2.389,63
2.389,66
2.391,68
2.392,69
2.42,70
2.414,53
2.437,39
2.335,48
2.388,54
2.465,58
2.389,60
2.389,60
2.388,58
2.415,60
2.389,63
2.415,60
2.414,54
2.389,61
2.337,62
2.231,58
2.101,56
2.022,50
1.995,39
1.995,44
2.022,51
2.024,62
2.025,67
2.024,61
2.023,56
1.972,62
2.03,71
2.059,73
2.03,71
2.024,62
2.001,69
2.004,71
1.984,75
2.024,65
2.023,54
1.974,68
2.025,67
4.913,44
6.182,51
6.259,66
6.295,74
4.641,41
4.717,54
4.299,60
4.323,56
4.743,63
4.792,61
15.036,50
14.039,47
4.298,55
4.496,64
4.595,63
4.646,68
4.661,78
4.684,77
4.708,76
4.73,75
4.775,81
4.708,76
4.715,79
4.715,79
4.75,81
4.77,80
4.74,79
4.71,78
4.733,77
4.706,75
4.7,71
4.743,65
4.723,70
4.718,64
4.718,61
4.742,59
4.743,65
1.972,65
2.05,65
2.029,70
2.036,75
2.057,81
2.083,81
2.085,73
2.076,61
2.076,60
2.05,62
2.075,59
2.075,56
2.102,66
2.076,64
2.102,60
2.102,62
2.075,57
2.076,60
2.101,59
2.076,60
2.128,66
2.183,69
2.167,82
2.169,76
2.193,82
2.212,70
2.216,73
2.233,67
2.128,60
2.204,52
2.231,22
12.339,98
11.334,87
11.396,99
15.3,82
15.303,77
15.269,71
15.336,47
4.5,30
4.568,48
4.644,64
4.622,80
4.612,83
4.636,78
4.607,75
4.622,68
4.669,62
4.678,73
4.65,71
4.621,67
4.595,66
4.594,58
4.518,40
4.892,34
4.844,68
4.804,75
4.784,78
4.824,81
4.798,71
4.57,65
4.447,61
4.496,60
4.519,52
15.23,78
15.37,81
15.32,81
15.359,99
14,91
13.963,99
13.732,92
15.821,87
5.06,40
5.062,59
5.04,68
5.096,72
5.085,79
2.118,77
2.092,77
2.027,69
2.087,74
2.075,58
2.128,61
2.075,58
2.076,60
2.048,52
2.047,42
2.074,52
2.051,67
2.083,81
2.062,75
2.032,72
2.056,71
2.027,69
2.024,63
1.997,53
1.997,55
1.945,51
1.996,50
2.023,56
1.981,73
1.955,72
1.977,70
2.058,72
2.094,83
2.092,88
2.117,92
1.994,89
1.943,84
5.049,74
4.991,68
5.025,82
5.01,84
4.993,86
2.068,78
2.066,88
2.033,87
1.962,88
1.886,77
1.87,62
1.922,67
1.828,72
1.794,64
1.924,69
4.95,74
4.95,74
5.001,75
5.011,79
5.001,75
4.95,74
4.916,63
4.891,61
4.794,68
4.754,74
4.644,63
4.643,55
4.668,57
4.594,59
4.595,61
4.595,65
4.652,72
4.655,74
1.835,77
1.672,70
1.819,57
1.818,49
1.716,37
1.745,33
1.878,26
12.562,98
12.51,97
4.434,20
4.475,31
4.494,37
4.545,55
4.546,61
4.62,66
4.652,72
4.642,51
12.38,81
12.357,87
12.325,90
12.34,83
12.3,80
12.298,85
12.307,87
12.375,90
12.226,69
12.097,53
4.986,42
5.012,59
5.088,63
4.841,57
4.965,67
5.038,66
5.16,42
1.818,52
1.995,79
4.582,82
4.591,84
4.548,80
4.587,83
4.522,67
4.569,54
1.366,30
1.309,46
1.259,53
1.31,59
1.311,62
1.31,59
1.313,68
1.337,61
1.311,61
1.311,64
1.311,60
1.311,62
1.311,62
1.336,54
1.361,58
1.336,56
1.361,55
1.31,55
1.336,56
1.364,68
1.393,71
1.338,67
1.435,42
4.37,43
4.446,59
4.557,75
4.397,55
4.371,46
2.838,27
2.803,46
2.88,45
2.935,61
2.864,81
2.831,85
2.976,76
4.544,50
4.421,57
4.461,76
4.476,86
4.517,89
4.479,81
4.469,79
4.464,78
4.538,83
4.517,84
4.517,89
4.584,92
2.904,93
4.549,95
4.572,90
2.961,85
2.919,87
2.838,81
2.872,76
2.858,67
2.919,73
2.99,68
2.941,70
2.856,58
2.882,55
2.961,61
4.488,78
2.757,86
4.545,94
4.523,90
4.545,94
4.511,88
4.5,86
4.508,82
4.518,79
4.483,75
4.499,69
4.496,65
4.51,76
4.508,75
4.324,65
4.251,67
4.25,61
4.354,71
4.324,65
4.373,65
1.832,75
1.809,77
1.832,97
1.841,89
1.811,83
2.058,72
2.684,73
2.827,84
2.818,75
2.86,69
2.862,70
2.912,69
2.839,72
2.858,67
2.883,66
2.916,71
2.909,61
2.912,69
2.886,69
2.857,66
2.857,65
2.83,59
2.857,62
2.831,64
3.916,75
4.133,81
4.116,77
4.092,88
4.294,93
4.412,88
4.37,79
4.388,88
4.409,82
4.362,76
4.405,72
4.379,71
4.424,68
6.259,63
6.232,46
6.291,26
14.987,50
15.139,67
15.446,72
15.48,83
15.491,69
15.636,59
15.739,68
15.715,69
15.712,65
15.447,73
15.537,64
15.69,69
15.713,67
15.47,81
15.539,68
,
4.101,60
4.058,71
4.041,76
4.054,68
4.084,81
4.012,73
4.052,61
4.395,79
4.34,78
4.385,75
4.424,80
4.479,81
4.447,85
4.511,88
4.444,79
4.334,74
4.359,74
4.414,78
4.511,77
4.511,77
4.56,77
4.556,74
4.557,75
4.581,74
4.576,71
4.572,68
4.597,68
4.598,69
4.644,62
4.595,65
4.595,62
4.594,58
4.57,63
4.569,59
4.569,59
4.594,59
4.569,54
4.519,52
4.543,45
4.596,34
13.99,52
13.99,52
13.99,50
4.44,21
4.373,35
4.345,44
4.396,50
4.445,52
4.471,57
4.472,66
4.472,60
4.447,65
4.421,56
4.421,56
4.396,50
4.346,49
4.395,44
4.419,42
4.444,44
4.594,54
4.619,56
4.594,57
4.619,55
4.642,48
4.197,45
4.35,68
4.298,58
4.297,50
4.369,89
4.326,90
4.242,83
4.196,84
4.214,76
4.264,77
4.299,85
4.26,74
4.281,81
4.364,98
4.25,60
4.326,80
5.75,92
4.203,95
3.769,97
3.571,75
3.571,75
3.641,91
3.732,100
5.895,87
5.9,76
4.079,90
3.893,92
3.81,70
3.264,67
3.412,67
3.37,73
3.312,61
5.634,43
,
5.663,67
5.634,42
13.908,98
14.14,94
14.481,88
5.611,36
3.808,69
3.77,76
3.764,72
3.789,73
3.783,69
3.756,61
3.805,60
3.855,63
3.493,72
7.189,68
3.968,77
4.147,89
4.101,65
3.817,75
3.284,79
3.475,77
3.72,76
3.519,73
3.313,67
3.362,61
3.576,78
3.755,57
3.771,77
3.899,93
3.945,111
3.929,100
3.916,97
3.891,97
3.844,92
3.789,87
3.748,78
3.797,83
3.773,78
3.832,80
3.82,88
3.942,92
3.925,89
3.908,86
3.941,82
3.975,79
4.089,82
4.143,83
4.187,82
4.192,83
3.95,79
3.787,81
3.733,80
3.792,82
3.886,81
4,79
4.143,78
4.246,84
4.276,80
4.286,82
4.316,83
4.316,83
4.324,85
4.332,87
4.316,78
4.017,76
3.777,79
3.782,80
3.802,79
3.866,75
4.143,83
4.299,61
7.534,79
7.695,81
4.151,85
7.524,82
3.99,82
3.933,86
3.936,81
3.904,63
3.835,70
3.81,70
4.115,76
4.311,82
4.299,85
4.34,83
4.314,77
4.247,79
3.881,80
3.835,70
3.919,77
6.192,72
6.477,83
6.462,68
6.447,97
6,92
3.406,93
3.318,71
3.34,69
3.469,73
3.287,100
3.27,81
3.213,66
3.326,92
3.289,90
3.161,79
3.2,74
3.185,89
3.134,93
3.111,89
3.049,73
6.358,46
3.875,89
3.942,92
5.658,89
5.645,91
5.634,79
5.639,80
5.567,70
6.496,74
7.508,89
5.526,92
5.553,98
5.54,95
3.427,104
3.458,106
3.42,109
3.451,104
3.567,96
3.806,100
4.085,102
4.241,104
4.208,96
4.14,92
4.166,88
4.22,93
4.249,94
4.249,94
5.321,91
5.321,91
3.37,87
3.196,81
3.014,61
2.7,58
3.04,61
3.265,68
4.153,68
4.029,68
4.113,75
4.141,88
4.098,84
5.576,76
5.512,63
5.512,61
5.487,63
5.51,52
5.435,49
5.486,55
13.589,93
14.155,92
14.406,88
14.43,76
14.495,86
6.281,40
3.361,55
3.312,65
3.163,59
3.117,68
3.141,68
3.213,66
6.435,63
6.459,56
6.359,58
6.282,52
6.308,56
6.385,60
3.264,67
3.213,66
3.271,72
3.244,71
3.219,71
3.221,72
3.243,70
3.219,71
3.189,65
3.166,68
3.164,65
3.164,65
3.14,67
3.139,65
3.139,62
3.09,61
3.115,61
3.09,60
3.114,58
3.064,54
3.114,57
3.09,60
3.164,60
3.114,59
3.138,59
3.09,61
3.115,62
3.117,68
3.164,62
3.163,54
3.211,48
3.236,48
3.46,60
3.509,59
3.556,44
5.086,46
5.085,43
5.287,22
14.586,84
14.383,78
4.987,52
5.147,73
5.178,77
5.218,70
5.088,66
5.22,81
6.084,94
6.263,95
6.106,84
5.983,79
4.03,69
4.939,66
4.032,70
4.052,62
4.055,69
4.138,82
4.116,88
5.836,65
3.687,30
3.753,42
3.631,50
3.901,43
5.087,59
4.422,63
3.903,53
3.855,65
3.82,77
5.138,62
3.658,61
3.684,67
3.667,73
5.291,69
5.32,81
5.305,78
5.349,75
5.338,62
5.361,53
5.443,28
5.36,49
3.299,75
3.316,86
3.364,90
3.308,89
3.507,79
3.535,67
3.559,65
3.36,50
3.263,63
3.271,72
3.362,66
3.485,65
3.293,71
3.28,83
3.313,67
3.286,58
3.243,70
3.28,78
3.269,71
3.293,71
3.268,70
3.369,72
4.018,88
4.331,91
4.288,76
4.248,52
4.247,39
4.148,41
4.149,48
4.1,53
4.077,60
4.15,57
4.15,59
4.101,61
4.2,65
4.274,66
4.252,68
4.277,69
4.28,71
4.324,85
4.299,85
4.332,87
4.34,83
4.34,83
4.258,73
10.053,85
10.19,103
5.468,71
5.636,57
5.685,54
5.683,44
15.648,74
9.153,71
9.199,80
9.285,82
9.609,87
5.798,75
5.826,77
5.836,65
2.536,83
2.463,89
2.457,88
4.069,78
4.011,72
4.038,74
4.113,75
4.069,78
4.116,77
4.069,78
4.044,78
4.067,77
4.116,77
4.061,73
4.103,68
4.054,68
4.094,83
4.074,79
4.066,76
9.663,82
9.622,79
9.642,83
9.601,67
3.163,53
3.189,61
3.188,56
2.75,41
2.334,44
2.387,46
2.541,42
9.712,74
9.789,82
9.743,78
9.768,83
9.798,84
9.755,86
9.751,85
9.806,86
9.781,86
9.804,90
9.577,90
9.262,88
9.247,85
9.294,89
10.649,79
10.515,75
5.253,77
5.42,102
5.467,108
5.524,103
9.244,79
9.275,80
2.873,77
3.106,98
3.045,101
3.045,101
3.056,98
2.956,93
3.008,93
2.996,91
3.061,99
3.07,101
3.063,106
3.056,104
3.088,106
2.974,97
2.937,90
2.919,87
2.811,71
2.909,62
2.907,48
2.886,31
2.81,29
3.013,59
3.052,82
2.968,71
2.862,70
2.951,77
2.912,69
2.925,88
2.964,90
2.957,89
2.896,75
2.857,61
2.855,46
2.854,45
2.854,44
2.906,42
2.934,54
2.854,44
2.829,46
2.803,50
2.828,42
2.859,33
2.807,33
15.883,84
15.895,91
15.919,81
16.045,73
5.24,32
5.237,55
3.315,69
3.378,78
3.411,64
3.461,67
3.412,67
3.436,65
3.465,70
3.46,65
3.46,66
3.436,64
3.362,65
3.039,59
2.988,62
3.383,79
3.525,77
3.487,80
3.477,78
3.425,76
3.428,78
3.462,80
3.457,79
3.471,74
3.386,61
3.359,42
10.954,68
5.361,56
5.387,66
5.337,54
5.337,59
5.354,78
5.263,85
5.29,90
5.296,96
5.309,99
5.254,98
2.821,88
2.867,87
2.865,96
2.978,98
2.976,92
3.002,92
3.049,87
2.932,79
5.203,77
3,82
2.966,86
5.233,93
5.237,94
2.925,88
2.931,84
2.853,84
2.912,95
2.952,98
2.924,92
2.879,89
5.337,94
4.998,91
5.026,97
5.05,97
5.082,105
5.129,104
5.054,98
9.574,94
9.571,99
9.589,92
9.62,93
9.633,91
9.612,82
9.663,75
9.925,79
10.024,79
9.969,78
9.899,79
9.885,72
9.914,74
9.869,78
9.874,79
9.891,76
9.892,77
9.899,79
9.912,73
9.93,80
5.015,80
5.096,91
5.171,96
5.166,95
5.171,96
5.204,98
5.2,97
5.166,95
5.246,91
9.994,83
9.994,83
9.994,83
9.925,79
9.784,81
9.662,74
9.605,70
5.067,86
5.127,92
5.213,100
5.183,93
5.241,95
5.237,94
5.147,87
5.183,93
5.212,94
5.196,91
5.197,87
5.155,78
5.144,71
5.138,66
5.088,65
5.144,71
5.121,72
5.089,67
5.094,71
5.119,71
5.094,71
5.094,71
5.091,69
5.097,73
5.096,72
5.093,70
5.097,73
5.071,72
5.047,73
5.134,84
5.134,84
5.171,91
5.196,96
5.127,92
5.162,94
5.271,102
5.268,101
5.304,98
9.268,89
9.187,77
9.168,84
9.176,86
9.121,85
9.123,90
9.08,87
9.046,85
9.038,83
8.959,76
8.922,80
8.941,84
8.916,84
8.947,80
8.891,79
8.886,78
8.858,76
8.866,79
8.848,86
8.897,90
8.836,83
8.873,86
8.836,83
8.806,82
8.76,78
8.801,81
8.765,79
8.732,76
8.771,80
8.745,80
8.72,80
8.719,85
8.69,84
8.698,86
8.715,84
8.721,90
8.665,84
8.734,88
8.79,84
8.828,87
8.871,80
9.348,85
9.802,85
9.824,79
9.989,82
10.898,89
10.677,85
9.817,77
9.627,80
9.592,78
9.607,81
9.867,77
9.986,73
9.655,86
9.678,68
9.682,71
9.662,74
9.703,80
10.942,88
10.804,90
10.39,82
10.689,82
10.789,82
10.31,81
10.12,78
10.12,78
10.157,86
10.324,84
10.577,85
10.604,80
10.561,73
10.467,76
10.487,73
10.493,77
10.515,75
10.461,72
10.511,72
10.518,77
10.558,71
10.558,71
10.589,75
10.611,87
13.132,82
11.11,109
11.05,94
10.679,90
10.91,96
10.798,89
10.711,87
10.617,77
10.18,80
9.974,79
10.13,90
10.283,101
9.883,71
9.91,81
9.918,77
10.31,81
10.312,73
13.742,85
13.72,90
10.408,101
10.336,102
13.719,80
13.674,70
8.509,83
8.617,94
8.565,79
8.45,72
8.468,67
8.467,62
8.543,65
8.544,67
8.442,62
8.392,61
8.491,55
8.543,63
8.467,63
8.492,63
8.543,66
8.551,72
8.558,77
8.545,68
8.466,59
8.516,54
8.516,56
8.543,65
8.442,64
8.492,63
8.491,59
8.492,65
8.497,70
8.497,70
8.501,73
8.469,80
8.506,76
8.469,80
8.457,77
8.419,80
8.409,78
8.449,81
8.459,78
8.414,79
8.439,79
8.449,81
8.414,79
8.434,78
8.444,80
8.464,79
8.464,79
8.489,79
8.514,79
8.482,77
8.529,74
8.495,69
8.447,70
8.442,63
8.44,48
16.148,75
16.134,50
,
8.39,57
8.467,61
8.491,54
8.363,40
8.441,59
8.454,75
8.476,73
8.451,73
8.459,83
8.52,80
8.498,71
8.554,74
8.568,85
10.289,74
10.306,69
10.306,69
10.343,77
10.395,78
10.261,72
10.29,75
10.295,83
10.268,77
10.09,75
10.043,77
10.199,84
10.35,79
10.32,78
10.418,88
16.173,82
13.689,93
13.036,98
16.141,70
13.845,95
13.904,82
13.901,87
13.884,83
13.938,84
13.799,81
8.597,86
8.497,70
8.45,72
8.584,98
8.539,89
8.488,89
8.403,74
8.39,57
8.441,58
8.441,54
8.441,53
8.44,50
8.415,52
8.44,50
8.416,58
8.469,68
8.457,77
8.488,84
8.488,84
8.514,79
8.404,75
8.429,75
8.356,77
8.516,58
8.272,19
8.34,59
8.403,74
8.542,94
8.456,92
8.52,90
8.459,78
13.754,82
13.938,89
13.904,82
14.094,95
14.08,92
14.094,95
14.068,90
16.287,68
16.31,65
16.197,75
16.207,89
16.257,79
13.424,101
13.431,97
13.452,96
13.474,101
13.506,97
13.493,94
13.477,91
16.063,80
16.076,77
16.047,74
15.948,74
10.573,89
10.73,95
10.629,90
10.502,94
10.751,94
13.681,82
10.524,99
10.651,94
13.275,101
10.564,103
13.659,88
13.453,87
13.353,72
9.159,75
9.197,85
9.298,85
9.282,73
9.187,77
9.113,83
9.11,76
9.259,82
9.243,84
9.11,76
9.061,77
9.053,81
9.01,77
9.017,79
9.033,75
9.083,82
9.103,81
9.028,81
9.023,80
9.033,82
9.003,72
9.026,70
9.01,77
8.991,84
9.085,92
9.041,93
9.019,94
8.949,86
8.899,86
9.31,103
9.103,81
8.999,86
8.966,84
8.991,84
8.991,84
8.995,85
9.016,84
8.96,77
8.987,78
9.007,75
6.527,83
6.525,88
9.158,74
9.23,91
9.364,98
9.369,99
8.957,82
13.602,91
13.608,76
13.656,75
13.891,94
13.879,97
13.879,97
13.863,99
13.863,99
13.531,103
13.634,88
13.484,88
13.503,87
9.328,101
9.335,97
13.492,106
6.435,65
6.485,61
8.937,83
8.991,84
8.962,83
8.91,77
8.945,85
8.962,83
8.972,80
9.001,71
8.937,78
8.977,81
8.972,80
9.004,87
8.941,84
6.6,88
6.643,91
8.916,84
8.831,82
8.836,83
8.851,81
8.766,50
8.765,79
6.95,92
6.686,60
14.396,101
15.962,85
14.761,99
14.581,98
14.605,88
16.975,78
16.748,77
16.895,75
14.465,94
16.945,75
16.626,78
16.63,84
15.909,79
16.387,69
,
16.581,40
16.567,72
16.327,83
7.939,23
16.509,85
7.837,36
8.644,64
8.8,71
8.836,78
8.474,81
8.313,79
8.229,76
8.204,76
6.43,93
6.389,86
6.338,86
6.384,94
6.305,89
6.349,92
6.261,90
6.261,90
6.337,95
6.261,90
6.206,84
6.109,94
5.383,99
5.24,90
5.155,78
5.127,76
5.115,80
5.105,78
5.099,74
5.215,90
5.038,85
8.337,84
6.612,90
6.481,89
6.494,87
6.468,91
6.296,82
8.252,82
8.104,77
9.466,78
9.456,81
9.471,79
9.521,79
9.587,82
9.579,86
9.612,82
9.602,80
9.587,75
6.273,92
6.251,98
6.23,93
6.199,92
6.131,84
5.973,82
9.606,71
9.608,72
9.685,87
9.772,89
9.886,87
9.746,93
9.66,73
9.668,78
9.765,92
9.722,89
9.59,88
9.247,85
8.659,77
8.414,79
8.227,75
8.176,74
8.207,78
8.23,77
8.226,74
5.055,83
5.277,92
5.376,92
8.489,79
6.159,94
6.142,81
6.162,90
6.247,97
8.003,77
8.248,72
6.286,90
6.468,96
8.821,80
8.806,82
8.904,73
8.967,79
8.973,95
7.435,79
7.352,76
7.327,77
7.216,86
7.046,87
4.594,94
4.714,99
4.667,106
4.718,100
4.759,104
4.773,101
4.759,104
4.79,106
4.811,105
4.833,104
4.885,105
4.85,102
4.841,94
4.82,95
4.791,94
4.771,95
4.782,92
7.099,82
7.084,79
7.102,88
6.998,82
6.982,84
6.923,82
6.895,87
6.911,85
6.913,80
6.853,83
6.903,83
6.895,87
6.898,82
6.932,89
6.898,82
6.893,81
6.908,79
6.976,77
6.951,77
6.948,75
7.102,77
7.283,84
7.375,82
7.52,91
7.479,83
7.496,87
7.57,91
7.57,91
7.576,92
7.626,92
7.683,93
7.711,106
7.729,104
7.704,98
10.709,81
8.966,89
9.01,88
9.03,87
8.959,76
8.96,77
8.987,78
9.017,79
9.033,75
9.049,69
9.009,76
8.942,79
7.78,78
7.8,75
7.799,74
7.771,72
7.774,74
7.744,71
7.744,71
7.797,73
7.772,73
7.777,76
7.777,76
7.743,70
7.747,73
7.75,75
7.805,83
7.808,93
7.877,92
7.771,96
7.696,96
7.599,82
7.49,69
7.529,78
7.568,71
7.568,71
7.592,70
7.685,79
7.95,75
8.313,79
8.442,60
8.416,56
8.718,63
8.849,70
8.78,74
8.72,80
8.735,83
8.676,81
8.701,81
8.558,77
8.303,75
6.432,79
6.367,81
8.374,72
8.507,77
8.535,78
8.615,79
8.615,79
8.64,79
8.633,77
8.75,81
8.504,75
8.585,78
8.735,78
8.836,83
9.035,92
9.262,88
9.142,84
7.363,100
7.149,82
7.083,84
7.064,90
4.6,101
4.614,105
4.595,100
4.625,101
4.603,102
4.628,102
4.669,100
4.702,96
4.615,93
4.652,102
4.575,101
4.578,102
4.593,106
4.524,95
4.461,92
7.258,84
7.359,89
7.509,99
9.782,101
9.075,86
8.91,88
8.865,84
8.846,80
8.902,81
8.881,82
8.815,89
8.626,91
8.543,85
8.488,84
8.469,80
8.489,79
8.509,83
8.479,82
8.492,85
8.424,81
8.417,85
8.383,83
8.392,85
8.396,86
8.383,83
8.378,82
8.417,85
8.387,84
8.401,87
8.438,84
8.399,81
8.409,78
8.434,78
8.463,84
8.552,87
9.307,87
9.29,83
9.111,77
9.01,77
8.982,75
8.987,83
4.495,94
4.529,102
4.554,96
4.573,95
4.549,95
4.582,103
4.614,118
4.616,112
4.618,106
4.603,96
4.6,101
4.586,98
4.578,96
4.561,98
4.59,93
8.941,84
4.513,83
9.222,85
7.7,75
4.616,89
4.617,79
4.595,62
4.644,61
4.628,72
4.606,74
4.582,82
4.559,76
4.609,76
4.551,70
4.53,73
4.51,76
4.48,73
4.488,78
4.538,83
4.513,78
4.483,75
4.511,77
4.478,71
4.462,77
4.412,77
4.414,78
4.436,76
4.424,80
4.375,80
4.38,81
4.37,79
4.365,78
4.338,77
4.301,80
4.332,87
4.289,88
4.295,89
4.307,91
4.314,88
4.288,92
4.29,98
4.245,93
4.221,99
4.189,92
4.153,90
4.108,81
4.079,80
3.975,79
3.936,81
3.896,83
3.807,80
3.777,79
3.745,76
3.728,79
3.733,80
3.763,81
3.742,74
3.763,81
3.817,75
3.852,79
3.871,83
3.908,86
3.974,84
3.978,85
3.974,89
3.995,83
4.029,80
3.97,78
4.039,82
4.039,82
4.054,80
4.067,88
4.085,91
4.134,102
4.126,100
4.172,99
4.117,98
4.159,102
4.131,101
4.176,100
4.167,98
4.156,101
4.183,96
4.25,85
4.217,78
4.247,79
4.246,84
4.242,83
4.253,86
4.269,93
4.308,87
4.32,89
4.352,86
4.409,82
4.419,79
4.411,76
4.39,78
4.437,77
4.464,78
4.5,86
4.619,94
4.647,95
6.647,82
6.607,79
6.625,77
6.627,78
6.632,79
6.675,77
6.662,68
6.484,59
6.41,62
6.437,68
6.488,69
6.496,74
6.521,74
6.557,79
6.531,84
6.474,76
6.552,78
6.624,76
6.7,76
6.741,70
6.736,65
6.635,60
4.897,71
4.863,79
4.851,73
4.809,78
4.842,85
4.824,81
4.775,81
4.799,81
4.77,80
4.757,76
4.804,75
4.814,79
4.797,70
4.791,58
4.767,57
6.761,62
6.717,71
6.723,75
6.719,72
6.669,73
6.698,75
6.646,74
6.627,78
6.646,74
6.65,77
6.593,72
6.568,72
6.521,74
6.527,78
6.547,75
6.546,74
6.552,78
6.517,81
6.493,96
4.973,91
4.905,76
1.185,85
1.272,97
1.279,111
1.241,101
1.206,99
1.197,97
1.105,89
1.096,75
1.069,74
1.066,72
1.073,77
1.117,72
1.066,72
1.044,74
1.066,72
1.012,70
1.069,74
1.022,77
1.029,79
1.066,72
1.015,72
0.987,70
1.008,67
1.059,67
1.032,66
1.009,68
1.029,79
1.134,85
1.054,84
1.18,93
1.139,101
1.212,107
1.194,109
1.202,111
1.241,108
1.185,100
1.16,100
1.172,97
1.188,95
1.098,92
0.994,82
1.009,80
-99999999,
3.893,92
3.891,103
3.862,102
3.731,94
3.733,80
6.218,91
6.443,91
6.349,92
6.347,97
6.261,90
4.2,61
4.365,78
4.587,83
4.75,81
4.837,93
4.868,90
4.857,88
4.829,82
4.857,77
4.838,84
4.842,85
4.842,85
4.826,87
4.846,86
4.857,88
4.846,86
4.821,86
4.846,86
4.832,88
4.862,89
4.838,84
4.854,82
4.829,82
4.817,85
4.55,86
4.276,90
4.523,90
4.825,91
4.881,88
4.895,86
4.854,82
4.873,81
4.765,79
4.813,84
4.834,83
4.849,81
4.912,84
4.9,87
3.82,88
3.694,74
3.697,77
3.768,75
3.797,78
3.876,79
3.921,78
3.792,75
3.767,74
3.714,72
3.712,71
3.72,76
3.691,72
3.642,73
3.714,72
3.692,73
3.748,78
3.743,75
3.789,73
3.811,71
3.813,72
3.768,75
3.771,77
3.752,84
3.697,77
3.805,85
3.975,79
4.683,92
3.468,96
5.159,99
6.135,85
6.089,86
6.117,81
13.32,85
13.46,98
6.158,48
6.135,62
6.249,88
6.251,83
6.255,84
6.299,88
6.284,85
6.28,89
6.365,101
4.912,99
4.85,102
4.817,100
4.85,96
6.355,93
3.172,91
3.25,97
3.275,97
3.259,99
3.25,97
3.317,101
3.221,102
3.25,103
3.201,103
3.254,104
3.271,102
3.238,100
3.268,101
3.282,105
3.271,102
3.391,101
0.144,75
0.141,73
0.131,59
0.131,59
0.156,53
,
,
,
,
0.129,43
0.13,37
0.129,39
,
0.106,36
,
0.179,38
,
,
,
0.179,42
,
0.129,39
0.154,38
0.154,39
,
,
,
0.106,36
,
0.104,42
0.104,41
0.13,37
,
0.104,41
,
,
0.154,38
,
,
,
,
0.106,36
,
,
,
0.154,40
0.154,39
0.154,40
0.107,35
,
,
,
,
0.155,37
,
0.132,35
,
0.158,34
0.104,43
0.104,42
0.158,34
0.154,39
0.13,37
0.129,43
,
0.155,37
,
,
,
0.155,37
0.179,39
,
0.154,43
0.154,39
0.105,37
,
0.104,41
0.131,36
,
0.157,35
0.154,39
,
,
,
,
,
,
0.129,41
0.154,38
0.154,39
0.129,40
,
0.129,38
0.129,39
,
,
0.104,38
,
,
,
0.155,37
0.132,35
,
0.154,39
,
,
0.104,41
,
0.154,38
,
0.129,38
,
,
0.133,34
,
,
0.131,36
,
0.129,38
,
,
,
0.18,37
,
,
,
,
,
,
0.154,40
,
0.105,37
0.129,39
,
0.129,39
0.104,38
,
,
,
0.158,34
,
,
,
,
,
0.184,33
0.154,39
0.129,39
,
,
,
,
0.129,39
,
,
,
,
0.129,40
,
0.154,40
0.13,37
0.154,38
,
,
0.154,38
,
0.154,44
,
,
0.104,44
0.132,35
0.104,38
,
,
,
,
,
,
0.13,37
0.159,33
0.154,38
0.13,37
,
0.129,39
,
0.104,40
0.156,36
,
0.154,41
,
,
0.106,36
,
0.23,37
0.18,37
0.154,39
,
0.157,35
,
0.156,36
0.13,37
,
,
0.132,35
0.154,42
,
0.154,39
,
0.154,40
0.154,39
,
0.129,39
0.156,36
,
0.13,37
0.154,39
0.154,38
0.156,36
,
0.129,39
,
0.104,39
,
0.154,38
0.179,39
,
,
0.106,36
,
0.129,38
,
0.106,36
,
,
0.129,40
0.206,36
,
0.104,45
,
,
0.104,38
,
,
,
0.154,40
0.104,38
,
,
0.154,41
,
0.154,39
0.154,39
0.104,40
0.129,41
,
,
,
,
0.154,39
0.104,41
0.154,40
,
0.154,42
0.154,43
,
0.129,41
,
0.129,41
0.104,41
0.155,37
0.129,41
0.154,39
,
,
0.158,34
0.156,36
0.129,41
0.154,38
,
,
,
,
,
0.155,37
,
0.13,37
,
,
0.104,44
,
,
0.204,41
0.154,38
,
,
0.154,39
0.156,36
,
0.129,38
,
,
,
0.179,38
,
0.154,40
,
0.154,43
,
,
,
,
,
0.155,37
0.155,37
,
,
,
,
0.154,41
0.131,36
0.133,34
,
0.157,35
,
0.155,37
,
,
0.154,42
,
,
,
,
,
,
,
0.129,40
0.155,37
0.154,40
0.154,38
0.13,37
,
,
,
0.157,35
0.158,34
,
,
,
,
,
,
0.129,38
,
,
0.154,42
,
,
0.106,36
0.154,38
0.154,38
,
,
,
,
,
0.129,41
,
0.129,40
