1,1
,
,
,
,
,
,
,
,
,
,
,
,
,
,
,
,
,
,
,
,
,
,
,
,
,
,
,
,
,
,
,
,
,
,
,
,
,
,
,
,
,
,
,
,
,
,
,
,
,
,
,
,
,
,
,
,
,
,
,
,
,
,
,
,
,
,
,
,
,
,
,
,
,
,
,
,
,
,
,
,
,
,
,
,
,
,
,
,
,
,
,
,
,
,
,
,
,
,
,
,
,
,
,
,
,
,
,
,
,
,
,
,
,
,
,
,
,
,
,
,
,
,
,
,
,
,
,
,
,
,
,
,
,
,
,
,
,
,
,
,
,
,
,
,
,
,
,
,
,
,
,
,
,
,
,
,
,
,
,
,
,
,
,
,
,
,
,
,
,
,
,
,
,
,
,
,
,
,
,
,
,
,
,
,
,
,
,
,
,
,
,
,
,
,
,
,
,
,
,
,
,
,
,
,
,
,
,
,
,
,
,
,
,
,
,
,
,
,
,
,
,
,
,
,
,
,
,
,
,
,
,
,
,
,
,
,
,
,
,
,
,
,
,
,
,
,
,
,
,
,
,
,
,
,
,
,
,
,
,
,
,
,
,
,
,
,
,
,
,
,
,
,
,
,
,
,
,
,
,
,
,
,
,
,
,
,
,
,
,
,
,
,
,
,
,
,
,
,
,
,
,
,
,
,
,
,
,
,
,
,
,
,
,
,
,
,
,
,
,
,
,
,
,
,
,
,
,
,
,
,
,
,
,
,
,
,
,
,
,
,
,
,
,
,
,
,
,
,
,
,
,
,
,
,
,
,
,
,
,
,
,
,
,
,
,
,
,
,
,
,
,
,
,
,
,
,
,
,
,
,
,
,
,
,
,
,
,
,
,
,
,
,
,
,
,
,
,
,
,
,
,
,
,
,
,
,
,
,
,
,
,
,
,
,
,
,
,
,
,
,
,
,
,
,
,
,
,
,
,
,
,
,
,
,
,
,
,
,
,
,
,
,
,
,
,
,
,
,
,
,
,
,
,
,
,
,
,
,
,
,
,
,
,
,
,
,
,
,
,
,
,
,
,
,
,
,
,
,
,
,
,
,
,
,
,
,
,
,
,
,
,
,
,
,
,
,
,
,
,
,
,
,
,
,
,
,
,
,
,
,
,
,
,
,
,
,
,
,
,
,
,
,
,
,
,
,
,
,
,
,
,
,
,
,
,
,
,
,
,
,
,
,
,
,
,
,
,
,
,
,
,
,
,
,
,
,
,
,
,
,
,
,
,
,
,
,
,
,
,
,
,
,
,
,
,
,
,
,
,
,
,
,
,
,
,
,
,
,
,
,
,
,
,
,
,
,
,
,
,
,
,
,
,
,
,
,
,
,
,
,
,
,
,
,
,
,
,
,
,
,
,
,
,
,
,
,
,
,
,
,
,
,
,
,
,
,
,
,
,
,
,
,
,
,
,
,
,
,
,
,
,
,
,
,
-99999999,
,
,
,
,
,
,
,
,
,
,
,
,
,
,
,
,
,
,
,
,
,
,
,
,
,
,
,
,
,
,
,
,
,
,
,
,
,
,
,
,
,
,
,
,
,
,
,
,
,
,
,
,
,
,
,
,
,
,
,
,
,
,
,
,
,
,
,
,
,
,
,
,
,
,
,
,
,
,
,
,
,
,
,
,
,
,
,
,
,
,
,
,
,
,
,
,
,
,
,
,
,
,
,
,
,
,
,
,
,
,
,
,
,
,
,
,
,
,
,
,
,
,
,
,
,
,
,
,
,
,
,
,
,
,
,
,
,
,
,
,
,
,
,
,
,
,
,
,
,
,
,
,
,
,
,
,
,
,
,
,
,
,
,
,
,
,
,
,
,
,
,
,
,
,
,
,
,
,
,
,
,
,
,
,
,
,
,
,
,
,
,
,
,
,
,
,
,
,
,
,
,
,
,
,
,
,
,
,
,
,
,
,
,
,
,
,
,
,
,
,
,
,
,
,
,
,
,
,
,
,
,
,
,
,
,
,
,
,
,
,
,
,
,
,
,
,
,
,
,
,
,
,
,
,
,
,
,
,
,
,
,
,
,
,
,
,
,
,
,
,
,
,
,
,
,
,
,
,
,
,
,
,
,
,
,
,
,
,
,
,
,
,
,
,
,
,
,
,
,
,
,
,
,
,
,
,
,
,
,
,
,
,
,
,
,
,
,
,
,
,
,
,
,
,
,
,
,
,
,
,
,
,
,
,
,
,
,
,
,
,
,
,
,
,
,
,
,
,
,
,
,
,
,
,
,
,
,
,
,
,
,
,
,
,
,
,
,
,
,
,
,
,
,
,
,
,
,
,
,
,
,
,
,
,
,
,
,
,
,
,
,
,
,
,
,
,
,
,
,
,
,
,
,
,
,
,
,
,
,
,
,
,
,
,
,
,
,
,
,
,
,
,
,
,
,
,
,
,
,
,
,
,
,
,
,
,
,
,
,
,
,
,
,
,
,
,
,
,
,
,
,
,
,
,
,
,
,
,
,
,
,
,
,
,
,
,
,
,
,
,
,
,
,
,
,
,
,
,
,
,
,
,
,
,
,
,
,
,
,
,
,
,
,
,
,
,
,
,
,
,
,
,
,
,
,
,
,
,
,
,
,
,
,
,
,
,
,
,
,
,
,
,
,
,
,
,
,
,
,
,
,
,
,
,
,
,
,
,
,
,
,
,
,
,
,
,
,
,
,
,
,
,
,
,
,
,
,
,
,
,
,
,
,
,
,
,
,
,
,
,
,
,
,
,
,
,
,
,
,
,
,
,
,
,
,
,
,
,
,
,
,
,
,
,
,
,
,
,
,
,
,
,
,
,
,
,
,
,
,
,
,
,
,
,
,
,
,
,
,
,
,
,
,
,
,
,
,
,
,
,
,
,
,
,
,
,
,
,
,
,
,
,
,
,
,
,
,
,
,
,
,
,
,
,
,
,
,
,
,
,
,
,
,
,
,
,
,
,
,
,
,
,
,
,
,
,
,
,
,
,
,
,
,
,
,
,
,
,
,
,
,
,
,
,
,
,
,
,
,
,
,
,
,
,
,
,
,
,
,
,
,
,
,
,
,
,
,
,
,
,
,
,
,
,
,
,
,
,
,
,
,
,
,
,
,
,
,
,
,
,
,
,
,
,
,
,
,
,
,
,
,
,
,
,
,
,
,
,
,
,
,
,
,
,
,
,
,
,
,
,
,
,
,
,
,
,
,
,
,
,
,
,
,
,
,
,
,
,
,
,
,
,
,
,
,
,
,
,
,
,
,
,
,
,
,
,
,
,
,
,
,
,
,
,
,
,
,
,
,
,
,
,
,
,
,
,
,
,
,
,
,
,
,
,
,
,
,
,
,
,
,
,
,
,
,
,
,
,
,
,
,
,
,
,
,
,
,
,
,
,
,
,
,
,
,
,
,
,
,
,
,
,
,
5.708,41
5.709,49
5.709,49
5.758,38
,
,
,
,
,
5.858,49
5.858,49
5.809,51
6.358,48
6.408,48
6.457,45
6.357,39
6.262,24
,
,
,
,
,
,
,
,
6.436,18
6.557,43
6.558,48
6.359,36
,
,
,
,
,
,
,
,
,
,
,
,
,
,
6.362,32
6.357,40
6.307,47
6.358,51
6.359,56
6.36,60
6.36,64
6.46,61
6.36,66
6.361,67
6.259,65
6.159,66
6.209,62
6.259,62
6.209,65
6.059,63
6.059,66
6.159,63
6.058,56
6.158,59
6.158,54
6.307,48
6.306,44
6.256,43
6.256,44
6.057,47
6.057,51
5.958,51
6.009,63
6.059,60
6.008,56
6.008,51
5.957,45
6.056,41
6.008,36
,
,
6.035,18
6.064,29
6.056,44
6.008,53
6.009,65
5.96,60
5.86,64
5.86,62
5.96,62
5.859,57
5.959,55
5.96,60
5.959,53
5.958,50
5.859,44
6.008,46
5.959,56
5.96,63
6.009,61
5.959,59
5.96,61
6.058,58
6.008,54
5.962,33
,
,
,
,
,
,
,
,
,
,
,
,
5.957,42
5.86,62
5.817,71
5.769,72
5.874,76
5.86,66
5.76,54
5.76,36
5.709,46
5.862,68
6.018,73
6.067,72
6.058,57
6.056,44
,
6.066,26
6.056,38
6.156,44
6.157,51
6.108,55
6.157,49
6.06,53
6.109,60
6.061,68
6.062,69
5.971,74
5.811,63
4.871,71
4.775,72
4.776,73
4.768,67
4.767,61
4.767,60
4.766,57
4.668,60
4.766,59
4.815,57
4.766,53
4.666,50
4.715,48
4.668,62
4.784,78
4.754,82
4.793,80
4.674,71
4.779,75
4.767,65
4.668,62
4.667,57
4.766,57
4.715,49
4.766,57
4.667,57
4.767,62
4.767,63
4.767,62
4.668,66
4.668,63
4.67,68
4.767,64
4.668,62
4.619,61
4.668,63
4.668,63
4.675,70
4.676,72
4.63,74
4.68,75
4.674,71
4.668,66
4.571,57
4.47,50
4.47,46
4.674,28
5.958,49
6.058,55
4.57,66
4.668,64
4.717,64
4.667,56
4.719,32
,
,
,
,
,
,
,
,
,
,
,
4.765,46
4.667,53
4.668,61
4.667,59
4.766,57
4.668,48
4.616,45
4.371,48
4.371,49
4.272,47
4.371,47
4.37,41
,
4.765,46
4.865,64
4.769,64
4.767,66
4.865,62
4.964,64
4.966,66
4.864,58
4.863,48
4.863,52
4.773,28
,
,
5.07,27
,
,
,
,
5.061,37
5.063,62
4.914,54
4.813,40
4.754,20
,
,
,
,
,
,
,
,
,
,
,
,
,
,
,
,
,
,
,
,
,
,
,
,
,
,
,
,
,
,
,
,
,
,
,
,
,
,
,
,
,
,
,
,
,
,
,
,
,
,
,
,
,
,
,
,
,
,
,
,
,
,
,
,
,
,
,
4.475,31
4.568,51
4.572,63
4.57,64
4.573,69
4.57,62
4.568,52
4.569,55
4.568,50
4.568,49
4.475,31
,
,
,
,
4.665,39
4.667,59
4.723,71
4.676,72
4.677,73
4.57,66
4.569,59
4.668,61
4.521,64
4.482,74
4.583,74
4.584,76
4.482,74
4.498,80
4.488,78
4.384,74
4.384,74
4.428,71
4.373,63
4.471,59
4.421,54
4.37,40
4.472,35
4.38,27
,
4.449,11
4.475,24
4.38,26
4.324,35
4.375,32
4.469,38
4.371,37
4.374,34
4.459,20
,
,
,
,
,
,
,
,
,
,
,
,
,
,
,
,
,
,
,
,
,
,
,
,
,
,
,
,
,
,
,
,
,
,
,
,
,
,
,
,
,
,
,
,
,
,
,
,
,
,
,
,
,
,
,
,
,
,
,
,
,
,
,
,
,
,
,
,
,
,
,
,
,
,
,
,
,
,
,
,
,
,
,
,
,
,
,
,
,
,
,
,
,
,
,
,
,
,
,
,
,
,
,
,
,
,
,
,
,
,
,
,
,
,
,
,
,
,
,
,
,
,
,
,
,
,
,
,
,
,
,
,
,
,
,
,
,
,
,
,
,
,
,
,
,
,
,
,
,
,
,
,
,
,
,
,
,
,
,
,
,
,
,
,
,
,
,
,
,
,
,
,
,
,
,
,
,
,
,
,
,
,
,
,
,
,
,
,
,
,
,
,
,
,
,
,
,
,
,
,
,
,
,
,
,
,
,
,
,
,
,
,
,
,
,
,
,
,
,
,
,
,
,
,
,
,
,
,
,
,
,
,
,
,
,
,
,
,
,
,
,
,
,
,
,
,
,
,
,
,
,
,
,
,
,
,
,
,
,
,
,
,
,
,
,
,
,
,
,
,
,
,
,
,
,
,
,
,
,
,
,
,
,
,
,
,
,
,
,
,
,
,
,
,
,
,
,
,
,
,
,
,
,
,
,
,
,
,
,
,
,
,
,
,
,
,
,
,
,
,
,
,
,
,
,
,
,
,
,
,
,
,
,
3.461,17
3.489,29
3.39,25
3.532,22
3.434,22
3.385,35
3.383,37
3.484,35
3.484,35
3.434,36
3.483,36
3.484,35
3.386,34
3.54,29
3.374,20
,
3.412,14
,
,
,
3.585,32
3.58,42
3.58,42
3.481,41
3.582,36
3.68,47
3.681,57
3.583,63
3.582,56
3.581,51
3.582,54
3.582,54
3.485,67
3.6,78
3.61,80
3.619,82
3.674,83
3.61,80
3.595,75
3.583,62
3.582,53
3.58,45
3.68,47
3.68,51
3.729,49
3.682,52
3.681,54
3.681,58
3.632,61
3.582,59
3.583,63
3.583,66
3.533,65
3.63,51
3.777,41
3.728,42
3.68,52
3.778,50
3.778,47
3.729,49
3.78,48
3.68,46
3.68,49
3.681,55
3.778,47
3.681,36
,
,
,
,
,
3.857,17
3.69,28
3.686,30
3.684,32
3.777,38
3.679,43
3.68,47
3.681,55
3.681,58
3.682,60
3.682,64
3.582,55
3.681,54
3.681,53
3.581,48
3.68,49
3.68,48
3.632,47
3.581,52
3.581,48
3.68,49
3.682,47
3.581,47
3.581,46
3.63,46
3.581,47
3.63,46
3.68,52
3.581,47
3.63,48
3.63,47
3.58,42
3.581,48
3.581,50
3.681,53
3.68,50
3.581,48
3.68,48
3.68,49
3.581,51
3.583,47
3.581,49
3.63,47
3.58,44
3.531,46
3.58,45
3.68,47
3.581,49
3.581,46
3.58,44
3.581,47
3.581,47
3.53,45
3.58,43
3.58,38
3.481,38
3.486,33
3.585,33
3.487,24
3.584,23
3.532,22
3.687,29
3.585,33
3.58,38
3.582,43
3.482,37
3.58,38
3.483,36
3.388,24
3.461,16
,
,
,
,
,
3.689,27
3.689,27
3.538,25
,
,
,
,
,
,
,
,
,
,
,
,
,
,
,
,
,
,
,
,
,
,
,
,
,
,
,
,
,
,
,
,
,
,
,
5.261,47
5.262,59
5.263,63
5.263,60
5.212,56
5.261,50
5.261,51
5.262,55
5.161,52
5.262,56
5.261,52
5.211,51
5.26,42
5.265,33
5.166,24
,
,
,
,
,
,
,
,
,
,
,
,
,
,
,
,
,
,
,
,
,
,
,
,
,
,
,
,
,
,
,
,
,
,
,
,
,
,
,
,
,
,
,
,
,
,
,
,
,
5.164,34
5.212,53
5.211,52
5.262,54
5.264,58
5.161,49
5.16,43
,
,
,
,
,
,
5.262,22
5.267,30
5.26,39
5.26,40
5.26,38
5.312,40
5.359,40
5.264,36
5.315,32
5.17,27
,
,
,
,
,
,
,
,
,
,
,
,
,
,
,
,
,
,
,
,
,
,
,
,
,
,
,
,
,
,
,
,
,
,
,
,
,
,
,
,
,
,
,
,
,
,
,
,
,
,
,
,
,
,
5.669,26
5.664,32
5.559,38
5.659,41
5.559,41
5.659,39
5.661,36
5.569,27
,
,
,
,
,
5.463,23
5.517,29
5.566,30
5.539,13
,
,
,
,
,
,
,
,
,
,
,
,
,
,
,
,
,
,
5.567,25
5.463,34
5.659,41
5.559,41
5.51,50
5.56,47
5.559,44
5.561,56
5.562,65
5.564,68
5.564,68
5.57,72
5.571,73
5.621,73
5.676,76
5.574,75
5.518,71
5.512,60
5.561,59
5.662,66
5.662,65
5.662,60
5.661,57
5.661,59
5.661,55
5.61,51
5.609,43
5.664,32
5.619,26
5.641,15
,
,
,
,
,
,
,
,
5.468,28
5.561,44
5.666,32
,
,
5.667,25
5.569,26
5.443,19
,
,
,
,
5.459,42
5.563,59
5.663,67
5.672,72
5.662,64
5.66,46
5.61,37
5.461,36
5.46,47
5.561,53
5.56,51
5.559,40
5.519,27
5.468,28
5.409,39
5.359,38
5.41,37
5.464,33
5.515,31
5.513,36
5.56,47
5.559,44
5.46,51
5.509,41
5.459,39
5.559,38
5.66,46
5.612,61
5.662,65
5.662,64
5.662,61
5.661,53
5.561,36
,
,
,
,
,
,
,
,
,
,
,
,
,
,
,
,
,
,
,
,
,
,
,
,
,
,
,
,
,
,
,
,
,
,
,
,
,
,
,
,
,
,
,
,
,
,
,
,
,
,
,
,
,
,
,
,
,
,
,
,
,
,
,
,
,
,
,
,
,
,
,
,
,
,
,
,
,
,
,
,
,
,
,
,
,
,
,
,
,
,
,
,
,
,
,
,
,
,
,
,
,
,
,
,
,
,
,
,
,
,
,
,
,
,
,
,
,
,
,
,
,
,
,
,
,
,
,
,
,
,
,
,
,
,
,
,
,
,
,
,
,
,
,
,
,
,
,
,
,
,
,
,
,
,
,
,
,
,
,
,
,
,
,
,
,
,
,
,
,
,
,
,
,
,
,
,
,
,
,
,
,
,
,
,
,
,
,
,
,
,
,
,
,
,
,
,
,
,
,
,
,
,
,
,
,
,
,
,
,
,
,
,
,
,
,
,
,
,
,
,
,
,
,
,
,
,
,
,
,
,
,
,
,
,
,
,
,
,
,
,
,
,
,
,
,
,
,
,
,
,
,
,
,
,
,
,
,
,
,
,
,
,
,
,
,
,
,
,
,
,
,
,
,
,
,
,
,
,
,
,
,
,
,
,
-99999999,
,
,
,
,
,
,
,
,
,
,
,
,
,
,
,
,
,
,
,
,
,
,
,
,
,
,
,
,
,
,
,
,
,
,
,
,
,
,
,
,
,
,
,
,
,
,
,
,
,
,
,
,
,
,
,
,
,
,
,
,
,
,
,
,
,
,
,
,
,
,
,
,
,
,
,
,
,
,
,
,
,
,
,
,
,
,
,
,
,
,
,
,
,
,
,
,
,
,
,
,
,
,
,
,
,
,
,
,
,
,
,
,
,
,
,
,
,
,
,
,
,
,
,
,
,
,
,
,
,
,
,
,
,
,
,
,
,
,
,
,
,
,
,
,
,
,
,
,
,
,
,
,
,
,
,
,
,
,
,
,
,
,
,
,
,
,
,
,
,
,
,
,
,
,
,
,
,
,
,
,
,
,
,
,
,
,
,
,
,
,
,
,
,
,
,
,
,
,
,
,
,
,
,
,
,
,
,
,
,
,
,
,
,
,
,
,
,
,
,
,
,
,
,
,
,
,
,
,
,
,
,
,
,
,
,
,
,
,
,
,
,
,
,
,
,
,
,
,
,
,
,
,
,
,
,
,
,
,
,
,
,
,
,
,
,
,
,
,
,
,
,
,
,
,
,
,
,
,
,
,
,
,
,
,
,
,
,
,
,
,
,
,
,
,
,
,
,
,
,
,
,
,
,
,
,
,
,
,
,
,
,
,
,
,
,
,
,
,
,
,
,
,
,
,
,
,
,
,
,
,
,
,
,
,
,
,
,
,
,
,
,
,
,
,
,
,
,
,
,
,
,
,
,
,
,
,
,
,
,
,
,
,
,
,
,
,
,
,
,
,
,
,
,
,
,
,
,
,
,
,
,
,
,
,
,
,
,
,
,
,
,
,
,
,
,
,
,
,
,
,
,
,
,
,
,
,
,
,
,
,
,
,
,
,
,
,
,
,
,
,
,
,
,
,
,
,
,
,
,
,
,
,
,
,
,
,
,
,
,
,
,
,
,
,
,
,
,
,
,
,
,
,
,
,
,
,
,
,
,
,
,
,
,
,
,
,
,
,
,
,
,
,
,
,
,
,
,
,
,
,
,
,
,
,
,
,
,
,
,
,
,
,
,
,
,
,
,
,
,
,
,
,
,
,
,
,
,
,
,
,
,
,
,
,
,
,
,
,
,
,
,
,
,
,
,
,
,
,
,
,
,
,
,
,
,
,
,
,
,
,
,
,
,
,
,
,
,
,
,
,
,
,
,
,
,
,
,
,
,
,
,
,
,
,
,
,
,
,
,
,
,
,
,
,
,
,
,
,
,
,
,
,
,
,
,
,
,
,
,
,
,
,
,
,
,
,
,
,
,
,
,
,
,
,
,
,
,
,
,
,
,
,
,
,
,
,
,
,
,
,
,
,
,
,
,
,
,
,
,
,
,
,
,
,
,
,
,
,
,
,
,
,
,
,
,
,
,
,
,
,
,
,
,
,
,
,
,
,
,
,
,
,
,
,
,
,
,
,
0.208,18
,
,
,
,
,
,
,
,
,
,
,
,
,
,
,
,
,
,
,
,
,
,
,
,
,
,
,
,
,
,
,
,
,
,
,
,
,
,
,
,
,
,
,
,
,
,
,
,
,
,
,
,
,
,
,
,
,
,
,
,
,
,
,
,
,
,
,
,
,
,
,
,
,
,
,
,
,
,
,
,
,
,
,
,
,
,
,
,
,
,
,
,
,
,
,
,
,
,
,
,
,
,
,
,
,
,
,
,
,
,
,
,
,
,
,
,
,
,
,
,
,
,
,
,
,
,
,
,
,
,
,
,
,
,
,
,
,
,
,
,
,
,
,
,
,
,
,
,
,
,
,
,
,
,
,
,
,
,
,
,
,
,
,
,
,
,
,
,
,
,
,
,
,
,
,
,
,
,
,
,
,
,
,
,
,
,
,
,
,
,
,
,
,
,
,
,
,
,
,
,
,
,
,
,
,
,
,
,
,
,
,
,
,
,
,
,
,
,
,
,
,
,
,
,
,
,
,
,
,
,
,
,
,
,
,
,
,
,
,
,
,
,
,
,
,
,
,
,
,
,
,
,
,
,
,
,
,
,
,
,
,
,
,
,
,
,
,
,
,
,
,
,
,
,
,
,
,
,
,
,
,
,
,
,
,
,
,
,
,
,
,
,
,
,
,
,
,
,
,
,
,
,
,
,
,
,
,
,
,
,
,
,
,
,
,
,
,
,
,
,
,
,
,
,
,
,
,
,
,
,
,
,
,
,
,
,
,
,
,
,
,
,
,
,
,
,
,
,
,
,
,
,
,
,
,
,
,
,
,
,
,
,
,
,
,
,
,
,
,
,
,
,
,
,
,
,
,
,
,
,
,
,
,
,
,
,
,
,
,
,
,
,
,
,
,
,
,
,
,
,
,
,
,
,
,
,
,
,
,
,
,
,
,
,
,
,
,
,
,
,
,
,
,
,
,
,
,
,
,
,
,
,
,
,
,
,
,
,
,
,
,
,
,
,
,
,
,
,
,
,
,
,
,
,
,
,
,
,
,
,
,
,
,
,
,
,
,
,
,
,
,
,
,
,
,
,
,
,
,
,
,
,
,
,
,
,
,
,
,
,
,
,
,
,
,
,
,
,
,
,
,
,
,
,
,
,
,
,
,
,
,
,
,
,
,
,
,
,
,
,
,
,
,
,
,
,
,
,
,
,
,
,
,
,
,
,
,
,
,
,
,
,
,
,
,
,
,
,
,
,
,
,
,
,
,
,
,
,
,
,
,
,
,
,
,
,
,
5.011,38
4.962,49
4.864,56
4.866,67
4.775,72
4.778,74
4.879,76
4.793,80
4.812,84
4.816,85
4.793,80
4.788,79
4.848,81
4.798,81
4.788,79
4.788,79
4.874,73
4.833,78
4.838,79
4.784,78
4.874,73
4.778,74
4.775,72
4.876,74
4.776,73
4.77,69
4.822,71
4.768,67
4.768,67
4.767,65
4.816,60
4.766,55
4.766,56
4.766,57
4.864,57
4.914,59
4.865,62
4.964,64
4.866,67
4.965,67
4.876,74
4.879,76
4.782,77
4.828,75
4.808,83
4.897,81
4.793,80
4.798,81
4.779,75
4.677,73
4.478,71
4.176,64
4.176,67
4.176,67
4.276,68
4.275,67
4.176,66
4.077,62
3.983,70
4.038,74
3.99,75
4.035,72
4.038,74
4.08,69
4.077,66
4.079,68
4.178,69
4.288,76
4.579,73
4.784,78
4.868,69
4.873,72
4.572,68
4.08,69
4.135,73
4.103,80
4.108,81
4.143,78
4.092,77
4.091,76
4.089,75
4.082,70
4.085,72
4.079,68
4.126,61
4.274,63
4.57,63
4.772,70
4.773,71
4.575,70
4.277,69
4.183,72
4.485,76
4.717,85
4.892,80
4.897,81
4.798,81
4.887,79
4.887,79
4.897,81
4.803,82
4.803,82
4.784,78
4.892,80
4.915,85
4.837,89
4.634,88
4.62,85
4.705,82
4.668,85
4.754,82
4.732,77
4.685,77
4.739,79
4.7,81
4.788,79
4.709,83
4.709,83
4.709,83
4.612,83
4.612,83
4.548,80
4.498,80
4.387,76
4.337,76
4.387,76
4.384,74
4.482,74
4.685,78
4.782,77
4.798,81
4.782,77
4.808,83
4.887,79
4.819,69
4.818,68
4.769,68
4.772,70
4.776,73
4.821,70
4.776,73
4.775,72
4.778,74
4.778,74
4.769,68
4.766,56
4.715,46
4.665,41
,
,
,
4.35,14
4.272,37
4.272,49
4.372,57
4.274,60
4.323,57
4.322,47
4.317,21
,
,
,
,
3.983,25
4.076,57
4.08,69
4.083,71
4.176,64
4.276,68
4.274,65
4.274,64
4.273,53
4.272,37
4.375,33
4.372,57
4.422,63
4.379,71
4.288,76
4.28,71
4.181,71
4.126,64
4.174,46
4.079,33
3.977,22
3.886,27
3.882,31
3.98,33
3.886,26
3.906,11
,
,
,
2.755,16
2.681,28
2.62,37
2.671,45
2.567,41
2.671,44
2.674,36
2.678,31
2.578,27
2.574,30
2.569,22
,
,
2.674,36
2.673,51
2.778,53
2.777,46
2.779,35
,
,
,
,
2.835,30
2.88,45
3.484,61
3.885,71
3.987,73
3.09,66
2.888,70
2.883,61
2.934,59
3.09,60
2.882,56
2.726,53
2.674,55
2.725,49
2.778,54
2.778,59
3.04,63
3.09,66
3.189,64
3.189,65
3.29,69
3.29,69
3.289,68
3.29,69
3.244,71
3.289,68
3.241,69
3.29,69
3.295,72
3.293,71
3.29,69
3.29,69
3.387,68
3.289,68
3.238,62
3.286,57
3.287,60
3.287,66
3.192,69
3.189,62
2.935,65
2.883,62
2.881,50
2.882,54
2.882,57
2.882,54
2.882,58
2.934,58
2.882,54
2.934,59
2.934,55
2.986,57
2.986,58
2.883,61
2.883,63
2.934,58
2.986,58
2.986,58
2.986,56
2.986,55
2.986,54
3.089,56
3.04,62
3.04,61
3.096,71
2.996,72
3.101,74
2.997,73
2.892,72
2.791,75
2.489,79
2.499,81
4.207,81
4.212,82
4.207,81
2.481,76
2.684,73
2.572,68
2.467,67
2.428,76
2.368,71
2.312,68
2.267,73
2.275,78
2.377,77
2.269,74
2.257,65
2.256,55
2.31,62
2.361,59
2.256,54
2.256,55
2.307,50
2.361,59
2.362,61
2.362,63
2.362,61
2.257,63
2.31,65
2.257,61
2.31,63
2.257,64
2.257,62
2.153,64
2.257,62
2.152,58
2.049,55
2.152,58
2.05,63
2.05,60
2.049,59
2.05,60
2.05,61
2.05,60
2.05,65
1.998,64
2.05,63
2.05,65
2.051,67
2.05,65
2.05,65
2.05,65
2.05,66
1.998,65
2.05,65
2.05,61
1.998,64
1.947,65
2.05,66
2.05,66
1.947,61
2.05,63
1.947,60
2.05,61
1.946,58
1.997,57
1.947,62
1.946,57
1.997,58
1.947,61
2.05,63
1.947,62
2.05,65
2.05,63
2.05,62
2.05,61
2.152,59
2.153,61
2.153,62
2.257,61
2.362,66
2.367,70
2.364,68
2.153,64
1.743,62
1.54,62
1.539,57
1.438,61
1.539,55
1.539,56
1.438,62
1.438,63
1.438,63
1.337,66
1.337,66
1.339,68
1.338,67
1.337,63
1.337,66
1.337,66
1.337,66
1.235,64
1.236,67
1.235,66
1.235,65
1.345,72
1.24,70
1.292,71
1.342,70
1.246,74
1.352,77
1.241,71
1.244,73
1.352,77
1.301,77
1.351,76
1.247,75
1.346,73
1.262,80
1.354,78
1.359,79
1.346,73
1.246,74
1.292,71
1.349,75
1.34,69
1.338,67
1.337,64
1.337,60
1.437,57
1.336,57
1.386,57
1.437,57
1.437,57
1.438,62
1.437,57
1.437,55
1.539,53
1.691,54
1.946,59
1.998,62
2.101,64
2.153,64
2.153,64
2.153,66
2.101,60
2.153,63
2.153,60
2.153,65
2.204,58
2.204,55
2.256,57
2.362,60
2.309,56
2.256,55
2.309,54
2.361,55
2.256,56
2.361,59
2.309,53
2.36,49
2.255,52
2.361,55
2.256,56
2.361,53
2.36,51
2.413,55
2.465,58
2.362,60
2.361,57
2.361,59
2.413,58
2.413,57
2.362,63
2.361,58
2.362,61
2.361,58
2.256,58
2.256,58
2.257,60
2.152,55
2.151,51
2.152,53
2.1,55
2.049,56
2.049,58
2.048,52
2.048,50
2.152,58
2.152,57
2.256,57
2.256,56
2.203,52
2.256,56
2.256,54
2.152,54
2.204,56
2.255,51
2.255,51
2.361,56
2.256,59
2.307,51
2.256,56
2.254,45
2.255,47
2.152,54
1.996,47
1.945,51
1.844,57
1.132,54
1.081,56
0.929,52
1.029,49
1.03,54
0.929,49
0.98,53
1.029,50
1.029,51
0.98,54
1.03,54
0.93,54
0.93,59
0.93,57
0.93,53
0.93,57
0.929,51
0.929,50
0.98,54
1.029,48
1.028,40
1.13,43
0.98,54
0.929,51
0.929,50
0.879,52
0.828,43
0.829,47
0.829,46
0.879,52
0.929,47
0.829,50
0.88,53
0.83,58
0.829,50
0.879,51
0.929,47
0.928,44
1.028,44
1.029,48
1.132,54
1.131,47
1.233,48
1.233,48
1.233,48
1.13,45
1.13,41
1.13,42
1.029,46
1.029,50
1.029,46
1.03,58
1.133,66
1.144,74
1.247,75
1.247,75
1.252,78
1.189,70
1.247,75
1.192,72
1.15,78
1.217,81
1.188,86
1.18,84
1.286,85
1.171,82
1.211,80
1.25,77
1.141,72
1.145,75
1.171,82
1.211,90
1.274,92
4.048,89
4.054,80
3.995,78
4.005,80
4.086,73
4.079,68
4.078,67
4.076,55
4.177,68
4.181,71
4.274,63
4.124,47
4.078,67
4.08,69
4.079,68
3.978,66
3.978,62
3.977,56
3.977,57
4.077,61
4.085,72
4.08,69
4.08,69
4.08,69
4.088,74
4.088,74
4.089,75
4.094,78
4.091,76
4.083,71
4.035,72
4.082,70
4.077,61
3.977,54
4.075,49
3.934,29
3.955,16
,
,
,
4.228,31
4.175,54
4.176,65
4.089,75
4.069,83
4.02,83
3.989,74
4.077,65
3.975,41
,
3.193,30
3.186,41
3.089,54
3.089,58
3.09,63
3.09,63
3.101,74
3.096,71
3.099,73
3.091,67
3.092,68
3.04,64
3.09,66
3.189,60
3.039,59
2.986,56
3.088,49
3.186,39
3.186,40
2.985,51
3.089,55
3.189,63
3.09,61
3.09,60
3.089,58
3.287,63
3.484,65
3.682,66
3.78,64
3.681,57
3.779,56
3.681,53
3.779,58
3.778,52
3.778,49
3.779,57
3.779,55
3.778,52
3.73,54
3.779,58
3.681,53
3.73,57
3.631,57
3.583,61
3.484,64
3.435,62
3.286,57
3.286,53
3.285,49
3.285,46
3.186,42
3.039,36
2.994,28
,
2.882,36
3.089,55
2.996,72
2.969,81
3.049,87
3.055,88
4.307,91
4.372,94
4.362,92
4.277,95
4.263,92
4.207,81
4.437,88
4.48,96
4.48,96
4.418,84
4.443,89
4.461,92
6.672,75
6.678,78
5.439,90
5.383,89
5.327,76
5.374,75
5.379,78
5.494,81
5.512,85
5.484,79
5.368,71
5.371,73
5.417,70
5.722,74
6.176,78
5.96,85
5.743,81
5.892,81
6.181,79
5.925,77
5.465,69
5.313,66
5.263,66
5.263,63
5.368,71
5.365,69
5.318,70
5.363,67
5.269,71
5.327,76
5.274,74
5.373,74
5.335,79
5.373,74
5.376,76
5.34,80
5.404,83
5.379,78
5.377,77
5.277,76
5.29,80
5.3,82
5.19,80
5.08,78
5.08,78
5.069,71
5.162,59
5.261,37
,
,
5.369,27
5.361,58
5.37,72
2.718,83
2.731,86
2.627,86
2.577,71
2.57,64
2.625,68
2.622,66
2.675,63
2.676,67
2.675,65
2.675,65
2.675,64
2.676,67
2.622,63
2.675,64
2.677,68
2.675,65
2.677,68
2.675,65
2.675,65
2.675,65
2.675,65
2.675,62
2.675,63
2.675,65
2.622,63
2.675,64
2.675,61
2.675,62
2.674,53
2.674,54
2.673,52
2.673,51
2.777,48
2.673,51
2.674,53
2.726,54
2.674,59
2.674,58
2.675,64
2.675,64
2.622,66
2.675,63
2.675,66
2.57,62
2.675,62
2.622,61
2.569,58
2.675,62
2.569,59
2.622,61
2.518,60
2.517,59
2.57,60
2.621,59
2.517,58
2.465,58
2.569,59
2.569,58
2.57,64
2.57,66
2.57,64
2.675,61
2.727,61
2.675,65
2.779,62
2.779,61
2.865,91
2.767,92
5.2,82
5.195,81
5.177,76
2.911,80
2.802,79
2.835,86
2.742,88
2.618,84
2.57,63
2.57,63
2.622,60
2.622,62
2.675,65
2.57,62
2.622,66
2.57,65
2.518,66
2.675,65
2.624,67
2.674,59
2.675,62
2.683,72
2.708,81
2.557,82
2.609,82
2.67,84
5.295,81
5.274,74
5.164,67
5.163,62
5.265,68
5.164,67
5.272,73
6.081,79
4.69,79
4.7,81
4.578,72
4.587,78
4.629,87
4.738,89
6.475,77
6.209,65
6.159,62
5.963,69
5.882,79
5.775,76
5.629,78
5.683,79
5.576,76
5.494,81
5.384,79
5.278,77
5.272,73
5.169,71
5.115,68
5.169,71
5.268,70
5.676,76
5.875,77
5.987,80
6.105,84
6.067,72
6.068,73
6.07,74
6.074,77
6.209,85
4.565,93
4.652,91
4.664,93
4.634,88
4.478,71
4.472,66
4.473,67
4.422,66
4.422,66
4.478,71
4.482,74
4.486,77
4.482,74
4.482,74
4.478,71
4.4,80
4.676,72
4.616,84
4.503,81
4.422,63
4.48,73
4.436,76
4.439,78
4.388,77
4.444,79
4.485,76
4.478,71
4.472,66
4.474,68
4.472,65
4.471,54
4.471,56
4.519,37
,
,
,
,
,
4.409,20
4.271,45
4.471,58
4.381,72
4.478,71
4.472,66
4.471,56
4.567,40
4.465,21
,
,
,
4.261,20
4.372,36
4.37,41
4.644,18
,
,
,
,
,
,
,
,
,
4.47,37
4.471,55
4.473,67
4.43,72
4.437,77
4.384,74
4.388,77
4.428,71
4.373,64
4.372,57
4.421,55
4.52,36
4.576,28
4.57,63
4.579,73
4.52,59
,
,
,
,
,
,
,
,
,
,
,
,
9.574,22
,
,
,
,
,
,
,
,
,
,
,
,
,
,
,
,
,
,
,
,
,
,
,
,
,
,
,
,
,
,
,
,
,
,
,
,
,
,
,
,
,
,
,
,
,
,
,
,
,
,
,
,
,
,
,
,
,
,
,
,
,
,
,
,
,
,
,
,
,
9.35,15
,
,
9.451,16
9.37,43
9.227,29
9.48,28
9.477,24
9.472,37
9.37,42
9.37,38
9.371,37
9.378,29
9.652,17
,
9.476,32
,
,
,
,
,
,
,
,
,
,
,
,
,
,
,
,
,
,
,
,
,
,
,
,
,
,
,
,
,
,
,
,
,
,
,
,
,
,
,
,
,
,
,
,
,
,
,
,
,
,
,
,
,
,
9.451,16
9.373,35
9.474,35
9.421,39
9.37,43
9.37,42
9.471,42
9.471,41
9.372,36
9.37,38
9.431,27
,
,
,
,
,
,
,
,
,
,
,
,
,
,
,
,
,
,
,
,
,
,
,
,
,
,
,
,
,
,
,
,
,
,
,
,
,
,
9.35,17
,
,
,
,
9.451,13
9.378,25
9.477,31
,
,
,
9.401,17
9.428,30
9.472,37
9.37,43
9.471,44
9.471,43
9.37,41
9.372,55
9.423,58
9.372,58
9.423,54
9.472,51
9.572,45
9.471,41
9.471,40
9.37,38
9.472,37
9.378,29
,
,
,
,
,
,
,
,
,
,
,
,
,
,
,
,
,
,
,
,
,
,
,
,
,
,
,
,
,
,
,
,
,
,
,
,
,
,
,
,
,
,
,
,
,
,
,
,
,
,
,
,
,
,
,
,
,
,
,
,
,
,
,
,
,
,
,
,
,
,
,
,
,
,
,
,
,
,
,
,
,
,
,
,
,
,
,
,
,
,
,
,
,
,
,
,
,
,
,
,
,
,
,
,
,
,
,
,
,
,
,
,
,
,
,
,
,
,
,
,
,
,
,
,
,
,
,
,
,
,
3.091,23
2.985,37
2.985,50
2.985,51
3.038,51
3.088,52
3.088,49
3.097,26
,
,
,
,
,
,
,
,
,
,
,
-99999999,
,
,
,
,
,
,
,
,
,
,
,
,
,
,
,
,
,
,
,
,
,
,
,
,
,
,
,
,
,
8.947,13
8.856,20
8.977,27
9.068,44
9.17,51
9.12,54
9.171,58
9.12,58
9.172,61
9.272,62
9.173,67
2.829,48
2.673,52
2.779,61
2.781,68
2.779,66
2.886,69
2.937,68
2.941,70
2.834,69
2.778,58
9.288,77
9.281,72
9.186,76
9.183,74
9.233,74
2.881,52
2.778,59
2.78,67
2.883,63
2.882,58
9.284,74
9.186,76
9.175,69
9.279,71
9.183,74
9.133,75
9.18,72
9.172,65
9.073,68
9.121,64
9.172,61
9.071,61
9.12,57
9.171,54
9.072,67
8.97,64
8.869,65
8.768,63
8.771,68
8.718,63
2.882,59
3.091,67
2.935,65
2.99,68
2.888,70
3.002,76
2.994,71
2.997,73
2.988,65
2.779,63
8.469,69
8.468,68
8.472,71
8.466,66
8.475,73
8.469,69
8.469,69
8.478,75
8.525,72
8.481,77
8.48,76
8.578,74
8.471,70
8.474,72
8.568,67
8.516,62
8.565,51
8.564,38
8.572,29
8.52,31
8.467,34
8.471,25
,
8.566,36
8.614,42
8.665,43
8.564,41
8.473,27
8.543,18
,
,
,
,
,
,
,
,
,
,
8.824,25
8.875,28
8.876,26
8.868,36
8.675,26
8.661,21
8.765,38
8.766,49
8.767,57
2.779,61
2.883,64
2.791,75
2.896,75
8.578,74
8.567,61
8.565,52
8.564,42
8.666,46
8.565,51
8.666,49
8.565,51
8.565,46
8.564,43
3.383,47
3.385,64
3.396,74
3.192,69
3.09,62
2.673,51
2.568,47
2.568,37
8.418,68
8.28,76
4.197,79
4.176,66
2.465,36
2.464,37
2.464,48
2.569,53
3.286,57
3.337,66
3.388,69
3.544,74
3.592,73
3.595,75
3.153,76
2.78,67
2.675,64
2.684,73
2.582,74
2.593,79
2.632,87
2.812,81
2.566,84
2.604,81
2.684,73
2.677,68
2.568,52
2.569,53
2.62,47
2.569,55
2.673,52
2.517,58
2.569,54
2.517,59
2.57,63
2.57,66
2.625,68
4.381,72
2.628,70
4.324,66
4.273,56
2.569,58
2.465,55
2.569,56
2.621,56
2.568,48
2.569,53
2.621,57
2.569,58
2.569,56
2.674,59
2.62,51
2.569,57
2.568,50
2.62,52
2.673,51
4.274,62
4.274,65
4.277,69
4.279,70
4.289,77
4.306,81
4.289,77
4.388,77
4.285,74
4.387,76
4.329,71
8.818,59
3.879,64
3.906,80
3.901,79
3.906,80
3.894,77
8.869,63
8.868,56
8.768,60
8.869,61
8.821,68
8.727,73
8.599,81
8.676,72
8.819,64
8.869,62
8.872,69
8.869,64
3.583,62
3.598,77
3.579,84
3.55,78
3.605,79
3.636,86
3.727,84
3.628,84
3.516,81
3.498,76
3.49,71
3.339,68
3.192,69
3.101,74
3.153,76
3.298,74
3.302,77
3.181,83
2.951,77
2.79,74
2.727,63
2.674,59
2.778,57
2.779,61
8.774,70
2.57,64
2.755,80
2.749,89
2.645,79
2.583,75
2.684,73
2.687,75
2.577,71
2.802,79
5.046,91
2.957,89
2.872,92
2.878,93
2.81,101
2.905,99
2.638,88
2.676,67
2.779,63
8.878,87
5.075,97
5.043,101
5.096,102
5.005,104
5.008,105
5.008,105
4.895,101
4.877,97
4.864,94
4.825,87
4.816,85
4.726,73
8.774,70
8.825,71
8.869,65
8.87,67
8.771,68
8.774,70
8.877,72
8.878,73
8.783,76
8.78,74
3.588,70
3.614,81
3.632,85
3.653,89
3.636,86
3.665,91
3.628,84
3.698,78
4.06,91
4.093,98
4.196,99
4.085,96
4.092,88
3.992,76
3.916,82
3.949,89
3.981,95
4.015,103
3.981,95
3.999,99
4.054,90
4.042,77
4.118,83
4.122,84
3.984,71
8.768,61
8.868,57
4.669,67
4.685,78
4.705,82
4.612,83
4.607,82
4.602,81
4.587,78
4.378,70
3.977,59
3.779,57
3.778,46
3.78,35
,
,
,
,
,
,
,
,
,
,
,
,
,
,
,
,
,
,
,
,
,
,
,
,
,
,
,
,
,
,
,
,
,
,
,
,
,
,
,
,
,
,
,
,
,
,
,
,
,
,
,
,
,
,
4.273,22
4.173,38
4.273,53
4.174,51
4.274,62
4.176,65
4.184,73
4.186,74
4.239,76
4.192,78
4.189,76
4.19,77
4.183,72
4.178,69
4.176,60
4.173,38
4.223,50
4.174,51
4.173,45
,
,
,
,
,
,
,
,
,
,
,
,
,
,
,
,
,
,
,
,
,
,
4.074,39
4.077,61
4.079,68
4.175,57
4.176,23
,
,
,
,
,
,
,
,
,
,
,
,
,
,
,
,
,
,
,
,
,
,
,
,
,
,
,
,
,
,
,
,
,
,
,
4.766,22
4.818,33
4.766,22
4.77,24
,
,
,
,
,
,
,
,
,
,
,
,
,
,
,
,
,
,
,
,
4.552,19
4.666,49
4.667,58
4.667,57
4.666,48
,
,
,
,
,
,
,
,
,
,
,
4.567,39
4.568,50
4.668,64
4.67,68
4.718,67
4.863,52
8.968,47
8.867,51
8.919,58
8.868,56
8.868,55
8.868,59
8.867,52
8.868,53
8.969,55
8.97,63
8.97,60
8.872,69
8.869,65
8.97,63
8.97,63
8.869,61
8.97,62
8.97,65
8.97,64
8.972,68
8.929,73
8.978,72
8.979,73
8.979,73
8.883,76
8.981,74
8.985,77
8.979,73
8.878,73
8.973,69
8.926,71
8.877,72
8.875,71
8.875,71
8.928,72
8.981,74
8.884,77
8.878,73
8.874,70
8.875,71
8.884,77
8.881,75
8.883,76
8.781,75
8.781,75
8.796,80
8.783,76
8.723,70
8.671,69
8.677,73
8.575,72
8.623,71
8.671,69
8.677,73
8.618,67
8.671,69
8.62,69
8.626,73
8.673,70
8.677,73
8.575,72
8.572,70
8.676,72
8.674,71
8.578,74
8.623,71
8.679,74
8.682,76
8.68,75
8.683,77
8.78,74
8.676,72
8.784,77
8.685,78
8.676,72
8.781,75
8.671,69
8.676,72
8.668,66
8.573,71
8.677,73
8.668,66
8.671,69
8.67,68
8.679,74
8.673,70
8.68,75
8.778,73
8.733,77
8.676,72
8.679,74
8.781,75
8.619,68
8.671,69
8.671,69
8.677,73
8.723,70
8.67,68
8.668,65
8.671,69
8.669,67
8.568,67
8.668,64
8.567,65
8.617,64
8.567,62
8.567,66
8.616,59
8.668,60
8.667,57
8.566,58
8.465,59
8.465,59
8.567,62
8.465,56
8.465,53
8.566,57
8.464,51
8.464,48
8.363,49
8.363,50
8.464,52
8.464,52
8.515,53
8.465,53
8.515,55
8.566,54
8.466,60
8.466,61
8.465,56
8.466,61
8.466,61
8.465,59
8.466,62
8.516,63
8.566,58
8.465,56
8.465,53
8.567,61
8.566,59
8.566,57
8.566,59
8.465,58
8.465,58
8.515,57
8.465,56
8.465,58
8.465,53
8.465,56
8.465,53
8.514,52
8.566,54
8.465,53
8.363,50
8.363,47
8.463,40
8.564,44
8.463,42
8.463,40
8.362,45
8.363,47
8.464,49
8.464,52
8.566,57
8.566,54
8.466,60
8.466,62
8.567,60
8.567,60
8.566,59
8.566,59
8.668,63
8.567,61
8.668,61
8.617,60
8.717,58
8.668,60
8.768,60
8.768,64
8.668,61
8.667,56
8.566,58
8.565,46
8.667,36
8.621,30
8.519,32
8.668,35
8.671,31
8.57,31
8.671,24
,
,
,
,
,
,
,
,
,
,
,
,
,
,
,
,
8.866,40
8.766,50
8.818,56
8.869,62
8.819,64
8.768,61
8.718,65
8.718,65
8.768,65
8.768,60
8.869,64
8.869,60
8.768,66
8.768,65
8.768,60
8.767,58
8.768,66
8.768,64
8.668,63
8.771,68
8.768,62
8.767,59
8.767,59
8.768,63
8.767,59
8.869,61
8.718,64
8.768,60
8.767,59
8.768,61
8.768,60
8.768,62
8.768,62
8.768,64
8.768,62
8.768,62
8.819,65
8.775,71
8.871,68
8.869,63
8.768,63
8.768,65
8.771,68
8.878,73
8.768,65
8.774,70
8.677,73
8.771,68
8.772,69
8.768,62
8.867,52
8.767,57
8.768,62
8.768,61
8.767,58
8.768,60
8.818,59
8.768,61
8.768,60
8.667,56
8.667,55
8.767,54
8.767,59
8.666,50
8.666,52
8.766,52
8.766,46
8.767,56
8.766,50
8.766,50
8.766,51
8.767,55
8.767,53
8.868,59
8.767,53
8.767,57
8.768,66
8.869,66
8.774,70
8.777,72
8.729,74
8.781,75
8.786,78
8.784,77
8.783,76
8.74,79
8.676,72
8.673,70
8.783,76
8.74,79
8.791,79
8.777,72
8.775,71
8.78,74
8.825,71
8.87,67
8.923,69
8.97,65
8.97,64
8.97,61
8.97,61
8.868,57
8.868,56
8.867,51
8.868,56
8.818,59
8.869,62
8.768,63
8.768,60
8.766,49
8.766,49
8.715,42
8.867,49
8.767,53
8.817,52
8.767,54
8.866,41
8.821,33
8.869,35
8.868,54
6.81,54
8.868,55
8.818,55
8.867,52
8.868,55
8.868,59
8.869,63
6.767,71
6.819,72
6.87,73
6.826,77
6.776,77
6.826,77
6.872,74
6.878,78
6.92,73
6.872,74
7.027,77
7.122,74
7.068,71
7.074,75
6.972,74
6.969,72
6.922,74
6.87,73
6.873,75
6.967,71
6.861,63
6.76,53
,
,
,
,
,
,
,
,
,
,
,
,
,
,
,
,
,
,
,
,
,
,
,
,
,
,
,
,
,
,
,
,
,
,
,
,
,
,
,
,
,
,
,
,
,
,
,
,
,
,
,
,
,
,
,
,
,
,
,
,
,
,
,
,
,
,
,
,
,
,
,
,
,
,
,
,
,
,
,
,
,
,
,
,
,
,
,
,
,
,
,
,
,
,
,
,
,
,
,
,
,
,
,
,
,
,
,
,
,
,
,
,
,
,
,
,
,
,
,
,
,
,
,
,
,
,
,
,
,
,
,
,
,
,
,
,
,
,
,
,
,
,
,
,
,
,
,
,
,
,
,
,
,
,
,
,
,
,
,
,
,
,
,
,
,
,
,
,
,
,
,
,
,
,
,
,
,
,
,
,
,
,
,
,
,
,
,
,
,
,
,
,
,
,
,
,
,
,
,
,
,
,
,
,
,
,
,
,
,
,
,
,
,
,
,
,
,
,
,
,
,
,
,
,
,
,
,
,
,
,
,
,
,
,
,
,
,
,
,
,
,
,
,
,
,
,
,
,
,
,
,
,
,
,
,
,
,
,
,
,
,
,
,
,
,
,
,
,
,
,
,
,
,
,
,
,
,
,
,
,
,
,
,
,
,
,
,
,
,
,
,
,
,
,
,
,
,
,
,
,
,
,
,
,
,
,
,
,
,
,
,
,
,
,
,
,
,
,
,
,
,
,
,
,
,
,
,
,
,
,
,
,
,
,
,
,
,
,
,
,
,
,
,
,
,
,
,
,
,
,
,
,
,
,
,
,
,
,
,
,
,
,
,
,
,
,
,
,
,
,
,
,
,
,
,
,
,
,
,
,
,
,
,
,
,
,
,
,
,
,
,
,
,
,
,
,
,
,
,
,
,
,
,
,
,
,
,
,
,
,
,
,
,
,
,
,
,
,
,
,
,
,
,
,
,
,
,
,
,
,
,
,
,
,
,
,
,
,
,
,
,
,
,
,
,
,
,
,
,
,
,
,
,
,
,
,
,
,
,
,
,
,
,
,
,
,
,
,
,
,
,
,
,
,
,
,
,
,
,
,
,
,
,
,
,
,
,
,
,
,
,
,
,
,
,
,
,
,
,
,
,
,
,
,
,
,
,
,
,
,
,
,
,
,
,
,
,
,
,
,
,
,
,
,
,
,
,
,
,
,
,
,
,
,
,
,
,
,
,
,
,
,
,
,
,
,
,
,
,
,
,
,
,
,
,
,
,
,
,
,
,
,
,
,
,
,
,
,
,
,
,
,
,
,
,
,
,
,
,
,
,
,
,
,
,
,
,
,
,
,
,
,
,
,
,
,
,
,
,
,
,
,
,
,
,
,
,
,
,
,
,
,
,
,
,
,
,
,
,
,
,
,
,
,
,
,
,
,
,
,
,
,
,
,
,
,
,
,
,
,
,
,
,
,
,
,
,
,
,
,
,
,
,
,
,
,
,
,
,
,
,
,
,
,
,
,
,
,
,
,
,
,
,
,
,
,
,
,
,
,
,
,
,
,
,
,
,
,
,
,
,
,
,
,
,
,
,
,
,
,
,
,
,
,
,
,
,
,
,
,
,
,
,
,
,
,
,
,
,
,
,
,
,
,
,
,
,
,
,
,
,
,
,
,
,
,
,
,
,
,
,
,
,
,
,
,
,
,
,
,
,
,
,
,
,
,
,
,
,
,
,
,
,
,
,
,
,
,
,
,
,
,
,
,
,
,
,
,
,
,
,
,
,
,
,
,
,
,
,
,
,
,
,
,
,
,
,
,
,
,
,
,
,
,
,
,
,
,
,
,
,
,
,
,
,
,
,
,
,
,
,
,
,
,
,
,
,
,
,
,
,
,
,
,
,
,
,
,
,
,
,
,
,
,
,
,
,
,
,
,
,
,
,
,
,
,
,
,
,
,
,
,
,
,
,
,
,
,
,
,
,
,
,
,
,
,
,
,
,
,
,
,
,
,
,
,
,
,
,
,
,
,
,
,
,
,
,
,
,
,
,
,
,
,
,
,
,
,
,
,
,
,
,
,
,
,
,
,
,
,
,
,
,
,
,
,
,
,
,
,
,
,
,
,
,
,
,
,
,
,
,
,
,
,
,
,
,
,
,
,
,
,
,
,
,
,
,
,
,
,
,
,
,
,
,
,
,
,
,
,
,
,
,
,
,
,
,
,
,
,
,
,
,
,
,
,
,
,
,
,
,
,
,
,
,
,
,
,
,
,
,
,
,
,
,
,
,
,
,
,
,
,
,
,
,
,
,
,
,
,
,
,
,
,
,
,
,
,
,
,
,
,
,
,
,
,
,
,
,
,
,
,
,
,
,
,
,
,
,
,
,
,
,
,
,
,
,
,
,
,
,
,
,
,
,
,
,
,
,
,
,
,
,
,
,
,
,
,
,
,
,
,
,
,
,
,
,
,
,
,
,
,
,
,
,
,
,
,
,
,
,
,
,
,
,
,
,
,
,
,
,
,
,
,
,
,
,
,
,
,
,
,
,
,
,
,
,
,
,
,
,
,
,
,
,
,
,
,
,
,
,
,
,
,
,
,
,
,
,
,
,
,
,
,
,
,
,
,
,
,
,
,
,
,
,
,
,
,
,
,
,
,
,
,
,
,
,
,
,
,
,
,
,
,
,
,
,
,
,
,
,
,
,
14.865,23
14.862,47
14.866,32
,
14.957,21
14.841,13
,
,
,
,
,
,
,
,
,
,
,
,
,
,
,
,
,
,
,
,
,
,
14.817,31
14.867,31
14.863,36
14.762,37
14.812,52
14.863,53
14.861,45
14.762,49
14.762,51
14.862,49
14.862,49
14.863,53
14.862,46
14.863,57
14.811,45
14.812,47
14.863,55
14.863,55
14.863,54
14.861,44
14.764,35
14.867,24
,
,
,
,
,
,
,
,
,
,
,
,
,
,
,
,
,
,
,
,
,
,
,
,
,
,
,
8.974,30
8.967,39
9.02,60
9.019,58
9.071,64
9.071,64
9.076,70
8.975,70
9.076,70
9.082,74
9.085,76
9.103,81
8.982,75
9.085,76
8.978,72
9.072,67
8.972,68
9.127,71
9.02,62
9.076,70
9.073,68
8.918,48
15.784,79
8.868,58
9.071,63
9.074,69
9.079,72
9.127,71
9.002,81
9.093,79
9.113,83
9.187,77
9.133,75
9.13,73
9.083,75
9.076,70
9.073,68
8.987,78
9.103,81
9.071,85
9.025,86
8.979,73
9.029,72
9.088,78
9.083,75
9.323,85
9.323,85
9.048,80
8.982,75
8.919,59
-99999999,
9.018,51
9.018,47
9.07,53
9.171,55
9.172,65
9.178,71
9.093,79
9.189,78
9.295,79
9.076,70
9.076,70
9.071,65
8.97,65
8.981,74
8.981,74
9.113,83
9.079,72
9.221,58
15.295,81
15.221,96
15.246,91
15.245,81
15.274,74
9.385,75
9.284,74
9.279,71
9.374,67
9.276,69
9.31,82
9.183,74
9.35,90
9.344,89
9.284,74
9.204,81
9.218,84
9.35,90
9.209,82
9.218,84
9.184,97
9.294,99
9.303,101
9.36,103
9.31,103
9.259,103
9.247,100
9.267,93
13.418,94
13.291,89
13.266,84
13.307,82
13.414,84
13.414,84
13.48,97
13.445,90
13.467,94
9.394,99
9.317,105
9.306,102
9.306,102
9.18,96
9.214,83
9.187,77
9.184,75
9.234,75
9.186,76
9.3,80
9.186,76
9.295,79
9.29,78
9.254,81
9.327,86
9.295,79
9.372,94
9.231,73
9.282,73
9.272,66
9.271,56
9.069,50
9.373,65
15.19,90
15.195,81
15.762,65
15.834,79
9.171,58
9.121,63
9.016,84
9.082,74
9.29,78
9.294,89
9.226,86
9.305,81
9.086,77
9.183,74
9.374,67
9.373,61
9.373,63
9.375,68
9.474,64
9.482,72
9.435,74
9.381,72
9.476,68
9.373,63
9.474,65
9.474,62
9.474,60
9.424,62
9.376,69
9.385,75
9.388,77
9.328,70
9.272,61
9.373,62
9.373,60
9.527,68
9.476,68
9.483,73
9.483,73
9.488,76
9.476,68
9.387,76
9.483,73
9.48,71
9.425,67
9.479,70
9.482,72
9.424,64
9.373,66
9.373,65
9.384,74
9.337,76
9.384,74
9.426,68
9.429,70
9.485,74
9.39,78
9.39,78
9.39,78
9.401,80
9.388,77
9.411,82
9.395,79
9.338,77
9.385,75
9.338,77
9.334,74
9.401,80
9.284,74
9.385,75
9.39,78
9.395,79
9.488,76
9.385,75
9.479,70
9.382,73
9.355,81
9.305,81
9.401,80
9.388,77
9.388,77
9.335,75
9.401,80
9.093,79
9.086,77
9.278,70
9.284,74
9.279,71
9.177,70
9.174,68
9.275,68
9.274,67
9.285,75
9.295,79
9.279,71
9.23,72
9.281,72
8.97,65
8.979,73
8.88,74
8.881,75
8.978,72
9.172,61
9.279,71
9.173,67
9.224,68
9.272,66
9.272,63
9.22,48
15.768,71
15.762,63
15.762,63
15.762,62
15.761,58
15.762,64
15.762,66
15.761,59
9.37,45
9.27,49
9.271,55
9.172,61
9.172,63
9.071,66
9.076,70
8.976,71
8.973,69
8.981,74
8.942,79
8.924,86
9.093,79
9.385,75
9.537,75
9.433,73
8.877,72
8.874,70
8.922,68
9.272,64
9.325,68
9.271,56
9.118,38
9.068,41
9.171,36
15.663,67
15.662,63
15.662,66
15.767,70
15.663,67
15.712,66
15.762,62
15.762,64
15.761,55
15.762,62
15.763,67
15.764,68
15.667,70
15.72,72
9.069,46
9.069,50
9.069,49
8.967,41
15.667,70
9.222,62
9.275,68
9.282,73
9.209,82
9.209,82
9.172,66
9.172,63
9.071,66
9.079,72
9.08,73
9.071,66
9.172,63
9.071,63
9.071,62
9.071,63
9.172,66
9.121,61
9.172,66
9.177,70
9.295,79
9.231,87
9.327,86
9.382,73
9.12,58
8.767,57
8.972,68
8.97,65
8.97,65
15.263,65
15.362,56
15.362,54
15.461,48
15.46,43
15.56,49
15.66,52
15.56,50
15.56,50
15.661,53
15.659,45
8.969,55
8.979,73
8.979,73
8.976,71
8.979,73
8.976,71
8.869,65
8.947,80
8.947,80
8.897,80
8.874,70
8.969,53
9.12,58
9.264,83
9.338,88
9.237,88
9.326,95
9.289,98
9.385,97
9.255,91
9.03,73
8.973,69
9.073,68
9.073,68
9.074,69
9.175,69
9.13,73
9.222,85
9.249,90
9.205,91
9.205,91
9.199,80
9.186,76
9.177,70
9.172,61
9.172,66
9.173,67
9.071,66
9.071,62
9.221,55
9.071,60
9.171,58
15.385,79
8.969,54
9.079,72
9.173,67
9.073,68
9.071,62
8.97,66
9.174,68
9.18,72
9.237,77
9.186,76
8.88,74
8.841,79
8.986,98
9.344,99
9.161,92
9.085,76
9.098,80
9.188,98
9.398,100
9.327,86
9.35,90
12.579,72
9.319,84
9.433,87
9.243,89
12.721,85
9.451,90
9.401,90
9.486,97
9.449,100
9.407,102
9.389,98
9.413,92
9.323,85
9.288,77
9.287,76
9.234,75
9.295,79
9.239,78
9.285,75
9.373,85
9.344,89
9.457,91
9.473,94
9.463,92
9.368,93
9.473,94
9.401,90
9.451,90
9.451,90
9.445,89
9.338,88
9.369,84
9.355,81
9.332,73
9.285,75
9.29,78
9.236,76
9.287,76
9.285,75
9.279,71
9.279,71
9.282,73
9.29,78
9.3,90
9.35,90
9.368,93
9.368,93
9.362,92
9.356,91
9.295,79
9.344,89
9.255,91
9.388,88
9.416,83
9.388,88
9.474,85
9.474,85
9.356,91
9.35,90
9.362,92
9.368,93
9.323,85
9.315,83
9.332,87
9.338,88
9.362,92
9.362,92
9.249,90
9.3,90
9.35,90
9.362,92
9.344,89
9.368,93
9.368,93
9.344,89
9.323,85
9.463,92
9.495,99
9.469,93
9.451,90
9.478,86
9.451,90
9.546,89
9.574,94
9.583,96
9.482,96
9.439,88
9.534,87
9.501,80
9.489,88
9.52,84
9.516,83
9.558,91
9.49,98
9.596,99
9.628,95
9.57,93
9.552,90
9.596,99
9.533,96
9.57,93
9.653,90
9.507,91
9.501,90
9.305,81
9.172,66
9.174,68
9.175,69
9.227,70
9.278,70
9.335,75
9.285,75
9.282,73
9.175,69
9.181,73
9.177,70
9.228,71
9.29,78
9.439,88
9.489,88
9.583,96
9.591,98
9.614,92
9.628,95
9.6,100
9.578,95
9.477,95
9.574,94
9.578,95
9.537,97
9.486,97
9.463,92
9.578,95
9.501,90
9.528,95
9.574,94
9.511,103
9.541,98
9.427,95
9.44,98
9.423,94
9.457,91
9.356,91
9.376,95
9.338,88
9.439,88
9.457,91
9.323,85
9.327,86
9.345,79
9.315,83
9.35,80
9.395,79
9.355,81
9.31,82
9.36,82
9.457,91
9.457,91
9.57,93
9.42,84
9.433,87
9.477,95
9.552,90
9.457,91
9.534,87
9.546,89
9.482,96
9.578,95
9.495,89
9.439,88
9.411,82
9.42,84
9.501,80
9.39,78
9.395,79
9.439,77
9.47,84
9.411,82
9.495,89
9.524,85
9.524,85
9.406,81
9.411,82
9.382,73
9.387,76
9.485,74
9.43,71
9.39,78
9.388,77
9.39,78
9.384,74
9.491,78
9.496,79
9.438,76
9.501,80
9.406,81
9.416,83
9.401,80
9.433,73
9.546,89
9.522,106
9.486,97
9.49,98
9.482,96
9.473,94
9.57,93
9.477,95
9.564,92
13.024,86
13.066,84
13.124,86
13.284,76
13.368,61
13.467,57
9.675,64
9.776,67
9.683,72
9.684,73
9.684,73
9.687,75
9.737,75
9.784,72
9.712,82
9.742,78
9.808,81
9.707,81
9.692,78
9.822,84
9.717,83
9.813,82
9.79,76
9.752,80
9.684,73
9.69,77
9.74,88
9.721,84
9.818,83
9.818,83
9.689,76
9.767,83
9.697,79
9.813,82
9.707,81
9.652,80
9.739,76
9.697,79
9.808,81
9.69,77
9.818,83
9.83,86
13.285,77
13.17,66
13.27,66
13.269,59
13.27,60
13.367,59
13.269,59
13.169,55
13.268,37
13.276,28
,
12.948,11
13.117,44
13.167,42
13.068,37
13.075,25
13.072,32
13.217,39
13.267,41
13.067,42
13.218,52
13.22,61
13.269,59
13.17,66
13.132,75
13.084,76
13.087,78
13.084,76
12.986,77
13.085,77
12.974,69
13.07,63
13.068,50
13.067,44
13.067,45
13.067,40
13.047,15
,
,
,
,
9.853,16
10.075,43
10.077,57
9.982,70
10.182,86
10.249,99
10.39,97
10.237,87
10.237,87
10.361,91
10.32,83
12.871,63
12.874,69
12.971,60
12.97,59
12.871,64
12.893,79
12.898,80
10.411,102
10.403,100
10.277,94
10.19,75
9.991,76
9.888,75
9.914,82
9.989,75
10.037,87
10.099,99
10.04,97
9.909,81
9.893,78
9.898,79
10.136,96
9.993,98
9.957,101
9.935,96
9.835,87
9.808,81
9.868,83
9.942,77
10.019,83
10.043,77
9.994,78
10.155,90
10.144,98
10.199,99
10.29,97
10.281,95
10.273,93
10.227,94
10.294,98
10.203,100
10.281,95
10.173,93
10.255,90
10.377,94
10.265,82
10.193,77
10.084,71
10.086,72
10.084,71
10.087,73
10.139,74
10.187,73
10.183,70
10.079,67
10.179,67
10.079,67
10.183,70
10.078,66
10.136,72
10.031,69
10.081,69
10.087,73
10.084,71
10.205,80
10.2,79
10.22,83
10.343,88
10.149,89
10.061,91
10.19,97
10.186,96
10.131,95
10.286,96
10.308,101
10.249,99
10.219,104
10.299,99
10.161,91
10.042,76
9.992,77
9.992,77
10.093,77
10.128,85
10.037,87
10.143,88
10.317,92
10.224,84
10.083,70
10.087,73
9.914,82
9.687,75
9.586,74
9.584,73
9.788,75
10.115,82
10.242,76
10.25,79
10.09,75
10.305,90
10.308,101
7.975,97
8.072,96
7.958,93
8.117,95
8.067,95
8.026,97
7.979,98
8.053,92
8.076,97
8.022,96
8.168,95
8.005,83
8.023,87
8.023,87
8.029,88
7.928,88
7.984,99
8.109,93
7.913,85
7.909,84
10.06,81
10.078,85
10.161,91
10.199,89
10.132,86
10.132,86
10.132,86
10.149,89
10.155,90
10.255,90
10.261,91
10.267,92
10.167,92
10.177,94
10.267,92
10.205,90
10.117,92
10.223,93
10.177,94
10.161,91
10.161,91
10.155,90
10.128,85
10.049,89
10.032,86
10.037,87
9.973,84
9.949,79
10.055,90
10.027,85
10.232,86
10.215,82
10.236,72
10.187,73
10.193,77
10.24,75
10.237,73
10.249,89
10.394,98
10.308,101
10.361,102
10.303,100
10.186,96
10.19,97
10.094,98
9.985,96
10.073,93
10.167,92
10.277,94
10.281,95
10.255,90
10.261,91
10.182,86
10.192,76
10.195,78
10.195,78
10.239,74
10.187,73
10.181,69
10.093,77
9.988,74
10.09,75
10.09,75
10.189,74
10.18,68
10.179,67
9.882,71
9.686,74
9.884,96
10.199,99
10.199,99
10.153,100
10.249,99
10.181,95
10.117,92
9.989,75
9.991,76
10.027,85
10.055,90
10.022,93
9.998,89
9.966,92
9.966,92
10.055,90
9.972,93
10.061,91
9.966,92
9.96,91
9.998,89
9.942,88
10.055,90
9.98,95
9.96,91
10.049,89
9.96,91
10.049,89
10.087,87
9.909,81
9.994,78
9.988,74
9.986,73
10.032,86
10.177,94
10.186,96
10.173,93
10.161,91
10.208,101
10.29,97
10.422,105
8.173,96
8.142,90
8.047,91
7.928,88
8.014,85
8.029,88
7.908,93
8.014,85
8.053,92
7.952,92
7.885,79
7.822,87
7.94,80
8.014,85
7.972,87
8.053,92
8.053,92
8.035,89
7.834,89
7.958,93
7.928,88
7.946,91
8.076,97
7.979,98
7.979,98
8.008,93
8.008,93
8.035,89
8.014,85
7.934,89
7.8,82
7.813,85
7.813,85
7.913,85
7.917,86
7.913,85
7.895,81
7.905,83
7.905,83
8.018,86
7.9,82
7.871,72
8.014,85
7.984,89
8.063,94
8.08,98
8.094,101
8.097,102
8.094,101
7.917,86
8.014,85
9.822,84
10.093,77
10.143,88
10.123,93
10.032,86
10.12,83
10.019,83
10.043,88
7.966,95
7.94,90
7.922,87
10.036,72
9.989,75
8.242,90
7.996,102
8.108,105
8.112,106
8.101,103
8.007,105
7.954,104
7.884,99
8.027,110
8.407,117
8.254,92
8.122,72
8.014,66
7.935,79
8.053,92
8.08,98
8.023,109
8.023,109
9.784,96
8.118,86
8.129,88
8.086,79
8.029,77
7.978,77
8.073,73
8.173,96
8.271,108
9.501,90
9.564,92
9.52,84
9.03,87
9.164,83
9.136,88
9.092,89
9.237,88
9.298,100
7.984,99
8.023,109
8.062,106
7.946,102
7.993,101
8.016,107
8.031,111
8.035,112
8.042,114
8.031,111
10.053,100
9.758,91
9.332,87
9.305,81
9.259,82
9.214,83
9.168,84
9.204,81
9.222,85
9.176,86
9.194,79
9.209,82
9.186,76
9.285,75
9.285,75
9.287,76
9.791,77
10.3,79
10.305,80
10.32,83
10.365,82
10.278,85
10.205,80
10.349,89
10.373,93
10.249,89
10.361,91
10.27,83
10.349,89
10.237,87
10.282,86
10.228,85
10.255,80
10.415,82
10.461,91
10.467,92
10.349,89
10.455,90
10.461,91
14.355,92
12.548,90
12.499,90
12.525,86
12.542,89
12.566,93
12.56,92
12.566,93
12.554,91
12.629,96
12.56,92
12.566,93
12.536,88
12.409,82
12.409,82
12.364,83
12.331,87
12.314,83
12.337,88
12.289,78
12.204,81
12.15,90
12.261,92
12.231,87
12.409,82
12.603,81
12.613,83
12.603,81
12.671,85
12.603,81
12.667,84
12.613,83
12.621,85
12.725,86
12.621,66
10.993,78
11.117,83
11.117,83
11.042,78
11.102,80
11.125,85
11.146,89
11.125,85
11.117,83
11.134,87
11.134,87
11.107,81
11.112,82
11.147,79
11.102,80
11.083,72
11.283,72
12.43,72
12.472,65
12.571,62
12.621,85
11.178,95
12.648,90
11.102,80
11.134,87
11.146,89
11.067,83
11.092,78
10.998,79
11.022,84
11.018,83
11.008,81
11.026,85
11.013,82
11.003,80
11.112,82
11.152,90
11.179,86
12.682,74
12.583,75
12.632,74
12.486,76
12.209,82
12.226,86
12.305,91
12.56,92
12.518,84
12.418,84
12.542,89
12.449,90
12.522,85
12.43,72
12.474,68
12.381,73
12.487,77
12.484,75
12.43,72
12.437,77
12.477,70
12.384,75
12.536,88
12.583,97
12.604,91
12.57,94
12.536,88
12.548,90
12.56,92
12.522,85
12.536,88
12.53,87
12.554,91
12.461,92
12.566,93
12.422,85
12.483,74
12.484,75
12.487,77
12.383,74
12.43,72
12.473,67
12.489,78
12.536,88
12.449,90
12.53,87
12.472,85
12.414,83
12.194,79
12.218,84
12.199,80
12.294,79
12.218,84
11.778,86
11.59,98
11.57,84
10.903,80
10.89,76
10.908,81
11.026,85
11.545,89
11.733,87
11.533,87
10.842,88
10.731,86
10.688,74
10.732,70
10.739,75
10.739,75
10.759,81
10.754,80
10.794,78
10.709,81
10.688,74
10.78,69
10.779,68
10.782,70
10.879,69
10.789,75
10.789,75
10.788,74
10.783,71
10.78,69
10.738,74
10.791,76
10.78,69
10.782,70
10.733,71
10.792,77
10.789,75
10.789,75
10.788,74
10.785,72
10.789,75
10.786,73
10.849,79
10.785,72
10.735,72
10.592,77
10.683,71
10.677,66
10.809,81
10.799,79
10.694,78
10.872,93
10.893,98
10.754,90
10.731,86
10.731,86
10.748,89
10.736,87
10.723,84
10.664,82
10.727,85
10.714,82
10.731,86
10.71,91
10.766,92
10.698,89
10.742,88
10.698,89
10.731,86
10.736,87
10.742,88
10.742,88
10.723,84
10.627,85
10.766,92
10.742,88
10.71,91
10.731,86
10.723,84
10.78,95
10.802,100
10.914,103
10.964,103
10.875,106
10.91,102
10.843,98
10.907,101
10.91,102
10.929,107
10.886,109
10.707,101
10.76,102
10.81,102
10.802,100
10.78,95
10.921,105
10.914,103
10.979,107
10.932,108
10.81,102
10.914,103
10.902,100
10.789,97
10.843,98
10.793,98
10.807,101
10.81,102
10.907,101
10.798,99
10.914,103
10.766,92
10.544,78
10.52,83
10.515,82
10.672,93
10.916,92
10.997,99
10.831,86
10.76,91
10.823,84
10.73,69
10.682,70
10.679,68
10.676,59
10.676,57
10.676,58
10.676,59
10.677,65
10.727,62
10.677,60
10.577,65
10.539,75
10.505,80
10.49,75
10.68,69
10.778,67
10.777,65
10.782,70
10.68,69
10.794,78
10.809,81
10.804,80
10.759,81
10.704,80
10.699,79
10.723,84
10.694,78
10.719,83
10.704,80
10.694,78
10.714,82
10.759,81
10.731,86
10.727,85
10.714,82
10.742,77
10.742,77
10.739,75
10.791,76
10.785,72
10.779,68
10.505,80
10.47,83
10.47,83
10.489,74
10.727,63
10.677,63
10.677,63
10.626,54
10.675,47
10.725,48
10.674,43
10.574,40
10.576,56
10.576,59
10.626,56
10.675,50
10.676,56
10.676,59
10.677,60
10.678,67
10.677,65
10.677,66
10.39,75
10.292,76
10.22,83
10.21,81
10.292,76
10.487,73
10.636,87
10.723,84
10.689,75
10.636,87
10.754,90
10.785,96
10.735,96
10.461,91
10.343,88
10.186,72
10.189,74
10.105,80
10.182,86
10.5,79
10.627,85
10.669,83
10.511,91
10.49,97
10.432,86
10.324,84
10.424,84
10.816,92
10.885,96
10.736,87
10.736,87
10.631,86
10.484,71
10.495,78
10.392,76
10.386,72
10.305,80
10.585,96
10.593,98
13.202,81
13.085,77
12.993,79
13.12,85
12.414,83
12.703,81
13.021,85
13.102,81
13.202,81
13.202,81
13.216,84
13.224,86
13.22,85
13.107,82
13.12,85
13.102,81
13.017,84
12.603,81
12.522,85
13.185,88
13.202,81
13.141,89
13.008,82
13.042,79
12.982,74
13.085,77
13.192,79
13.182,75
13.192,79
13.107,82
10.699,79
12.998,80
10.39,75
10.395,78
10.614,82
10.619,83
10.577,85
10.528,85
10.52,83
10.536,87
10.536,87
10.536,87
10.548,89
10.52,83
10.487,87
10.52,83
10.577,85
10.528,85
10.499,89
10.524,84
10.432,86
10.428,85
10.343,88
10.449,89
10.361,91
10.349,89
10.461,91
10.449,89
10.432,86
10.554,80
13.084,76
13.034,76
13.085,77
13.084,76
13.081,74
13.081,74
13.082,75
13.084,76
13.147,80
13.082,75
13.052,81
13.037,78
12.993,79
12.998,80
13.013,83
12.775,86
12.426,86
12.522,85
12.713,83
12.83,87
12.936,88
12.449,90
12.61,92
8.991,99
9.037,98
9.096,100
9.07,94
9.03,87
9.036,88
9.079,96
9.149,90
11.638,76
11.696,79
11.683,73
11.689,77
11.788,76
11.824,85
12.237,88
9.079,96
9.175,95
9.193,99
9.096,100
9.079,96
9.142,99
9.096,100
9.096,100
9.092,99
9.079,96
8.959,92
8.924,86
9.03,87
11.606,81
11.624,85
11.62,84
11.507,81
11.528,86
11.596,79
11.711,82
11.591,78
11.656,81
12.717,84
12.875,86
12.948,90
12.771,85
12.948,90
13.041,89
13.12,85
13.107,82
9.096,100
9,101
9.007,103
9.029,96
9.003,91
9.066,93
8.969,94
8.982,97
9.087,98
8.986,98
8.991,99
9.07,94
9.037,98
9.092,99
9,101
9.126,108
9.115,105
8.978,96
9.06,92
9.083,97
9.083,97
9.08,87
11.786,75
11.701,80
11.685,74
11.583,73
11.586,75
11.646,79
11.628,86
11.656,81
11.701,80
11.611,82
11.706,81
11.733,87
9.171,94
9.06,92
9.137,98
9.092,99
9.101,101
9.096,100
9.197,100
9.161,92
9.222,85
9.187,88
9.121,85
9.063,83
9.026,70
8.978,72
8.875,71
8.979,73
8.878,73
8.937,78
8.976,71
8.928,72
8.982,75
8.972,68
9.079,72
9.225,69
8.997,90
8.783,76
8.723,70
8.907,82
9.012,83
12.227,70
8.316,60
8.569,68
8.466,66
8.478,75
8.599,81
8.526,87
8.645,90
12.173,67
12.172,66
12.172,66
12.175,69
12.172,64
12.172,63
11.982,72
11.838,76
11.839,77
11.901,80
11.901,80
11.896,79
11.791,78
11.811,82
11.824,85
11.796,79
11.711,82
11.751,80
11.901,80
11.888,76
11.882,72
11.979,70
11.876,68
11.974,65
11.975,67
11.974,64
11.974,62
11.974,63
11.974,62
11.974,62
11.974,64
11.974,66
11.777,69
11.791,78
11.782,72
11.976,68
8.17,70
8.171,71
8.179,76
8.073,73
8.174,73
8.041,80
8.106,83
8.009,84
9.574,94
8.387,99
8.287,99
8.186,99
8.236,99
8.287,99
8.278,97
8.254,92
8.219,86
8.169,86
8.079,77
8.064,63
8.017,69
8.136,79
8.091,80
8.029,88
8.11,84
7.975,75
8.025,74
8,82
8.269,95
8.269,95
8.299,91
8.078,76
8.091,80
8.125,74
8.174,73
8.075,74
8.117,69
8.173,72
8.131,78
8.187,79
8.298,81
7.995,81
7.985,79
8.18,77
8.079,77
8.114,85
8.174,87
8.073,73
8.123,73
8.23,88
8.192,80
8.202,82
8.229,76
8.197,81
8.319,95
8.26,93
8.254,92
8.341,100
8.282,98
8.374,96
8.299,91
8.278,97
8.282,98
8.264,94
8.269,95
8.26,93
8.282,98
8.337,99
8.346,101
8.26,93
8.324,96
8.324,96
8.311,93
8.387,99
8.387,99
8.382,98
8.365,94
8.365,94
8.443,90
8.394,90
8.369,95
8.449,91
8.425,87
8.278,75
8.288,79
8.32,86
8.325,87
8.27,86
8.257,83
8.114,85
8.192,80
8.197,81
8.211,84
8.197,81
8.106,83
8.197,81
8.174,87
8.118,86
8.202,82
8.11,84
8.091,80
8.096,81
8.101,82
8.086,79
8.131,78
8.076,75
7.872,73
8.066,68
12.085,75
8.182,78
8.114,85
8.11,84
8.076,75
8.114,85
8.242,90
8.365,94
8.349,91
8.343,90
8.412,93
8.362,84
8.355,92
9.445,89
9.356,91
8.526,87
8.488,79
8.371,71
8.325,73
8.275,73
8.177,75
8.173,72
8.215,65
8.366,67
8.474,72
8.621,86
8.532,88
8.512,84
8.521,86
8.511,93
8.437,89
8.437,89
8.416,85
8.331,88
8.92,85
9.511,82
9.587,75
9.34,78
9.489,77
11.685,74
11.675,67
11.676,68
11.624,65
9.597,79
9.717,83
9.692,78
9.707,81
9.775,85
8.325,87
8.563,84
8.493,80
8.483,78
8.982,75
9.707,81
9.904,80
8.118,86
8.254,92
8.176,74
8.278,75
8.116,68
8.07,71
8.179,76
8.42,86
8.617,85
8.369,95
8.266,85
8.215,85
8.325,87
8.343,90
8.337,89
8.361,93
8.425,87
8.337,89
8.215,85
8.091,80
8.072,72
8.086,79
8.091,80
9.692,78
9.697,79
9.607,81
9.439,77
8.408,83
8.398,81
8.416,85
8.331,88
8.425,87
8.375,87
8.398,81
8.298,81
8.303,82
8.192,80
8.076,75
8.064,65
8.075,74
8.073,73
8.067,69
8.176,74
8.168,69
8.075,74
8.072,72
8.126,75
8.076,75
8.069,70
8.072,72
8.067,69
8.167,68
8.17,70
8.167,68
8.173,72
8.177,75
8.171,71
8.081,78
8.176,74
8.174,73
8.179,76
8.177,75
8.373,72
8.428,75
8.422,71
8.481,77
8.532,88
8.563,84
8.516,85
8.508,83
8.544,80
8.503,82
8.599,81
8.617,85
8.508,83
8.512,84
8.187,79
8.177,75
8.07,71
8.173,72
8.328,75
8.472,71
8.37,70
8.474,72
8.474,72
8.471,70
8.471,70
8.425,73
8.376,74
8.478,75
8.481,77
8.478,75
8.481,77
8.477,74
8.493,80
8.534,78
8.477,74
8.531,76
8.493,80
8.534,78
8.488,79
8.481,77
8.532,77
8.503,82
8.522,70
8.529,75
8.472,71
8.373,72
8.368,69
8.376,74
8.268,68
8.274,72
8.223,72
8.17,70
8.171,71
8.182,78
8.179,76
8.173,72
8.073,73
8.166,67
8.167,68
8.371,71
8.371,71
8.275,73
8.274,72
8.374,73
8.376,74
8.376,74
8.274,72
8.272,71
8.277,74
8.382,78
8.283,78
8.275,73
8.274,72
8.298,81
8.281,77
8.182,78
8.278,75
8.281,77
8.226,74
8.272,71
8.174,73
8.28,76
8.226,74
8.176,74
8.167,68
8.17,70
8.179,76
8.217,68
8.269,69
8.218,69
8.269,69
8.274,72
8.171,71
8.269,69
8.278,75
8.374,73
8.382,78
8.328,75
8.274,72
8.368,69
8.272,71
8.271,70
8.07,71
8.173,72
8.07,71
8.174,73
8.072,72
8.072,72
8.073,73
8.076,75
8.091,80
8.086,79
8.078,76
8.073,73
8.277,74
8.177,75
8.277,74
8.227,75
8.293,80
9.186,76
8.187,79
8.278,75
8.187,79
8.076,75
8.079,77
8.086,79
9.388,77
9.439,77
9.387,76
9.482,72
9.426,68
9.373,66
9.323,60
9.375,68
9.376,69
9.272,66
9.274,67
9.172,62
9.171,58
9.071,63
9.172,60
9.173,67
9.177,70
9.177,70
9.175,69
9.126,70
9.177,70
9.076,70
9.174,68
9.073,68
9.177,70
9.172,62
9.272,62
9.474,61
9.474,65
9.575,60
9.675,64
9.675,63
9.675,65
9.675,65
9.676,67
9.575,65
9.675,64
9.775,66
9.778,68
9.784,72
9.676,67
9.776,67
9.677,68
9.675,62
9.68,70
9.677,68
9.675,65
9.681,71
9.73,70
9.734,73
9.737,75
9.69,77
9.79,76
9.787,74
9.736,74
9.79,76
9.689,76
9.747,79
9.818,83
9.702,80
9.702,80
9.79,76
9.752,80
9.69,77
9.788,75
9.757,81
9.79,76
9.798,79
9.69,77
9.791,77
9.788,75
9.781,70
9.784,72
9.784,72
9.781,70
9.782,71
9.778,68
9.725,66
9.775,65
9.675,64
9.675,65
9.684,73
9.68,70
9.736,74
9.776,67
9.775,61
9.772,39
9.781,25
,
,
,
,
,
,
,
,
,
,
,
,
,
,
,
,
,
,
,
,
,
,
,
,
,
,
,
,
,
,
,
,
,
,
,
,
,
,
,
,
,
,
,
,
,
,
,
,
,
,
,
,
,
,
,
,
,
,
,
,
,
,
,
,
,
,
,
,
,
,
,
,
,
,
,
,
,
,
,
,
,
,
,
,
,
,
,
,
,
,
,
,
,
,
,
,
,
,
,
,
,
,
,
,
,
,
,
,
,
,
,
,
,
,
,
,
,
,
,
,
,
,
,
,
,
,
,
,
,
,
,
,
,
,
,
,
,
,
,
,
,
,
,
,
,
,
,
,
,
,
,
,
,
,
,
,
,
,
,
,
,
,
,
,
,
,
,
,
,
,
,
,
,
,
,
,
,
,
,
,
,
,
,
-99999999,
,
,
,
,
,
,
,
,
,
,
,
,
,
,
,
,
,
,
,
,
,
,
,
,
,
,
,
,
,
,
,
,
,
,
,
,
,
,
,
,
,
,
,
,
,
,
,
,
,
,
,
,
,
,
,
,
,
,
,
,
,
,
,
,
,
,
,
,
,
,
,
,
,
,
,
,
,
,
,
,
,
,
,
,
,
,
,
,
,
,
,
,
,
,
,
,
,
,
,
,
,
,
,
,
,
,
,
,
,
,
,
,
,
,
,
,
,
,
,
,
,
,
,
,
,
,
,
,
,
,
,
,
,
,
,
,
,
,
,
,
,
,
,
,
,
,
,
,
,
,
,
,
,
,
12.669,50
12.471,59
12.57,56
12.571,63
12.672,67
12.573,68
9.516,83
12.625,86
9.261,92
9.35,90
9.243,89
9.318,93
9.271,94
9.368,93
9.281,96
9.23,96
9.222,85
9.222,85
9.237,88
9.204,81
9.088,78
9.076,70
9.076,70
8.975,70
8.975,70
8.971,67
8.976,71
9.083,75
9.083,75
9.083,75
9.082,74
9.083,75
9.083,75
9.18,72
9.082,74
9.108,82
9.142,89
9.155,91
11.996,79
12.087,76
12.231,73
12.09,78
12.074,67
12.081,72
12.222,66
12.929,72
12.935,76
12.879,72
12.871,66
12.879,72
12.729,72
12.788,78
12.713,83
12.63,87
12.708,82
12.693,79
12.786,77
12.832,74
12.776,70
12.872,67
12.971,66
12.872,67
12.973,68
12.971,63
12.921,64
12.921,61
12.971,66
12.971,65
12.921,65
12.871,60
12.871,66
12.874,69
12.874,69
12.777,71
12.876,70
12.779,72
12.776,70
12.779,72
12.774,69
12.783,75
12.782,74
12.793,79
12.882,74
12.777,71
12.677,71
12.78,73
12.78,73
12.785,76
12.782,74
12.683,75
12.782,74
12.782,74
12.733,75
12.774,69
12.771,61
12.669,50
12.564,21
,
,
,
,
,
,
,
,
,
,
,
,
,
,
,
,
,
,
,
,
,
,
,
,
,
,
,
,
,
,
,
,
,
,
,
,
,
,
13.172,33
13.117,39
13.069,36
,
,
,
,
,
,
,
,
13.175,29
13.167,42
13.168,52
13.17,61
13.072,68
13.07,62
13.031,74
13.085,77
12.988,78
13.021,85
13.057,82
11.312,82
11.164,92
11.125,85
11.077,68
11.136,74
11.092,78
10.987,74
11.117,83
11.092,78
11.089,76
11.125,85
11.097,79
11.008,81
11.046,89
11.046,89
10.998,79
10.93,86
10.959,91
11.04,88
11.083,96
11.074,94
11.064,92
11.026,85
11.062,82
10.998,79
11.092,78
10.99,76
10.988,75
11.047,79
11.04,77
11.04,77
11.008,81
11.003,80
10.993,78
10.926,85
10.887,74
10.941,77
10.908,81
10.893,78
10.893,78
10.842,77
10.885,73
10.832,70
10.882,71
10.887,74
10.888,75
10.841,76
10.809,81
10.819,83
10.838,74
10.849,79
10.888,75
10.794,78
10.791,76
10.854,80
10.887,74
10.891,77
10.888,75
10.891,77
10.888,75
10.937,74
10.979,69
10.987,74
11.087,75
11.033,72
10.985,73
11.089,76
11.047,79
11.083,72
11.134,73
11.092,78
11.057,81
11.087,75
11.086,74
11.047,79
10.985,73
10.984,72
10.791,76
10.842,77
10.938,75
11.026,85
10.993,78
10.985,87
11.034,87
10.993,78
10.953,80
10.991,77
11.042,78
10.887,74
10.985,73
10.898,79
10.823,84
10.792,77
10.89,76
10.908,81
10.99,76
11.046,89
11.058,91
11.064,92
11.058,91
10.886,87
10.86,91
11.034,87
10.941,88
11.034,87
11.04,88
10.972,84
10.953,90
10.922,84
11.018,83
10.913,82
10.804,80
10.864,82
10.893,78
10.799,79
10.903,80
10.864,82
10.898,79
10.814,82
10.903,80
10.849,79
10.903,80
10.799,79
10.769,83
10.908,81
10.854,80
10.52,83
10.515,82
10.736,87
10.709,81
10.719,83
10.819,83
10.814,82
9.362,92
10.835,96
10.852,100
10.807,101
9.217,93
10.876,94
10.689,75
10.773,84
7.921,96
7.822,87
10.736,87
7.916,95
10.636,87
10.52,83
10.694,78
10.799,79
10.903,80
10.908,81
10.903,80
10.903,80
10.903,80
11.026,85
10.918,83
10.848,89
10.698,89
10.766,92
10.609,81
10.619,83
10.68,95
10.515,82
10.78,95
11.969,93
10.786,87
10.631,86
7.621,73
7.705,83
8.269,95
9.729,86
9.489,88
9.721,84
9.511,82
9.323,85
9.231,87
9.218,84
9.226,86
9.323,85
9.319,84
9.209,82
9.272,85
7.639,90
7.752,92
7.695,81
7.69,80
7.895,81
7.905,83
7.685,79
7.639,90
7.657,93
7.627,88
7.654,83
7.616,86
7.616,86
7.621,87
7.562,85
7.734,89
7.8,82
8.142,90
8.777,96
9.281,96
9.372,94
9.332,87
9.466,83
9.406,81
9.416,83
9.496,79
9.456,81
9.388,77
7.627,88
7.579,78
7.709,84
7.94,90
8.412,84
8.398,81
8.381,88
8.416,85
8.32,86
8.387,79
9.048,90
9.406,81
9.305,81
9.34,78
9.31,82
9.29,78
9.3,80
9.411,82
9.35,80
7.717,86
7.879,98
7.779,98
7.852,92
7.875,97
7.888,100
7.796,102
7.921,96
9.507,91
7.802,92
9.469,93
7.784,99
7.8,103
7.793,101
7.728,88
7.574,75
7.709,84
7.674,75
7.651,92
7.657,93
10.83,95
10.772,93
10.76,91
10.793,98
10.739,97
7.822,109
7.707,105
7.671,73
7.644,81
7.612,85
7.579,78
7.7,82
8.009,84
7.895,81
7.654,83
7.639,90
7.709,84
7.896,91
9.249,90
8.916,84
8.823,86
8.865,84
8.298,81
8.202,82
8.086,79
8.079,77
8.026,75
8.081,78
7.974,74
7.98,78
8.005,83
8.081,78
8,82
8.164,94
8.08,98
8.018,86
8.154,92
7.746,91
7.207,84
6.969,96
6.986,100
6.932,89
6.978,78
7.805,83
7.966,95
7.988,100
8.023,109
8.058,105
7.904,104
7.9,103
7.788,100
7.879,98
7.804,104
7.858,93
7.634,79
7.57,72
7.571,87
7.558,84
7.661,94
7.729,98
7.962,94
8.076,97
7.952,92
7.905,83
7.813,85
7.735,79
7.68,78
7.477,77
7.577,77
7.677,77
7.768,70
7.868,70
7.772,73
7.771,72
7.874,74
7.825,75
7.727,76
7.639,80
7.494,81
7.233,79
7.183,79
7.207,84
7.188,80
7.389,80
7.473,74
7.579,78
7.574,75
7.573,74
7.579,78
7.534,79
7.489,80
7.504,83
7.449,82
7.379,78
7.489,80
7.476,76
7.479,78
7.476,76
7.323,75
7.376,76
7.376,76
7.379,78
7.371,73
7.474,75
7.42,72
7.47,72
7.479,78
7.379,78
7.484,79
7.404,83
7.153,83
7.257,84
7.412,85
7.445,91
7.427,88
7.399,82
7.394,81
7.462,85
7.504,83
7.504,83
7.434,79
7.476,76
7.521,87
7.561,94
7.512,85
7.487,100
7.451,92
7.495,91
8.023,109
7.904,104
7.896,102
7.921,96
8.058,105
8.089,100
7.946,91
7.928,88
8.282,98
8.119,108
8.163,106
8.178,110
8.127,110
8.243,114
8.182,111
8.279,110
8.325,109
8.224,109
8.271,108
8.232,111
8.22,108
8.123,109
8.167,107
8.112,106
8.206,104
8.378,97
8.474,96
8.533,98
8.443,90
8.579,97
8.751,91
