"","X","plot","mean.height_mean","mode.el_mean","height.2_mean","max.el_mean","mode.2_mean","max.can.ht_mean","mean.max.ht_mean","mean.vai_mean","max.vai_mean","deep.gaps_mean","porosity_mean","std.std_mean","mean.std_mean","rugosity_mean","top.rugosity_mean","mean.return.ht_mean","sd.return.ht_mean","sky.fraction_mean","cover.fraction_mean","max.ht_mean","rumple_mean","clumping.index_mean","mean.height_sd","mode.el_sd","height.2_sd","max.el_sd","mode.2_sd","max.can.ht_sd","mean.max.ht_sd","mean.vai_sd","max.vai_sd","deep.gaps_sd","porosity_sd","std.std_sd","mean.std_sd","rugosity_sd","top.rugosity_sd","mean.return.ht_sd","sd.return.ht_sd","sky.fraction_sd","cover.fraction_sd","max.ht_sd","rumple_sd","clumping.index_sd","aPAR_mean","bPAR_mean","LAI_mean","fPAR_mean","aPAR_sd","bPAR_sd","LAI_sd","fPAR_sd","regime"
"1",1,"ARNO_001",12.9562919878,11.443,6.083868784,24.4,6.6426827202,32.8776,21.214463,7.7411429376,8.1123335856,0,0.7902336788,927.3273139,16.35596548,24.576886918,7.9152891512,12.1779982026,7.333078813,0.6427360514,99.35726395,32.8776,6.656,0.9142394562,4.07798435466541,4.28765611960661,0.966590862893943,3.78153408023781,1.29919267184723,1.33779699506315,3.67453291422461,0.202586789513036,0.128279559654653,0,0.0310032269505471,425.509804612056,4.62677123580862,6.95168386732925,1.41130616487276,3.95099514068502,1.17475326669682,0.578343229953548,0.57834322904177,1.33779699506315,1.15390315884826,0.0442046218969501,1063.2,54.2833333333333,5.04833333333333,0.949883432635872,152.00815767583,25.2016203182785,0.36449508455762,0.0200336756463535,"high"
"7",7,"ARNO_012",9.92137632333333,8.74916666666667,5.98604396916667,22.1666666666667,6.535959551,28.5196666666667,16.8144783333333,7.52719306216667,8.1458615525,0,0.781252953,505.190423866667,12.9280301598333,17.498709265,8.194388923,9.137922516,6.83337005116667,1.36177239083333,98.6382276083333,28.5196666666667,6.42666666666667,0.9236063995,2.59747405661029,2.54431212052819,1.41107503671235,2.85773803324704,1.05804267362785,1.15174904674007,2.35336049114594,0.188982308318817,0.147936141875267,0,0.0130387172905332,305.807048174717,3.86002681231689,4.82930161362735,0.766574215106273,2.45706886780398,1.16747996970635,0.585904518154229,0.585904518607128,1.15174904674007,1.76175953712948,0.0605381299425395,1044.4,26.16,4.938,0.973766231525614,247.903822076224,9.48962591465017,0.653888369677883,0.0113539323653996,"high"
"8",8,"ARNO_035",7.248179727,6.319,5.039402404,21.8,5.6317724922,27.9522,13.852053,7.740795235,9.6700308692,0,0.7971993196,759.98405723,13.562995808,21.4747187194,8.131821406,6.7907097668,6.1517305172,0.6683948414,99.33160516,27.9522,6.661,0.8414201488,2.12641516524248,2.15023370822801,2.23825354665605,8.52642949891688,2.52130263834875,2.17043640773002,3.89812572664992,0.302752503882072,3.2419118726248,0,0.033632330110177,551.134047537252,7.5316742908156,9.319654220304,1.90676534316696,2.15933969342799,2.35488480005182,0.619566676107677,0.619566675864831,2.17043640773002,1.44007117879638,0.0899259331431261,1165.7,38.1,6.252,0.963597716863525,268.869512961213,19.4778078848725,1.49907304691933,0.0234740868927393,"high"
"9",9,"ARNO_036",5.16786960833333,4.3125,1.940861447,12.1666666666667,2.19419364233333,19.3701666666667,9.149575,7.88851384116667,8.35467346683333,0,0.710750360833333,50.7052647666667,3.53878911083333,5.48963635,4.11531387816667,4.6229539895,2.675934962,0.259611600333333,99.7403884,19.3701666666667,3.8875,0.739669582166667,0.770462822010669,0.95403747305858,0.810516961984421,4.62240918425302,0.985008685972309,3.08947033756058,1.21706902587733,0.113927413743606,0.42737016510711,0,0.0577980612046785,38.8874950433273,1.01699733843681,2.93616610137075,1.36706520405154,0.739541464374994,0.727461325939562,0.303935046786165,0.303935048792096,3.08947033756058,0.909498488179062,0.0830754518678095,1210.95,15.575,6.6225,0.987043056989523,476.037018868631,9.46022374647309,0.941501460434342,0.00544689328245436,"high"
"10",10,"GRSM_050",8.8539485095,7.79166666675,4.71200271775,23.25,5.51196189825,29.7285,17.33154375,6.62927520025,8.021023092,0,0.73774501575,786.951278935,14.863501134,20.416503242,7.38560329725,7.55928294975,5.25469743425,8.997882731,91.00211727,29.7285,5.1875,0.90734701075,1.68295165132016,2.36073199562598,1.72454161901177,8.22090830342568,2.65290153564419,4.83221802074368,2.3165352589567,1.11694319348686,0.0173246960520092,0,0.0704633957685678,766.331336368345,6.54798622765705,12.4919662499727,2.19410231602238,0.873388852515113,1.56248588444138,10.1901819705305,10.1901819705809,4.83221802074368,1.19207452227898,0.0481203401998036,1712.06666666667,38,6.71333333333333,0.977587428865532,183.083978909497,3.35111921602321,0.446131520219468,0.00346541790951459,"high"
"11",11,"GRSM_053",10.5887276253333,8.26666666666667,7.929187458,34.6666666666667,8.90389055966667,39.5466666666667,21.9365166666667,7.384607216,8.79195596666667,0,0.793233364,4676.79162433333,38.4185119333333,53.54570387,13.1492504233333,9.74950200133333,9.74353126833333,1.77253584266667,98.2274641566667,39.5466666666667,10.4166666666667,0.934952231,2.50875216361896,2.4214320831552,2.60467162638509,4.93288286231625,3.06367415975622,1.77837744400151,4.02703542217576,0.479681956415414,0.64570066680325,0,0.0197062191657806,3231.95733170056,12.1409937467403,18.790875818415,1.44102141052215,2.33661388234094,2.73321652497498,1.57001967643422,1.57001967774358,1.77837744400151,0.553022000767902,0.0210635504781512,1946.53333333333,46.1,5.58333333333333,0.976206340543885,78.0133535577938,13.0011537949522,4.84689935250706,0.00704184786748631,"high"
"12",12,"GRSM_055",9.74258627233333,8,6.17374414133333,32.3333333333333,7.34213230233333,36.683,21.518125,7.35786227933333,8.800128207,0,0.771161343333333,2126.64557366667,28.6607065533333,35.35138813,10.1612270363333,8.25698075366667,7.085637368,2.14783529233333,97.85216471,36.683,8.95833333333333,0.935011646,1.24241574045751,1.48134229670255,0.455844638883305,3.51188458428425,1.26303796034697,1.6100959598732,3.34569317565508,0.490061715991032,1.30798921724337,0,0.0533553677034261,285.964108578591,5.96441633469402,6.90354864277276,0.903152622562918,1.60854244855089,1.15319915151536,1.70572054514049,1.70572054794475,1.6100959598732,1.1408147673191,0.0123708307878481,1990.9,71.3666666666667,8.76,0.96410155311883,17.545369759569,40.8677541997763,0.400374824383351,0.0205648643668238,"high"
"13",13,"GRSM_057",11.4999643003333,9.525,6.65769666166667,32.6666666666667,8.17415141033333,36.953,23.6248666666667,7.04205568366667,8.024735499,0,0.744549289,2430.483574,32.5124881166667,36.7303952933333,10.0033979756667,10.1524304923333,8.108579716,5.24002142133333,94.75997858,36.953,8.175,0.938190776333333,3.22938148029811,3.31257075396134,0.858719908433768,0.577350269189626,1.5734708704143,3.49449152238205,3.88922930044737,0.69765584144282,0.0108062510100081,0,0.0535996718737279,412.92874124544,5.1574877578884,3.1384627593142,2.44681392944407,2.91082794870862,0.918728266203604,6.38313776825965,6.38313776949816,3.49449152238205,4.05485819727398,0.0381258394562784,1773.83333333333,82.0666666666667,8.29666666666667,0.954204256466849,49.6786003560219,96.3232751381167,1.05396078358416,0.0533711549405799,"high"
"14",14,"GRSM_061",11.181389367,9.27,4.94194123633333,24.6666666666667,6.05601852,31.487,21.566665,6.70750800533333,8.201795807,0,0.676879566,898.5846641,20.4155075,20.2683266333333,6.34715528533333,10.124999824,6.562431295,7.95065160666667,92.0493483933333,31.487,5.75666666666667,0.913243440666667,1.12994539560282,1.11296900226376,0.874813655586802,1.15470053837925,0.802439733863108,3.74363713519353,0.815573389049078,1.08726951034176,0.32834247861974,0,0.0488493574520993,552.667728985804,5.378328350818,8.80645012221028,0.527370258803633,1.20398923109367,0.978524712809657,9.64331572198224,9.64331572259897,3.74363713519353,0.898614674559309,0.0645771880948505,1601.43333333333,57.9666666666667,5.34,0.964020180045891,73.7592254116957,33.814543222308,0.44440972086578,0.0202079898861718,"high"
"15",15,"GRSM_064",7.36060084566667,5.94166666666667,4.60573487366667,21,5.19577431433333,33.6733333333333,18.559775,7.66839549866667,10.4999423,0,0.742871148333333,1343.16578816667,21.0695334366667,29.3161666033333,9.86519307733333,6.56484087366667,6.29656284633333,1.06238637266667,98.9376136266667,33.6733333333333,10.0166666666667,0.873318856333333,1.03122381204235,1.43795282722812,1.01167143899064,6.08276253029822,1.87632124284602,0.364214680282568,1.32561697970228,0.262846604820337,4.23487012600447,0,0.00825941120577565,518.791539888746,2.38309221631576,7.35018766454323,1.07889939177415,1.00398350218943,0.4890999478232,0.813096431025575,0.813096431109297,0.364214680282568,2.26802961473904,0.0326248350452608,1586.86666666667,23.4,8.32666666666667,0.985150868248716,110.806558169331,6.39061812346818,0.682959247198055,0.00456335208070532,"high"
"16",16,"GRSM_065",7.37209715,5.8375,3.2648606165,18,3.8269666375,25.682,16.633575,7.202371044,8.083020671,0,0.6523706895,301.13778435,11.87991277,12.3192506845,6.1109002855,6.776978625,4.649782426,3.9205739705,96.07942603,25.682,6.225,0.903623377,1.07398081902944,0.760139789775539,0.117659835421732,0,0.320979296958718,3.69816846560564,0.654215193953794,0.42386701552637,0.0232588195129485,0,0.0563856698320666,117.01142748364,0.796501596342935,3.98103306374225,0.74355137935142,1.25762356784045,0.0191273713671713,3.02418470363367,3.02418470151234,3.69816846560564,1.06066017177982,0.0257969184928346,1808.95,43.05,8.32,0.976060766807367,79.5495128834866,9.6873629022557,0.721248916810279,0.00640798100640364,"high"
"17",17,"GRSM_066",8.77052223533333,7.1,5.32180504,23.3333333333333,6.24461267766667,32.5053333333333,19.1464666666667,7.24287315433333,8.11395811466667,0,0.778056835333333,1217.89423666667,21.0516247866667,26.7880901366667,9.360457003,7.57498690033333,6.40636141466667,2.31015313966667,97.68984686,32.5053333333333,8.25833333333333,0.913779554,2.73873287678375,2.12588216982974,1.81752157461503,8.02080627701064,2.38177323813036,2.43672204679429,3.44521374847894,0.461958183592427,0.082797145492579,0,0.0332431413669115,575.403416770406,6.70931903867794,6.37709761511237,1.37089784961426,2.57224711098479,1.74786137803786,1.5034573610415,1.50345736303863,2.43672204679429,1.98845626890141,0.0139411113235069,1537.1,38.6666666666667,7.26,0.974836951900794,145.636156225025,26.3769470055451,1.19653666889068,0.0167675992145973,"high"
"25",25,"HARV_041",8.41253308066667,7.31666666666667,3.90954661933333,18,4.63444435266667,21.308,13.9088916666667,7.13826671866667,10.5929951416667,0,0.695657467333333,241.412067433333,9.70601094733333,11.5099903776667,4.993879637,7.65186149333333,4.86198970166667,4.218989191,95.7810108066667,21.308,4.31666666666667,0.917441802666667,1.69103091896612,1.42967070800703,1.22467776855638,3.60555127546399,1.57750223841278,1.54583213836432,2.03457906293497,0.670031522591631,4.29124097418903,0,0.0234619381341278,139.276651842634,3.21946335732084,3.42394017629841,1.01935988388613,1.52774930636347,1.15031948732349,4.85113202307792,4.85113202448018,1.54583213836432,0.55075705472861,0.0328096677803856,1123.8,46.6,4.81333333333333,0.955788214380577,186.323052787356,18.0144386534802,1.075003875962,0.024850904637953,"high"
"36",36,"MLBS_069",7.626663184,6.575,3.78079475966667,17,4.55121527966667,19.6503333333333,13.968,7.396536648,8.282300685,0,0.671845238,169.461892666667,8.47018708766667,9.84359926166667,4.70624317733333,6.82385999466667,4.42938519366667,1.80341104333333,98.1965889566667,19.6503333333333,3.6,0.910285699,0.766054165093689,1.10481898969922,0.516329303749275,4.35889894354067,0.948997741910372,0.595037253735709,0.797413285646157,0.139034730419732,0.286645292607594,0,0.0357235603037637,22.509187627727,0.251250550208664,1.08117470072755,0.373204446918138,1.0950874166324,0.365670971109486,1.09381799919821,1.09381800007189,0.595037253735709,0.325,0.0458740235613638,1513.6,183.2,4.01,0.878964059196617,NA,NA,NA,NA,"high"
"37",37,"MLBS_074",9.34087518266667,8.36333333333333,3.335531744,17,4.476612119,19.1573333333333,14.8212416666667,7.01322367166667,8.099108094,0,0.655891707,182.289329263333,9.80346312633333,8.43908683466667,3.23464866833333,8.510702976,4.65498780933333,3.08020036966667,96.91979963,19.1573333333333,2.85833333333333,0.910813259666667,0.566704474268847,0.364737348421208,0.382666326900625,1,0.651049844187319,2.47758134747042,1.5527301677878,0.298025378487386,0.13262949233622,0,0.0423726444279609,126.11524592,3.70089414943722,2.95774621199371,0.220480266390155,0.623994786529712,0.594268123483931,1.60959416006487,1.60959415877596,2.47758134747042,0.397125085248129,0.0381035297166166,1470.3,169.7,4.02,0.884581377950078,NA,NA,NA,NA,"high"
"38",38,"OSBS_025",5.56579047333333,5.31666666666667,5.352760746,14.6666666666667,5.08308771566667,15.763,6.17664166666667,1.847716519,8.50586603433333,20,0.895701754333333,2.57339785533333,0.592721663333333,1.37335409666667,5.96058774133333,9.80885057533333,2.23718548466667,68.1367888866667,31.8632111133333,15.763,2.65,0.941997812,3.25910230733797,3.22687284120917,1.21168599369976,4.16333199893227,1.25706161991409,4.36872944916483,3.679843808874,1.28401407252418,0.148046972824603,7,0.0281983179894308,1.83118874016357,0.296224704306138,0.64514885194295,1.48390738164583,2.48779045562572,0.579014149801695,19.2080234928929,19.2080234928929,4.36872944916483,0.198431348329844,0.0265381771197068,1838.56666666667,1035,1.07666666666667,0.437475818477975,36.481821957426,276.837876743772,0.532008771857507,0.149281629701296,"high"
"39",39,"OSBS_026",4.95736912266667,4.58333333333333,5.14967398466667,14,4.812122126,15.265,5.62596666666667,2.23486414333333,8.14525995966667,19.3333333333333,0.884282407666667,3.82298071866667,0.775390805,1.58066132533333,5.88731251433333,8.94819856033333,2.80916574233333,62.9036587333333,37.0963412666667,15.265,2.65833333333333,0.962869486,0.652152248685531,0.662539307010032,0.149771129848051,0,0.125880762122085,1.3875157656762,0.447679020988625,0.188678224444731,0.162236700399291,2.51661147842358,0.0250539862106557,3.51929807466153,0.439089590264496,0.944505013001932,0.0390746413318288,0.488779175301363,0.227802914309492,0.466376604601661,0.466376604601661,1.3875157656762,0.395548142876861,0.00895868064279759,1751.66666666667,1161.66666666667,1.08666666666667,0.337572311608502,41.5107616568684,208.928799674275,0.438786204584116,0.113401673170308,"high"
"40",40,"OSBS_027",5.16220503933333,4.975,5.631970819,14.6666666666667,5.42020788066667,16.7866666666667,5.61004166666667,2.08266460966667,8.56478674066667,21.3333333333333,0.910277777666667,1.99552441066667,0.556150468666667,1.19167075233333,6.281052454,10.4753728326667,3.30003538966667,65.5871634266667,34.4128365733333,16.7866666666667,2.51666666666667,0.964197932333333,2.72762975465618,2.76224546338663,1.07846487701825,3.51188458428425,1.19940914420577,1.91904307750851,2.59808417448479,0.708452110286914,0.836358802326033,7.37111479583199,0.0277961744003792,1.65092040662809,0.303291238792999,0.554280842781703,0.761691830145567,2.24444784933459,0.716285671750486,13.8735574092721,13.8735574092721,1.91904307750851,0.350297492616395,0.0255343347795241,1689.56666666667,1069.16666666667,1.13666666666667,0.367458066635442,38.9425645448952,169.819678875369,0.316438514301488,0.095642299517616,"high"
"41",41,"OSBS_028",2.7840812105,2.6625,4.1492999555,10.5,3.9193544065,10.921,2.789,0.6559188545,8.7444988395,27,0.936888112,0.116250822,0.096162994,0.237029514,4.1425071855,8.634910229,1.044312512,88.28299664,11.7170033595,10.921,2.375,0.9480720385,1.0251686291052,1.00762716319083,0.150553748503671,0.707106781186548,0.0959013678050272,1.12712820921136,1.05995306499863,0.379361303889449,1.02997811204396,7.07106781186548,0.0457394241725811,0.163085108314888,0.123837231277943,0.293777741250648,0.111584532349696,2.89005556921801,0.820417670194784,7.52268636297615,7.52268636368325,1.12712820921136,0.883883476483184,0.00921559610709038,2094.43333333333,1572.93333333333,0.966666666666667,0.247518679951739,40.0290311315841,286.129452055068,0.577263660153082,0.149108004853213,"high"
"42",42,"OSBS_029",5.30669642233333,4.83333333333333,3.088109754,9.33333333333333,2.95233561933333,11.2936666666667,6.09600833333333,3.427130996,8.49009287433333,8,0.766756854333333,2.22462670033333,0.749399451666667,1.24198703233333,3.50213257366667,5.92375752266667,1.94736089466667,40.7461360933333,59.2538639066667,11.2936666666667,3.04166666666667,0.897524265666667,0.411367956615798,0.448841100316508,0.354343837866373,1.15470053837925,0.363932114833216,1.66297334113729,0.513047059448091,0.683256600688893,0.364312306176702,1,0.0311591689372338,1.25282480492757,0.168764391565555,0.39020717547639,0.49632322838419,0.840320758786236,0.274613004782839,6.68772351965358,6.68772351965358,1.66297334113729,0.339423530906938,0.00745412768002105,1964.13333333333,1206.8,1.42,0.385438085390889,47.6891322350631,96.7831080302756,0.117898261225516,0.049371422317768,"high"
"43",43,"OSBS_030",7.06393566533333,6.70833333333333,4.266709794,15.6666666666667,4.25060222333333,16.066,8.44305833333333,2.980421896,9.00100066766667,11.3333333333333,0.826336898333333,12.126020965,1.67247326333333,2.52276709,5.08768064666667,8.66762390466667,2.59644529,49.30711474,50.69288526,16.066,3.61666666666667,0.920085755666667,4.12707346115022,4.02137517937998,0.507732420173666,5.5075705472861,0.641878969711844,5.28400113550328,5.07619198294433,1.23974318746762,1.41603570096761,7.02376916856849,0.0156845022718123,13.9242002096264,1.28069925858813,1.6752790646005,0.832628462890833,3.05378465550435,0.68721021052443,17.76688366194,17.76688366194,5.28400113550328,1.47507061977837,0.0152881369889457,1917.2,1294.36666666667,0.953333333333333,0.32377826047259,25.5693175505331,219.335937167928,0.453468117218105,0.124132541419732,"high"
"44",44,"OSBS_031",4.93961237733333,4.49166666666667,4.62764864966667,14,4.42075553966667,14.9323333333333,5.708015,2.44883819533333,10.1469111226667,18.6666666666667,0.868351648333333,9.31510293233333,1.21412803933333,2.722818526,5.167643642,7.66269278666667,3.257044417,58.58175368,41.41824632,14.9323333333333,2.495,0.960513042666667,2.22097376625838,2.1889400022233,0.814549442275954,4.35889894354067,0.955938382696406,3.92890077926808,2.37921825289842,0.766544559326339,2.8803691653335,8.08290376865476,0.00986753366272821,5.01336824492245,0.271193509779053,0.753217796891806,0.682022865323647,1.47404644006951,0.90988892148187,13.0377538741429,13.0377538741429,3.92890077926808,0.663193033739046,0.0156426473265669,2124.73333333333,1392.26666666667,1.33333333333333,0.34363588064718,61.2291052795426,79.9128483620333,0.235442845152137,0.0572485356925853,"high"
"45",45,"OSBS_032",5.760210514,5.38333333333333,4.67395903366667,13.6666666666667,4.44254316766667,15.5663333333333,6.40183166666667,2.965061382,8.40680267133333,12.3333333333333,0.859548611,3.82151174666667,0.938155079,1.59830279833333,5.05930480966667,7.26057544033333,3.39055875533333,51.5362766,48.4637234,15.5663333333333,3.20333333333333,0.947835566,1.10413727464976,0.992891400573765,0.131225455212851,1.52752523165195,0.210867974925602,1.32734333664404,1.42132635380068,0.734344072350113,0.522531275918461,4.16333199893227,0.0248712688563624,3.13264296093391,0.432479902035525,0.627031556540974,0.634496560677108,1.41891602578982,0.641438915950863,7.77372421037034,7.77372421037034,1.32734333664404,0.145028732785381,0.0145319858672877,2181.33333333333,1464.83333333333,1.15333333333333,0.328164763085104,34.6208511353106,62.7191624093731,0.086216781042517,0.0361654968302768,"high"
"46",46,"OSBS_033",7.548454755,7.19166666666667,4.68811350266667,14.6666666666667,4.51480267733333,16.5886666666667,8.796636111,4.02318261966667,8.06355844533333,9.66666666666667,0.826203703666667,4.40823005766667,1.158128867,1.73870556933333,5.25893259566667,9.37103193966667,3.00371965166667,41.4893229233333,58.5106770766667,16.5886666666667,3.41666666666667,0.930152079666667,1.11952513368316,1.15171972863772,0.166361410942441,2.51661147842358,0.236162396484956,2.21366400642314,1.39960978927419,1.18190187530538,0.0830148514186435,2.51661147842358,0.010032098533077,1.06668497497048,0.151571599346895,0.206958548472235,0.141537133061223,0.834282257911297,0.938909913122378,7.18737969039195,7.18737969039195,2.21366400642314,0.534633831078181,0.0235801825533601,1922.8,1189.9,1.15333333333333,0.380147273801077,24.9150556892815,300.393558519486,0.512867754234299,0.160802647179829,"high"
"47",47,"OSBS_034",8.307260243,7.68333333333333,5.376008609,17.6666666666667,5.19683150166667,20.131,10.0757916666667,4.06735532666667,8.16023622066667,10,0.838618160666667,14.9226600006667,1.951783853,3.19898366966667,6.11541053933333,10.185309518,3.86476252433333,39.49324935,60.50675065,20.131,3.83333333333333,0.953454325333333,3.24579444001674,3.28465497934461,0.317624039595032,3.05505046330389,0.447256655284758,1.98495062910895,4.04198340246881,1.7185716464178,0.192623983226358,7,0.0222937071364877,8.52589716394545,0.503711391023002,1.03239030480358,0.693914262687087,1.67845513581131,0.57881056125802,20.2384723185022,20.2384723185022,1.98495062910895,0.418578945162479,0.00831090314705899,2024.3,937.066666666667,1.93333333333333,0.538436828188633,37.7210816387865,235.844956132908,0.489523577913601,0.108803097094343,"high"
"48",48,"OSBS_035",6.1232790855,5.9375,6.4115516135,17.5,6.2445889515,17.6735,6.600675,1.799417436,10.0641182835,19,0.905263158,1.7387547455,0.59795703,1.1716034975,6.8557830535,10.656033015,3.4025252425,70.007394135,29.992605865,17.6735,3.8625,0.9571107935,1.16563616617693,0.901561146012848,0.291589123433402,0.707106781186548,0.405700204173714,0.217081781824272,1.73934126036267,1.57608645490558,1.41462155803609,5.65685424949238,0.0260513029857935,0.0136401400136701,0.114007720113678,0.0640078213138498,0.249162145219931,0.681911951389971,0.369484645673443,20.0302729967221,20.0302729967221,0.217081781824272,1.46724657096209,0.0143010246387838,2081.53333333333,1534.9,0.906666666666667,0.262940045353301,28.1098440645503,376.289874963438,0.655769268366042,0.177531135970235,"high"
"49",49,"OSBS_036",6.41651745033333,6.075,4.88120723233333,13.6666666666667,4.67653013433333,15.3403333333333,7.178375,2.355678286,6.10958518366667,16.6666666666667,0.885133928666667,3.964504864,0.804900993,1.434285852,5.42666972633333,10.1234262146667,1.878258271,59.9752154433333,40.0247845566667,15.3403333333333,3.125,0.917089911333333,3.54940545064552,3.22529068457403,0.320702182156602,0.577350269189626,0.267696389199232,2.95406674490157,4.37909720069388,2.14865619307798,3.63989620853944,11.9303534454489,0.056295103250978,5.00262465738085,0.778675353769673,1.13263397354039,0.661147774987257,1.06169907369691,0.425470863543674,26.5803167681163,26.5803167681163,2.95406674490157,1.19399539362596,0.048729610290128,2098.96666666667,1565.23333333333,0.95,0.254895431770368,44.5063291379253,308.12317883167,0.564003546088143,0.141016882166533,"high"
"50",50,"OSBS_037",6.1050210395,6.0145833335,6.89258241475,16.75,6.739373686,17.88,6.5321854165,1.3869957635,8.36843675225,19.5,0.9007230395,5.06786137275,0.820918773,1.81516561525,7.3727349365,11.9449434775,2.423898257,76.415828955,23.584171045,17.88,3.6666666665,0.94226045225,1.42438858867002,1.47999585541243,0.487640057339507,0.5,0.603606397949116,1.21949962416285,1.56121401677627,0.450634859715959,0.265144575558905,6.35085296108588,0.0406733850306992,4.80983341182505,0.555927685239792,1.07538262168509,0.445782790263269,0.778955967966239,0.564994208787658,7.61352022739577,7.61352022739577,1.21949962416285,0.744485902550408,0.00942330654797409,2021.51666666667,1732.2,0.241666666666667,0.142724249045081,43.3314858580532,71.1719607710789,0.241778135212154,0.041815487092378,"high"
"51",51,"OSBS_038",5.83785189066667,5.49166666666667,4.46146030466667,13,4.24171251366667,14.1433333333333,6.560225,2.488762597,8.37288781133333,13.6666666666667,0.835590569666667,1.04236729066667,0.611573716,0.81100377,5.02627254466667,8.18164601166667,2.32513699733333,54.3353851233333,45.6646148766667,14.1433333333333,3.175,0.899528293,1.12670192333569,1.03239204439657,0.366680430908845,1.73205080756888,0.347670718032411,1.49782319828922,1.28083156020805,0.897372402656233,0.522584958225784,4.16333199893227,0.0449925624154216,0.156224146060196,0.0803807716973352,0.0972912145413589,0.489603715794883,0.584707302100167,0.60825752016888,11.0809443541819,11.0809443541819,1.49782319828922,0.313249102153542,0.056363659265241,1898.33333333333,1007.23333333333,1.33,0.469916090544314,15.1579462109262,187.861181017616,0.363730669589464,0.0947553211950689,"high"
"52",52,"OSBS_039",3.027608634,2.81666666666667,4.049202218,11,3.77047959366667,12.2236666666667,3.42441666666667,1.76066392933333,10.6356989046667,24.6666666666667,0.911507936666667,0.622281042,0.296809902666667,0.679601915666667,4.584412997,7.25513380033333,2.09968959433333,72.1673488966667,27.8326511033333,12.2236666666667,2.44166666666667,0.957531542,0.961890906138319,0.968998624010031,0.749354491644803,1,0.781569224453867,1.09928628361011,1.12521574857151,0.500361457544394,4.18185844036832,2.08166599946613,0.0155257145735599,0.464692418188946,0.136197518339283,0.299899110092648,0.877319145468345,1.35343564429645,0.334645213810957,5.96825974106234,5.96825974106234,1.09928628361011,0.264968551593077,0.0281444261887269,1981.56666666667,1452.83333333333,0.82,0.264983538029742,71.6897017243993,159.274678883159,0.331511689085015,0.100482174261368,"high"
"53",53,"OSBS_040",7.93069191266667,7.33333333333333,4.88381157633333,16.6666666666667,4.84889309266667,18.3246666666667,9.68823333333333,3.81138877733333,8.438502301,8,0.820978750333333,42.340248341,2.860274132,5.06700859433333,5.61116510066667,9.43823535933333,4.07372188733333,38.10372008,61.89627992,18.3246666666667,3.44166666666667,0.946724109333333,2.34192343943969,2.21984421375315,0.539675211806186,1.52752523165195,0.433565060092521,2.4620693193599,3.45154577475199,1.44275350893524,0.376658679077075,7,0.0649702203019576,35.7761421863004,1.73769207400258,3.11563516168764,0.86602748871026,0.930713024655646,1.28677048856834,21.0792417186039,21.0792417186039,2.4620693193599,0.414075274960162,0.0323093984172332,2103.16666666667,1305.23333333333,1.32666666666667,0.378719616677159,18.8696405194519,454.504349080769,0.770216419802469,0.21978981227514,"high"
"54",54,"OSBS_041",5.06009517433333,4.925,6.05865582866667,15.6666666666667,5.858515,16.3706666666667,5.25401666666667,0.873085225333333,6.80273968833333,24.6666666666667,0.936746945333333,1.339081176,0.368263664,0.833891516333333,6.317183323,11.456874263,2.472930424,84.5923688466667,15.407631155,16.3706666666667,3.35,0.967470789666667,3.2323551988567,3.14553254632662,2.39838588450024,4.50924975282289,2.32946141673977,5.55469930179243,3.5337475950941,0.771893108374452,4.3837417169951,7.02376916856849,0.0220492520853771,1.96259053082609,0.40403758267501,0.773877001873905,2.74250307114174,3.80472651801362,1.01631013242538,8.90466237476279,8.90466237220633,5.55469930179243,0.597390157267426,0.0116718469384969,2124.96666666667,1756.86666666667,0.6,0.173971567845421,32.881048239576,277.693091979857,0.473180726572839,0.12250421258097,"high"
"55",55,"OSBS_042",8.065598658,7.675,5.221506808,15.6666666666667,5.15258225466667,18.1983333333333,9.52203333333333,2.91506439633333,8.812684692,11,0.810863965666667,10.1428621503333,1.610219086,2.59404085533333,6.20491929,10.7873867633333,2.73768690766667,48.9968537766667,51.0031462233333,18.1983333333333,2.875,0.895690995333333,1.72764357806282,1.58291661182767,0.474167693321477,1.52752523165195,0.418068970666669,1.33126794197612,2.43858818585844,1.51326848448652,1.18937225731834,4.35889894354067,0.0726948814180183,7.03255816509226,0.669575283278717,0.884975688444635,0.542472863779936,0.470277636620604,0.413512516249274,18.3256023180236,18.3256023180236,1.33126794197612,0.28831406486677,0.061969837559259,1395.06666666667,601.833333333333,1.44,0.570384361432871,38.9387125279372,150.440231764423,0.304466746952767,0.0965125145484835,"high"
"56",56,"OSBS_043",4.288498679,3.96666666666667,4.274247377,11.3333333333333,4.012335552,12.2676666666667,4.74233333333333,2.26216075466667,9.01026749666667,18.6666666666667,0.869444444333333,1.58497029466667,0.563653821333333,1.09179594933333,4.74105902933333,7.38113499466667,2.23331064166667,62.73852369,37.26147631,12.2676666666667,3.08333333333333,0.945720062333333,0.885069795239612,0.893145191630864,0.342741161060165,0.577350269189626,0.421153331462826,1.35302414366239,1.00887014815254,0.352219093824833,0.914437204466003,3.21455025366432,0.0120281304156671,0.842413087380602,0.168464175270361,0.290670303121278,0.550125167956323,0.867459481311309,0.208801321567584,6.68963052911454,6.68963052911454,1.35302414366239,0.208166599946613,0.0115724482973447,2100.2,1184.86666666667,1.49,0.43841559640352,109.308920038577,223.38328794548,0.277308492477241,0.075039051608265,"high"
"57",57,"OSBS_044",8.08712698333333,7.525,5.34895497566667,15.6666666666667,5.15285429033333,17.0736666666667,9.27765833333333,3.661766951,10.2618754866667,9.33333333333333,0.838002645333333,6.48572980033333,1.05906523,2.11739988733333,5.84205675633333,9.70644778133333,3.44624162966667,42.49219352,57.50780648,17.0736666666667,3.00833333333333,0.945380227,2.48429009382368,2.42371099762327,1.50642157754186,3.21455025366432,1.46520527401776,3.24857142961846,2.92241815329503,1.3763126668162,1.71082391578212,4.93288286231625,0.0684672325352864,5.25431878456228,0.155792403178198,1.13878060261345,1.37629372356373,3.0560015033933,0.819225646852582,16.8206654654541,16.8206654654541,3.24857142961846,0.146486631927058,0.0276041944267558,1500.3,830.2,1.45333333333333,0.446862797807271,31.4615638517858,115.006217223244,0.298719489376461,0.07405685513142,"high"
"58",58,"OSBS_0D1",7.91457686375,7.4625,5.204016214,14.5,5.02401624375,16.862,9.3999,3.61632468,10.4466821905,9.75,0.8196841675,24.17729872225,2.12051309325,3.966905971,6.08582452725,10.19411863,3.12501423575,41.502685065,58.497314935,16.862,3.3625,0.91678791825,1.06280754663207,1.14990941672232,0.309734419552652,1.29099444873581,0.348589123409652,1.00003399942202,1.16921835624631,0.198543042748095,3.55944517626899,3.09569593683445,0.0274993931879902,19.2933493856553,0.821722675411188,2.14101497552054,0.536157308822523,0.687005504381864,0.369062259359116,6.07172821385511,6.07172821385511,1.00003399942202,0.489259644769523,0.0187042827138924,1897.65,1055.525,1.52,0.442152566229952,62.7660470849222,184.722519381549,0.421030481873542,0.107388495475054,"high"
"59",59,"OSBS_0D4",5.39701721775,5.0125,5.01777718075,13.75,4.77683715075,15.12775,6.32819375,2.39593594725,9.21393482075,17.25,0.849291597,6.246237016,1.16166268475,2.12443527375,5.75492358375,8.73757834125,2.952285273,59.8574406325,40.1425593675,15.12775,2.7375,0.9468039745,2.12586423591039,2.16991743314502,1.32042707531238,3.30403793359983,1.34177212877305,2.27778509009666,2.15394890921061,0.788091703998932,2.01496226276902,4.78713553878169,0.0515362572204252,3.3564711721813,0.508690032713236,0.502629655282942,1.14801794894062,2.73579511165051,0.88658116524207,13.0802947907571,13.0802947907571,2.27778509009666,0.32945662334618,0.0084828542419176,2228.7,1580.325,1.0325,0.290186952756794,49.1238570689776,128.367866565845,0.166408132814075,0.0661685863102453,"high"
"60",60,"OSBS_0D5",6.28690573725,5.9625,5.7305863755,15.25,5.45817247525,17.28,7.09450625,2.4550979155,8.3410101975,17.5,0.88279119325,6.3543867085,0.9945359625,1.92099662975,6.51137928775,10.78071714525,2.8331729365,59.8864857075,40.1135142925,17.28,3.4375,0.93672015625,2.14606551663087,2.05775970414429,0.784360043708016,2.62995563967658,0.712896185418832,2.90573421587958,2.59213247655084,1.05044696238479,0.230344553165796,7.14142842854285,0.0468513391848129,8.02757072946577,0.754188190888301,1.29019740343712,1.08866517192366,1.15992274372371,0.677966799285741,16.2661884471382,16.2661884471382,2.90573421587958,0.739509972887452,0.0329636211030638,2316.03333333333,1723.63333333333,0.78,0.255656458827212,87.4676130538231,215.88266102986,0.307896086366813,0.0885112469815265,"high"
"61",61,"OSBS_0D8",7.584472319,7.14583333325,5.21979703375,14.25,5.1148763805,15.2705,8.5975375,3.185879652,8.3647027785,12.5,0.8271996805,41.63257868425,1.901823747,4.148813227,5.80620733825,10.41238267125,2.46582356875,48.5941285575,51.4058714425,15.2705,3.2875,0.87689479425,2.58764841592778,2.37268893403958,1.08535862070415,1.70782512765993,0.953612548877984,2.69755129700994,3.21787050964998,1.36304470772408,0.544226880376038,7,0.0626639146495727,75.0528969062997,2.16357288678267,4.80169528402471,1.17102970914493,2.40908039646368,0.612302509407425,19.4206525898961,19.4206525898961,2.69755129700994,0.301039864469807,0.0806038227544613,1949.32,1228.54,1.044,0.367630574161417,692.645953572242,527.396717850993,0.525861198416464,0.148387277647615,"high"
"62",62,"RICE_C1",10.6702918245,8.5333333335,5.702363548,21,6.0239551715,26.362,18.024183335,7.113606863,8.0806586555,0,0.730224868,611.51433695,14.89259268,19.716672995,6.492219821,9.695353198,6.7523302585,2.5425780985,97.4574219,26.362,5.4166666665,0.9340558175,2.75218427722388,3.34697209738062,0.964723009522423,1.4142135623731,1.62874708480014,0.958836795288957,1.60402459031258,0.0816863867478052,0.0709687233034197,0,0.00607962208025528,61.4152384129705,1.26071332324674,0.605189790828921,0.541633117076499,2.65216814757889,0.685337506856905,0.527857499646195,0.527857503181736,0.958836795288957,0.0235702258038492,0.016944309995012,1929.25,169.35,6.115,0.913572700612543,55.0836182544321,187.595429048791,2.77892965006313,0.0947698331903957,"high"
"63",63,"RICE_T1",13.2528723505,11.2833333335,5.312955248,21.5,5.8509128935,29.467,22.00328333,6.4578087065,8.05562941,0,0.7423132185,1477.512979,26.186343305,27.906194535,6.2863457015,12.499241823,7.3365712315,7.905540711,92.09445929,29.467,5.366666667,0.93348241,5.20967140679726,6.6703739689574,1.52930443148262,6.36396103067893,1.83825792240151,2.29668282529391,4.29659293452382,0.135524814709305,0.0192823196761325,0,0.00680691888136508,384.642844951371,2.78300287503655,4.28022366002672,2.40996633866311,5.00138174472832,0.923857862604286,0.827441665908225,0.827441661665581,2.29668282529391,2.68700576850888,0.0401923454224408,1888.55,164.25,6.455,0.912910087318388,28.072139213106,27.647875144394,0.0494974746830585,0.0159342751302584,"high"
"64",64,"SCBI_046",12.115231065,10.45,5.6537622425,26,6.6411867895,27.8755,19.0848375,7.0260347935,9.210171293,0,0.7275892855,554.92229875,16.6394866,15.755003755,6.410095334,10.73983364,6.401266216,3.789510776,96.21048922,27.8755,5.575,0.945412566,0.372388261583553,1.30814754519511,1.30868137192404,4.24264068711928,1.40464445671603,1.70766287656551,0.568920438473166,1.04885826332408,0.97788349567189,0,0.0175514007646404,353.760526988931,5.79491884256018,5.10668167959114,1.2988714780232,0.46157283268069,0.229353949523523,4.47874922750105,4.47874922750105,1.70766287656551,0.636396103067893,0.0224980899961176,1429.5,93.1666666666667,5.33333333333333,0.935456858382092,81.2090512196763,45.6793534688631,0.281484161780611,0.0291131233859059,"high"
"65",65,"SCBI_047",10.907884005,8.8875,5.944324921,25,7.611805826,31.8285,21.293875,6.805717037,8.124631544,0,0.769071691,1831.177981,31.325594205,27.599955885,7.8894055835,9.7939618345,7.832861856,3.5206343895,96.47936561,31.8285,5.9625,0.8777740225,1.08544239062744,0.159099025766973,0.599371052967159,1.4142135623731,1.11588490733458,1.36825162159597,0.170589510961255,0.422727034944304,0.0670499396434043,0,0.0291811527607969,1058.00381343342,12.1270828157109,5.40268369169004,0.826158981985328,1.54892123034393,0.80630044452874,0.916240714610086,0.916240711074555,1.36825162159597,0.33587572106361,0.0834018907314673,1258.7,75.7666666666667,5.09,0.938609493336711,110.864917805409,26.5692177779726,0.862612311528186,0.0262667301960301,"high"
"66",66,"SCBI_049",10.8796694666667,9.275,5.68305960633333,24.6666666666667,6.111184152,28.8243333333333,20.0802583333333,6.90694751066667,8.19302653933333,0,0.758022885666667,443.368704366667,14.4764650566667,15.1873634166667,6.36163608866667,10.015989051,6.66404988366667,4.92735699933333,95.0726429966667,28.8243333333333,5.08333333333333,0.94553688,0.90179078389171,0.711951543294907,0.515104792267723,0.577350269189626,0.668827247299541,1.83195150954749,2.38549418587288,0.256159649917504,0.0669576658504518,0,0.0127665739272175,52.198093301632,1.5724932350837,1.49808191677315,1.60218131075659,1.01041883130471,0.592900494423351,3.66241808674148,3.66241808759794,1.83195150954749,0.856713682237732,0.0254895053011858,1323.23333333333,81.2,5.26333333333333,0.93899170558625,43.6623789243479,26.3319197932851,0.133166562369588,0.018439660864676,"high"
"67",67,"SCBI_055",8.8684583555,7.1125,4.751984532,24,4.737365952,29.9645,16.37395,6.9174771055,8.0331620015,1.5,0.7552507835,211.09906275,9.744479263,10.568570995,7.489308003,8.7369042395,5.533349116,7.144603691,92.85539631,29.9645,4.8125,0.9294516125,0.275098328393319,0.0883883476483184,1.72347028118585,9.89949493661167,1.66030198300457,2.6071027022348,2.87951558968692,0.869454619666284,0.0147569345643822,2.12132034355964,0.0793555570289411,47.9094588700637,2.94865478945242,0.45213075804976,1.54660463751299,0.524976872484648,1.02278744914087,8.50210341486451,8.50210341627873,2.6071027022348,0.0530330085889906,0.0163585554653991,1169.26666666667,141.766666666667,3.88333333333333,0.875860573534221,48.665627842794,114.235385644437,0.832666399786453,0.105200077828984,"high"
"68",68,"SCBI_063",12.20229144,9.975,6.361080709,31,7.935639546,34.613,23.3197,6.700922461,8.408888889,0,0.746527778,2385.083107,33.86237728,35.19122778,6.660174739,11.3616071,8.235827015,5.184534271,94.81546573,34.613,4.625,0.915213784,NA,NA,NA,NA,NA,NA,NA,NA,NA,NA,NA,NA,NA,NA,NA,NA,NA,NA,NA,NA,NA,NA,1392.36666666667,42.5666666666667,6.02666666666667,0.969425383042473,71.1414319038726,12.1656620589811,0.232880512996114,0.00887298096248814,"high"
"69",69,"SCBI_066",11.089159473,9.75833333333333,5.069400431,23,6.20917067066667,28.0523333333333,19.115675,6.714409524,8.16385468133333,0,0.726759259,955.057103533333,18.251783104,21.0866921206667,5.91617094633333,10.263254591,6.21498203733333,6.06838254733333,93.9316174533333,28.0523333333333,4.69166666666667,0.946474784,1.29677158371517,1.74666348600219,0.143323929189664,3,1.1804075036586,1.5292914481332,1.83157571216016,0.701881426681047,0.163306703743499,0,0.0475075802618423,955.215588292459,9.63359735220651,13.1573249829713,0.368694913851642,1.85320530813241,0.443997191151771,4.57738485909029,4.57738485898962,1.5292914481332,1.60084613043644,0.00626875577955694,1246.13333333333,131.533333333333,4.17666666666667,0.893593184686502,156.688108461789,59.7054715527257,0.654548190229973,0.0510736561625996,"high"
"71",71,"TALL_049",18.50387303,18.2,8.283408087,27,8.1725216695,27.6835,20.3507125,3.246592047,9.056373391,6.5,0.8292487685,113.0712895,4.7763839775,9.451895971,8.9898354015,20.79780224,3.608281717,50.294005585,49.705994415,27.6835,3.5125,0.82093239,4.33181365459414,4.24264068711928,1.87908022430556,1.4142135623731,1.9078205179086,0.846406817080297,4.14723430466769,0.0534712719577569,1.45164333918217,4.94974746830583,0.0110594293649362,3.88378060155456,1.28166205248272,0.442220249217924,2.78001546697287,1.90468229952484,0.3721719067075,11.3136438906382,11.3136438906382,0.846406817080297,0.0176776695296636,0.0229713169667861,1338.7,254.866666666667,3.46333333333333,0.807469052777593,85.7981351778697,102.318343093178,0.70315953618886,0.0829563672439651,"high"
"72",72,"TALL_053",14.5858233266667,13.7416666666667,6.19268114433333,25.6666666666667,6.78250803533333,30.0646666666667,20.7191916666667,5.902087959,8.192819966,0.666666666666667,0.764742063333333,271.319514866667,10.4803729073333,11.1424467653333,6.31647909533333,13.3890962166667,6.571290067,14.1712891336667,85.8287108666667,30.0646666666667,4.475,0.951445364333333,1.36861080643844,1.63484199032608,1.2182491825306,0.577350269189626,0.927935679887704,3.81202889985548,1.89040479499983,0.851154313587611,0.225916084908245,1.15470053837925,0.0156338507653855,249.530451954066,5.67659367094546,4.87514639996422,1.55551342125798,1.13500894651868,0.815887716176031,6.7958394799529,6.79583948050086,3.81202889985548,0.57282196186948,0.0203869166968269,1113.9,313.9,2.18,0.710170653782931,168.107673828413,37.4028073812649,0.572974694031071,0.0800123592437661,"high"
"73",73,"TALL_055",12.0008104566667,11.2416666666667,6.32329646866667,24,6.712435365,26.282,17.3922416666667,4.972617119,8.051473897,3.66666666666667,0.770635802666667,235.297505856667,9.00350775566667,10.4053842956667,6.860685043,12.0291058333333,6.107174152,27.1085516393333,72.89144836,26.282,4.84166666666667,0.951114214333333,2.08307185317605,2.0393524298986,1.33339382990424,1.73205080756888,0.938485324837867,2.74937756592288,3.69055228254639,1.59591310556179,0.02634074950477,5.5075705472861,0.0531487813878415,246.787989173968,6.10860562366771,5.6239163166462,1.81668175395666,1.88734700913729,0.13665154077287,21.5064045500966,21.5064045492307,2.74937756592288,0.298258836136221,0.0190415526998722,1292.66666666667,485.166666666667,1.91666666666667,0.622200857900923,45.1367182384068,162.926987737862,0.521568148311736,0.134655584513305,"high"
"74",74,"TALL_058",11.8853676623333,10.505,4.95720133766667,24.6666666666667,5.777958643,31.2266666666667,19.4378133333333,6.526112887,8.18898057433333,0,0.750539327333333,442.798770866667,13.4359492533333,15.16375102,6.81531148933333,10.7615693556667,6.10128438166667,8.45423116833333,91.54576883,31.2266666666667,5.06666666666667,0.915821261666667,2.740709515679,2.06822991952055,1.48065481147607,5.5075705472861,1.36388356386587,4.70969853953874,4.59540577762545,0.614710150479707,0.243694072178135,0,0.0438104058797792,296.038532291612,5.38098116284429,4.42120821880949,1.02310101026713,2.60853073038669,1.37058258781073,7.70196099227619,7.70196099077764,4.70969853953874,0.682519840981442,0.0111211309155578,1072.5,331.266666666667,1.84333333333333,0.690874672930112,26.981660438157,17.9536440126603,0.145028732785381,0.0214577843943244,"high"
"75",75,"TREE_025",6.273135371,5.49166666666667,4.89494851033333,17,4.88853501433333,19.483,9.16541666666667,4.056303245,8.16498475466667,9,0.777259436333333,86.7165817266667,4.47663167266667,7.79156318633333,6.630046248,7.42471568133333,3.96637627866667,39.9479503333333,60.0520496666667,19.483,3.78333333333333,0.917708292666667,0.385159908631518,0.496445700286883,1.54482418042635,1.73205080756888,1.31596946145424,1.29722781345452,0.471857280682765,2.11735979645086,0.135076256750546,7.21110255092798,0.0442729246784862,52.6369332964342,1.34846142682548,2.67085985697041,2.25361032784096,2.4557734630236,1.12112620358441,20.7938216843524,20.7938216843524,1.29722781345452,0.64436661407411,0.0784597117503567,1855.7,282.433333333333,5.30666666666667,0.848555280949482,20.1144226862219,204.575031060326,1.78911523757787,0.108273304140376,"high"
"76",76,"TREE_039",6.27467064,5.23055555566667,3.22672282933333,14.3333333333333,3.35179148033333,19.8463333333333,9.17473889,6.31291695766667,8.05173333733333,2.66666666666667,0.74023074,44.3796393733333,3.410017203,5.65618714333333,4.81117721533333,5.98557237033333,3.43692329766667,18.6501795853333,81.3498204133333,19.8463333333333,3.99166666666667,0.865376372,0.897109016751884,0.484648593695779,1.31240363683209,5.13160143944688,1.22995504894047,2.2244103338488,1.51474056815476,1.91175049157873,0.0443392347481998,4.61880215351701,0.105070885179902,4.77853521036943,1.01048883178694,0.342587054633894,1.72985065207198,0.416296372879182,0.54019226859339,19.9911201423488,19.9911201405443,2.2244103338488,1.84464314525421,0.0183302972888009,1808.76666666667,203.066666666667,1.45,0.88397412769242,99.217656358802,168.472707977682,2.51147367097487,0.102761006267958,"high"
"77",77,"TREE_041",13.6829322466667,12.95,6.659981573,22.3333333333333,6.881524521,33.594,16.6595,4.16087679466667,8.01584279433333,5.33333333333333,0.849036616333333,96.9691944166667,4.91649976,8.346759577,8.04321003033333,14.3750139866667,4.74653628266667,41.5795589533333,58.4204410466667,33.594,5.3,0.89688085,1.07558156651205,1.17898261225516,0.0311835196143647,1.52752523165195,0.152251104193835,17.8411222741172,1.17375868447266,0.456212753595461,0.0137421718520452,0.577350269189626,0.0563084734261035,34.7452298113813,0.249617635493725,2.15196065383978,1.36397452838679,1.00403912804334,0.287224256536737,0.145923439422572,0.145923439422572,17.8411222741172,1.48134229670256,0.0506289111258001,1562.53333333333,283.366666666667,4.12,0.820274909222593,60.3696391684872,117.796278945191,0.633166644731069,0.0678452811310671,"high"
"78",78,"TREE_042",11.89210768,10.8833333333333,4.49109939366667,21,5.133954829,23.043,17.112425,6.92592717733333,11.1201947503333,0.333333333333333,0.745305555333333,171.13385611,7.80704647933333,10.007277291,4.62800296133333,11.0107737336667,5.03931366666667,9.86869324666667,90.1313067533333,23.043,4.2,0.929147432333333,1.09845648513383,1.14409716953296,0.17611420106385,2,0.429402750365648,0.531152520468462,1.53652634597491,0.398729104386367,3.7869899266432,0.577350269189626,0.0318840219239402,92.2661798049772,1.33172782742761,3.64471191490337,0.987458247976905,1.00662201656736,0.215981659492767,4.50717048776388,4.50717048776389,0.531152520468462,0.739932429347437,0.0224255718475523,1705,79.08,0,0.953618768328446,0,22.3131575533361,0,0.0130868959257103,"high"
"79",79,"TREE_045",10.54997095,9.85,5.412314344,21,5.876010551,21.561,13.644175,2.452073791,8.113256113,5,0.776086957,188.233824,7.211563937,11.67163954,6.376334925,10.94867354,4.478509286,51.14521762,48.85478238,21.561,4.6,0.911682069,NA,NA,NA,NA,NA,NA,NA,NA,NA,NA,NA,NA,NA,NA,NA,NA,NA,NA,NA,NA,NA,NA,1749.53333333333,648.233333333333,1.76,0.629113060891551,33.4024450202875,137.640703766485,1.54146034655453,0.0814270122903434,"high"
"80",80,"TREE_046",8.39133413166667,7.64166666666667,4.343488944,19,4.82055138066667,22.1523333333333,12.494475,5.56517451733333,8.634396569,2.66666666666667,0.784306379,115.142328883333,6.22558261,8.285207034,5.330319199,7.79486973833333,4.35578909933333,24.4711871733333,75.5288128266667,22.1523333333333,4.78333333333333,0.926449214666667,1.74472481209014,1.66814517753502,0.304452863711329,0,0.361405696080436,0.969802213512288,3.02576649059788,1.67301078853321,0.619856760840559,3.05505046330389,0.0402353323855675,58.6157859327677,2.84921258370104,1.868603587654,0.656099569645293,1.44804737641958,0.35208723708563,19.0863670992466,19.0863670992466,0.969802213512288,0.71253654877019,0.00961198492353024,1351.03333333333,125.266666666667,2.41333333333333,0.90464969597865,154.221150732749,34.3791118752846,2.10490696548169,0.0375861627971083,"high"
"81",81,"TREE_047",12.0531807073333,11.375,5.14759023433333,19,5.11461287933333,21.4796666666667,14.5388583333333,3.42545339133333,8.10226916533333,5.33333333333333,0.789806763333333,29.58313524,3.11925204533333,4.25874178366667,5.94272064366667,12.2680190913333,3.85787101933333,46.0313726,53.9686274,21.4796666666667,4.06666666666667,0.882063321666667,4.5881071321917,4.62716165699881,1.31776674646241,2,1.29500584520575,1.92229480916256,5.28082404325625,0.416966203166529,0.0702962429734306,3.78593889720018,0.0401325213709574,15.7299490669818,0.992601552473504,1.2607627313445,1.80769036738043,4.10427035480289,0.345487080849323,4.10851943082535,4.10851943082535,1.92229480916256,1.296710581947,0.0781748715812194,1613.06666666667,199.666666666667,4.92,0.874858691599987,50.0474108554412,114.38187502106,0.736545993132812,0.0739853182115236,"high"
"82",82,"TREE_049",9.87705980466667,9.01666666666667,4.52843844966667,19.6666666666667,5.057516116,22.745,15.0110083333333,6.60461372966667,8.04254399833333,3.33333333333333,0.740173913333333,131.962063216667,7.489250265,7.74621367066667,5.59805121033333,9.89676039,4.34340316933333,17.649712387,82.3502876133333,22.745,3.88333333333333,0.913797576333333,0.935601205221646,0.656854879964618,1.07079323534684,1.15470053837925,0.591963767859827,0.816729453368739,2.5161857734393,1.71365113045687,0.0175572532828861,5.77350269189626,0.0594818999958576,110.003514205012,3.8771542883619,2.96170995021587,1.86042254944105,0.4665446473605,0.700161483619419,28.436506884723,28.436506884959,0.816729453368739,0.0288675134594812,0.0223362435664525,1705.06666666667,111.766666666667,5.11,0.934450814686371,0.960902353693228,38.6037994675826,0.115325625946708,0.0226422816771091,"high"
"83",83,"TREE_056",8.125800477,7.425,5.424796602,17,5.40138276866667,19.9766666666667,11.172725,4.063094401,8.06863602833333,8.33333333333333,0.783867276666667,76.37836249,3.99859832733333,6.69385578866667,6.82079916266667,8.99482419166667,3.96090325433333,45.1078563466667,54.8921436533333,19.9766666666667,3.75833333333333,0.949311206,1.06317947439943,0.714580296397823,0.556955462540835,1.73205080756888,0.60706983258847,1.87219051737085,1.59427671610044,0.817008368578099,0.0411068147406001,4.72581562625261,0.00870073150854164,86.8123480307203,1.81783506840999,4.47976322672332,1.00571647889953,1.07164185283186,0.501108165811032,16.0190907200918,16.0190907200918,1.87219051737085,0.688446318410763,0.0106436923411056,1580.93333333333,184.033333333333,3.28666666666667,0.883806612293497,15.9575478483798,86.441733747845,0.29280255007997,0.0542726536016635,"high"
"84",84,"UNDE_045",8.98734687666667,7.65833333333333,4.54686024466667,18.6666666666667,5.28455302533333,23.15,15.7887666666667,6.44697979066667,8.04253311666667,0.333333333333333,0.696162257666667,426.22358879,13.353915578,13.7173662033333,5.927858902,8.29919074733333,5.596022563,8.533949489,91.46605051,23.15,5.4,0.935591760333333,1.76059776607508,1.96696678501019,1.91743227782246,4.50924975282289,2.49072007389233,3.0580681810581,2.48861206980082,0.308871095037093,0.0323539345485745,0.577350269189626,0.031766142101334,324.355531957724,6.2832146145636,7.07932214977339,1.21073520230424,1.54194077988311,1.98307620377844,3.79829161121087,3.79829161033992,3.0580681810581,1.08943792847505,0.00401756854074223,1472.26666666667,82.1333333333333,3.52333333333333,0.945005939071281,206.545402595491,26.9581774853816,3.07938846742877,0.0112158167754088,"high"
"89",89,"UVAX_A3-08",9.04274035,7.09375,4.004860967,18.75,4.8718173245,24.09975,19.04504375,6.63012968075,8.23789543,0,0.65884722225,782.349067,20.4066261975,18.1960857675,4.1378994555,8.04976660075,5.76898002875,4.6578023395,95.34219766,24.09975,4.25625,0.91516150725,2.16147704432569,2.22395808938328,0.749134872439571,3.947573094109,1.18511023771238,1.17467225925646,1.4866307045877,0.458658856173711,0.279103387415437,0,0.0287568698942391,394.903328531702,5.52238262803289,3.99142488739108,0.597210138318816,1.86885701579809,0.739180949554663,2.66804457207169,2.6680445699746,1.17467225925646,1.03044792040484,0.0310260972485869,1571.93333333333,168.4,4.93,0.892908201260279,12.3390977519968,38.8222874132888,0.419046536795139,0.0245233046966921,"high"
"90",90,"UVAX_A4-01",10.9309527153333,9.30833333333333,5.77006127166667,26.3333333333333,6.629111249,28.563,20.4178583333333,6.84056183333333,8.04874044433333,0,0.762332309333333,814.786872533333,18.81796791,20.1545350666667,6.82758062533333,9.94024020833333,6.83740006033333,3.40266953866667,96.59733046,28.563,5.575,0.939112140333333,1.61839572618912,1.37711957844384,1.51262509409999,3.05505046330389,1.5429723172799,1.70701698878482,2.64933705933359,0.467196861773518,0.0258900731567118,0,0.0333204356166045,450.580953076803,7.27149904669019,5.36878106635768,0.394465537536783,1.22666927400443,1.58307536506556,2.14337410066034,2.14337409858071,1.70701698878482,0.7806247497998,0.0231205556682127,1878.4,223.6,4.34,0.880962521294719,NA,NA,NA,NA,"high"
"91",91,"UVAX_A4-03",11.7684711933333,9.85,5.65596999866667,25.6666666666667,6.961126102,30.3533333333333,21.4394833333333,7.07259516833333,10.718197708,0,0.740310704,1110.5463179,24.71271296,21.6182649366667,5.94974448966667,11.0046154966667,7.24493598433333,2.528255047,97.4717449533333,30.3533333333333,4.29166666666667,0.934990432666667,1.1034771686148,0.878919791562347,0.898116810029538,3.05505046330389,1.46895714274074,2.29691974899719,2.61191005950786,0.400610347262703,4.22019428714228,0,0.0285727059007254,398.876798317088,6.55853728862522,2.38824708567783,0.87548046087394,1.19887222451008,0.718382482484062,1.84222121262993,1.8422212163771,2.29691974899719,0.857442903832864,0.00365584460060136,1575.8,117.7,5.19666666666667,0.925683938972137,110.864917805409,48.4023759747391,0.486449723335653,0.0297160686475829,"high"
