"","plot","mean.height_mean","mode.el_mean","height.2_mean","max.el_mean","mode.2_mean","max.can.ht_mean","mean.max.ht_mean","mean.vai_mean","max.vai_mean","deep.gaps_mean","porosity_mean","std.std_mean","mean.std_mean","rugosity_mean","top.rugosity_mean","plot_1_mean","mean.return.ht_mean","sd.return.ht_mean","sky.fraction_mean","cover.fraction_mean","max.ht_mean","rumple_mean","clumping.index_mean","mean.height_sd","mode.el_sd","height.2_sd","max.el_sd","mode.2_sd","max.can.ht_sd","mean.max.ht_sd","mean.vai_sd","max.vai_sd","deep.gaps_sd","porosity_sd","std.std_sd","mean.std_sd","rugosity_sd","top.rugosity_sd","plot_1_sd","mean.return.ht_sd","sd.return.ht_sd","sky.fraction_sd","cover.fraction_sd","max.ht_sd","rumple_sd","clumping.index_sd"
"1","AFA4",9.053139872,8.175,5.85435277,19,6.188244905,20.079,13.369275,3.345926515,8.201680672,5,0.754761905,232.9564501,9.018843591,12.31328187,6.789967637,NA,8.283381316,5.597503277,40.11384062,59.88615938,20.079,3.425,0.95086112,NA,NA,NA,NA,NA,NA,NA,NA,NA,NA,NA,NA,NA,NA,NA,NA,NA,NA,NA,NA,NA,NA,NA
"2","AFD9",5.528268699,4.35,1.869027123,9,1.956399755,22.094,11.917075,6.498117501,8.026229508,0,0.669565217,43.40364041,4.63834231,4.678613151,5.146451789,NA,5.001622078,2.867168365,8.557476785,91.44252321,22.094,5.075,0.818587053,NA,NA,NA,NA,NA,NA,NA,NA,NA,NA,NA,NA,NA,NA,NA,NA,NA,NA,NA,NA,NA,NA,NA
"3","AFG8",5.449405939,4.1,1.665968231,10,1.827566688,20.423,12.0308,6.319863863,8.023880597,0,0.625,47.34561432,5.526740169,4.098872702,3.943064812,NA,4.757596271,2.756068264,8.817714512,91.18228549,20.423,3.925,0.801301075,NA,NA,NA,NA,NA,NA,NA,NA,NA,NA,NA,NA,NA,NA,NA,NA,NA,NA,NA,NA,NA,NA,NA
"4","ARNO01",15.38449535,13.7,7.668081841,26,8.479976415,32.551,23.898325,7.429313137,8.335078534,0,0.75,1401.587439,23.62041498,29.045885,8.893726488,NA,14.38975019,9.096946666,1.456188802,98.5438112,32.551,7.3,0.898673431,NA,NA,NA,NA,NA,NA,NA,NA,NA,NA,NA,NA,NA,NA,NA,NA,NA,NA,NA,NA,NA,NA,NA
"5","ARNO02",14.023828955,12.4875,6.761205357,29,7.6252899605,31.312,22.0477,7.442861754,8.0230621605,0,0.769698767,771.086676,17.973180125,20.957503255,7.283120943,NA,12.841500855,7.345683515,2.1305385865,97.869461415,31.312,6.4,0.940259608,1.29210984720985,1.53795724908074,2.22443233447798,5.65685424949238,2.44832208594429,2.43103311371935,1.59876843226278,0.0547363878126761,0.00307511193196537,0,0.0210152941470372,230.100638869528,2.29426708689986,3.52212965744838,1.10068329099317,2.82842712474619,0.508114806079356,1.16013144383009,0.779731945965517,0.779731943844197,2.43103311371935,1.44956890143242,0.0378432320435355
"6","ARNO03",5.077847747,4.15,2.216946553,13,2.584085912,25.162,8.7816,7.681397147,8.169411765,0,0.772115385,118.1947873,4.985457551,9.661262875,5.700378574,NA,4.570564288,3.120733625,0.72611465,99.27388535,25.162,4.2,0.791588017,NA,NA,NA,NA,NA,NA,NA,NA,NA,NA,NA,NA,NA,NA,NA,NA,NA,NA,NA,NA,NA,NA,NA
"7","ARNO04",4.688413139,4.5,2.027690541,18,3.619392214,21.51,8.9867,7.606980923,8.046376812,0,0.779347826,193.2324994,5.771577053,12.64600323,4.795149628,NA,3.714298495,2.348579655,1.196937031,98.80306297,21.51,5.175,0.725052524,NA,NA,NA,NA,NA,NA,NA,NA,NA,NA,NA,NA,NA,NA,NA,NA,NA,NA,NA,NA,NA,NA,NA
"8","ARNO05",5.9839246195,5.325,3.5654610275,19,4.03327946,24.386,10.73496,7.472010895,8.249532001,0,0.7834455125,97.80785112,5.363269187,8.060303176,5.7614286705,NA,5.3247172955,3.982775765,1.5799822495,98.42001775,24.386,4.87,0.8440121475,0.239967977983844,0.106066017177982,1.06318460450695,0,0.450348298832095,1.26006428407443,0.0369675425204337,0.0779220514722574,0.184030219285465,0,0.0266751500648157,50.8680699110856,0.525230032975769,2.80598439555418,0.535221914948876,2.82842712474619,0.0737908515209595,0.854131047911227,0.294928521474583,0.29492852501011,1.26006428407443,0.664680374315354,0.0482781065155615
"9","ARNO06",4.382839999,3.35,1.843000569,11,2.197157254,28.29,11.749975,7.50826288,9,0,0.794827586,114.0840166,6.151896288,8.731448256,5.957202973,NA,3.839522484,3.040718734,1.075745112,98.92425489,28.29,7.325,0.705117317,NA,NA,NA,NA,NA,NA,NA,NA,NA,NA,NA,NA,NA,NA,NA,NA,NA,NA,NA,NA,NA,NA,NA
"10","ARNO11",6.389062229,5.133333333,3.016121494,21,4.295216978,26.464,15.5256,7.875631317,8.150943396,0,0.759259259,498.7254817,14.68916474,16.82123423,7.889086821,NA,5.780738792,4.845087532,0.283345577,99.71665442,26.464,6.533333333,0.880163038,NA,NA,NA,NA,NA,NA,NA,NA,NA,NA,NA,NA,NA,NA,NA,NA,NA,NA,NA,NA,NA,NA,NA
"11","ARNO12",9.576226448,7.745,6.2304523345,22.5,6.646590668,28.058,17.700665,7.6269919465,8.1085382735,0,0.771154762,844.943586,17.409715,22.88079161,8.142884943,NA,8.7097526045,7.2451606095,0.934242497,99.065757505,28.058,6.62,0.9409199315,0.275615161932078,0.431335136523794,0.150371768916679,0.707106781186548,0.63997264351028,1.57260548135888,0.729896832744189,0.107237426535152,0.107876505401348,0,0.00213815655601967,345.896035093282,3.11145901656905,5.19118415727878,0.268344400094136,2.82842712474619,0.292357693350223,0.0941698273466744,0.162580190232501,0.162580190232502,1.57260548135888,0.735391052434009,0.00958227764218324
"12","ARNO35",7.436786913,6.8,4.913542757,23,6.532993188,26.318,15.25886,7.544172179,8.051948052,0,0.767407407,792.0573396,15.76408831,23.31417722,7.860637052,NA,6.826618171,6.257593421,1.068023798,98.9319762,26.318,6.98,0.868009125,NA,NA,NA,NA,NA,NA,NA,NA,NA,NA,NA,NA,NA,NA,NA,NA,NA,NA,NA,NA,NA,NA,NA
"13","ARNO36",4.227295322,3.175,1.400833766,8,1.481342297,20.892,8.220975,7.690150387,8.048879837,0,0.760227273,105.1886512,3.596983022,9.604705321,4.486962575,NA,3.731477401,2.155608119,0.846182775,99.15381722,20.892,4,0.676055007,NA,NA,NA,NA,NA,NA,NA,NA,NA,NA,NA,NA,NA,NA,NA,NA,NA,NA,NA,NA,NA,NA,NA
"14","ARNO5",5.739211563,5,4.541776809,18,4.959838707,24.234,13.8001,7.571332525,8.27027027,0,0.704,368.6339551,12.72223785,14.379799,6.800162473,NA,5.073389557,5.467314293,1.388888889,98.61111111,24.234,4.5,0.919000064,NA,NA,NA,NA,NA,NA,NA,NA,NA,NA,NA,NA,NA,NA,NA,NA,NA,NA,NA,NA,NA,NA,NA
"15","FERN03",14.85457738,13.1,5.953175662,27,7.21734023,31.95,24.0337,7.391130191,8.071856287,0,0.752272727,1494.231228,24.69583513,29.7379716,6.720259085,NA,14.18673142,7.742643386,2.352236123,97.64776388,31.95,4.625,0.947442108,NA,NA,NA,NA,NA,NA,NA,NA,NA,NA,NA,NA,NA,NA,NA,NA,NA,NA,NA,NA,NA,NA,NA
"16","FERN06",12.224527,11.45,5.37774946266667,22,7.016113815,26.559,21.6936333333333,7.45014799433333,8.04380355933333,0,0.703150276666667,1047.1073073,24.0342898233333,20.1764067966667,3.348551786,NA,11.07758127,6.930171045,1.898912974,98.1010870233333,26.559,3.56666666666667,0.870240002666667,1.51887281972076,1.88215302247187,1.0117668486307,4.35889894354067,1.64011292358597,1.22907810980426,3.36116827953218,0.411633592784095,0.0239647774056827,0,0.0431686431314775,516.03248881402,8.62184305302681,4.38441156610303,2.18729373332358,10.5830052442584,0.963816788659203,1.11551852222733,2.21443838661195,2.21443838721977,1.22907810980426,2.02628560013966,0.0783576197589309
"17","FERN08",13.14275291,11.825,5.326791291,21.5,6.523536339,25.042,19.4623,7.0726752205,8.2304674145,0,0.661755952,810.894793505,15.4248448965,17.7075941465,5.28961429,NA,12.275702715,6.252686414,3.086570633,96.913429365,25.042,3.575,0.8166418375,0.377900703415124,0.176776695296637,2.49995059025412,4.94974746830583,2.95710116015471,2.79165757212449,1.93174501552353,0.095510903440456,0.0621390130444929,0,0.0136791489734677,1068.73641945124,14.1781713317427,17.8269342182626,3.83069957475827,11.3137084989848,0.306829860457471,3.08140045035882,0.284200169404093,0.284200166575668,2.79165757212449,0.106066017177982,0.0436838258687989
"18","FERN10",9.7670871605,9.02,5.1190298495,22.5,6.2752212305,25.98,16.10536,6.8500287485,8.20556982,0,0.725796703,395.0511016,12.285414013,15.363384965,6.15940249,NA,9.054595491,5.9424875495,5.1766388215,94.82336118,25.98,4.125,0.926870707,2.78647358775674,3.08298556597335,1.36908192264189,2.12132034355964,1.93845222103504,0.816001225489276,2.70233584352501,0.17671394310534,0.154409886745514,0,0.118071291665317,86.0798697162289,4.00167598768014,0.398500159377853,0.0668829775902309,5.65685424949238,2.55822878118145,1.34796016649788,1.77285860333063,1.77285860262352,0.816001225489276,1.37885822331377,0.015620705802687
"19","FERN13",5.857760376,4.95,2.892677853,19,4.018395202,25.482,14.94335,7.964277578,8.213649852,0,0.75,346.9921145,10.141691,15.62492298,8.130151622,NA,5.134686246,3.888514463,0.052770449,99.94722955,25.482,9.1,0.833436385,NA,NA,NA,NA,NA,NA,NA,NA,NA,NA,NA,NA,NA,NA,NA,NA,NA,NA,NA,NA,NA,NA,NA
"20","FERN15",12.76648386,11,4.526450523,21,5.468089246,23.724,19.46815,6.85834234,8.019900498,0,0.692,455.598705,14.77658967,15.40295759,4.470851565,NA,11.73094428,5.838666425,4.968553459,95.03144654,23.724,3.8,0.898959041,NA,NA,NA,NA,NA,NA,NA,NA,NA,NA,NA,NA,NA,NA,NA,NA,NA,NA,NA,NA,NA,NA,NA
"21","FERNW7",8.88037243,8.825,4.3371938265,23,6.387764864,24.812,15.835725,7.3551700955,8.028985507,0,0.6944357365,356.0057485,12.047161235,14.412266955,6.757377182,NA,7.9351081785,5.243976872,1.590961962,98.409038035,24.812,3.925,0.847222151,0.108320997673748,1.37885822331377,0.612090069018609,4.24264068711928,0.529547054225201,5.20713433665774,2.02575486208228,0.299352263522073,0.0136638995086237,0,0.0335820305105169,82.4971258260503,2.34626869539568,0.900808027793409,2.16568081758503,2.82842712474619,0.30401669340417,0.90146499646117,1.2727485267357,1.27274852814991,5.20713433665774,0.318198051533946,0.0993766908614351
"22","GRSM50",9.3950714545,8.375,5.4211716935,27.5,6.6191484385,32.239,16.79085,6.106935174,8.011965812,0,0.779917115,1231.6699663,18.47315831,28.23298888,8.2720641955,NA,7.3714998955,5.5536237125,14.4904560315,85.50954397,32.239,4.8375,0.9296584105,2.36143616484351,3.57088924499207,1.15221599364786,10.6066017177982,2.74613326185556,3.74766594028871,2.44581164544615,1.40038783440653,0.00483491756968147,0,0.00581335536494529,918.532497468229,6.48700664743005,12.0224872200133,0.568353479548904,2.12132034355964,0.293100910660511,0.452479772521926,13.1190260584599,13.1190260605812,3.74766594028871,0.441941738241592,0.0121071933232407
"23","GRSM53",9.500238863,7.4,6.467680267,33.5,7.3423094195,38.582,19.88,7.628669994,8.5712315945,0,0.7934214745,2811.531208,31.40970947,42.709494045,12.346795725,NA,8.685828677,8.1748575725,0.954845881,99.04515412,38.582,10.45,0.9380187185,2.34068966814695,2.68700576850888,0.867530372103962,6.36396103067893,2.03494097466502,0.861256059485217,2.65677695361315,0.320608360762123,0.735896196083461,0,0.0278649929886641,126.166015336889,0.259974030642909,1.28583351085149,0.538037316459607,0.707106781186548,2.03251647592507,0.420145404349648,0.958239181164412,0.958239176921769,0.861256059485217,0.777817459305202,0.028825791298164
"24","GRSM55",9.74258627233333,8,6.17374414133333,32.3333333333333,7.34213230233333,36.683,21.518125,7.35786227933333,8.800128207,0,0.771161343333333,2126.64557366667,28.6607065533333,35.35138813,10.1612270363333,NA,8.25698075366667,7.085637368,2.14783529233333,97.85216471,36.683,8.95833333333333,0.935011646,1.24241574045751,1.48134229670255,0.455844638883305,3.51188458428425,1.26303796034697,1.6100959598732,3.34569317565508,0.490061715991032,1.30798921724337,0,0.0533553677034261,285.964108578591,5.96441633469402,6.90354864277276,0.903152622562918,1,1.60854244855089,1.15319915151536,1.70572054514049,1.70572054794475,1.6100959598732,1.1408147673191,0.0123708307878481
"25","GRSM57",11.4999643003333,9.525,6.65769666166667,32.6666666666667,8.17415141033333,36.953,23.6248666666667,7.04205568366667,8.024735499,0,0.744549289,2430.483574,32.5124881166667,36.7303952933333,10.0033979756667,NA,10.1524304923333,8.108579716,5.24002142133333,94.75997858,36.953,8.175,0.938190776333333,3.22938148029811,3.31257075396134,0.858719908433768,0.577350269189626,1.5734708704143,3.49449152238205,3.88922930044737,0.69765584144282,0.0108062510100081,0,0.0535996718737279,412.92874124544,5.1574877578884,3.1384627593142,2.44681392944407,1,2.91082794870862,0.918728266203604,6.38313776825965,6.38313776949816,3.49449152238205,4.05485819727398,0.0381258394562784
"26","GRSM60",11.423585997,10.7,5.971305043,30,7.45513427,31.534,20.0512,6.9818080985,9.2741119825,0,0.702320076,669.19798115,18.7431545,17.393605035,6.3671383415,NA,9.9362581685,6.2338677825,4.1278889865,95.872111015,31.534,5.3375,0.895462716,4.91034968887392,5.86898628384834,0.639928692581188,2.82842712474619,1.45497285894162,0.214960461480709,3.09723376761426,0.377626408916526,1.5669797645565,0,0.036493673496807,173.743907736035,0.487766274028997,5.52008812367795,1.53012717072863,0.707106781186548,4.33848198478904,0.011069210065934,1.31516108633479,1.31516108987033,0.214960461480709,2.3864853865046,0.00996347678660056
"27","GRSM61",11.784416585,9.875,5.4340148875,24,6.2654997955,29.3885,21.2324375,6.568632371,8.012237279,0,0.701265295,1013.60127225,19.607161005,23.636146965,6.5783503405,NA,10.798460605,7.0638076645,9.957739532,90.04226047,29.3885,5.925,0.9505231615,0.609673880197547,0.530330085889911,0.27888885773247,0,1.01218803799193,1.26784245866748,0.812448013913813,1.49953036827159,0.00479096098373639,0,0.0347064370657275,729.047540577889,7.34386052172511,9.3302649904293,0.485316245905815,0.707106781186548,0.42176248755465,0.637770839565779,12.7207179273635,12.7207179301919,1.26784245866748,1.20208152801713,0.00132700113330189
"28","GRSM64",7.36060084566667,5.94166666666667,4.60573487366667,21,5.19577431433333,33.6733333333333,18.559775,7.66839549866667,10.4999423,0,0.742871148333333,1343.16578816667,21.0695334366667,29.3161666033333,9.86519307733333,NA,6.56484087366667,6.29656284633333,1.06238637266667,98.9376136266667,33.6733333333333,10.0166666666667,0.873318856333333,1.03122381204235,1.43795282722812,1.01167143899064,6.08276253029822,1.87632124284602,0.364214680282568,1.32561697970228,0.262846604820337,4.23487012600447,0,0.00825941120577565,518.791539888746,2.38309221631576,7.35018766454323,1.07889939177415,1,1.00398350218943,0.4890999478232,0.813096431025575,0.813096431109297,0.364214680282568,2.26802961473904,0.0326248350452608
"29","GRSM65",7.37209715,5.8375,3.2648606165,18,3.8269666375,25.682,16.633575,7.202371044,8.083020671,0,0.6523706895,301.13778435,11.87991277,12.3192506845,6.1109002855,NA,6.776978625,4.649782426,3.9205739705,96.07942603,25.682,6.225,0.903623377,1.07398081902944,0.760139789775539,0.117659835421732,0,0.320979296958718,3.69816846560564,0.654215193953794,0.42386701552637,0.0232588195129485,0,0.0563856698320666,117.01142748364,0.796501596342935,3.98103306374225,0.74355137935142,0.707106781186548,1.25762356784045,0.0191273713671713,3.02418470363367,3.02418470151234,3.69816846560564,1.06066017177982,0.0257969184928346
"30","GRSM66",8.77052223533333,7.1,5.32180504,23.3333333333333,6.24461267766667,32.5053333333333,19.1464666666667,7.24287315433333,8.11395811466667,0,0.778056835333333,1217.89423666667,21.0516247866667,26.7880901366667,9.360457003,NA,7.57498690033333,6.40636141466667,2.31015313966667,97.68984686,32.5053333333333,8.25833333333333,0.913779554,2.73873287678375,2.12588216982974,1.81752157461503,8.02080627701064,2.38177323813036,2.43672204679429,3.44521374847894,0.461958183592427,0.082797145492579,0,0.0332431413669115,575.403416770406,6.70931903867794,6.37709761511237,1.37089784961426,1,2.57224711098479,1.74786137803786,1.5034573610415,1.50345736303863,2.43672204679429,1.98845626890141,0.0139411113235069
"31","GRSMW2",9.248063998,8.35,5.673589132,22,6.486717197,31.142,19.987375,6.564144464,8.04664723,0,0.7578125,594.2150898,15.40285685,18.89357274,8.841788077,NA,8.762316273,6.794509962,6.566121023,93.43387898,31.142,6.875,0.93407092,NA,NA,NA,NA,NA,NA,NA,NA,NA,NA,NA,NA,NA,NA,NA,NA,NA,NA,NA,NA,NA,NA,NA
"32","GRSMXX",10.731208523,8.66166666675,4.679580865,24,5.3482783005,32.638,20.1662866675,7.06897089325,8.19465578325,0,0.684782666,1036.45450246,19.195536799,19.567384237,6.53713981525,NA,9.73241837675,5.86092149825,4.33395649725,95.6660435025,32.638,4.815,0.8709056185,2.71461818585198,2.37687236124399,2.04823246286653,5.41602560309064,2.58353111773488,6.31985458693473,3.23749860298605,0.694659450784655,0.260296087119274,0,0.0860891292130065,1281.52303815926,12.823048516565,14.686974437343,1.91944360027108,7.04154339142587,2.59043040293189,2.41433444753438,3.6058373059116,3.60583730480232,6.31985458693473,0.502361091911651,0.0567965186884666
"33","HARV33",10.6579935676667,9.16666666666667,4.09380007633333,23.6666666666667,5.688488957,26.1406666666667,19.525425,7.56992651766667,8.30337832066667,0,0.672934473,763.542132,18.5569892,18.4243416266667,5.54707913066667,NA,10.0581376986667,5.840443446,1.26642566466667,98.7335743366667,26.1406666666667,4.9,0.923919616666667,2.8833115123344,2.82094103684096,0.245691533630926,2.51661147842358,1.16716112022153,0.725970614648648,3.48322319922583,0.330150173527614,0.4560884459266,0,0.0310212579101654,632.733344512469,8.61138674443785,6.74017042345352,1.7399042535711,1,2.92916630894982,0.820401014253706,1.13350415548369,1.13350415514184,0.725970614648648,1.22193494098499,0.00839254872764294
"34","HARV34",5.906980739,4.75,4.6900940635,26,5.2816025375,28.2145,13.1658875,7.019685387,8.0378565255,0,0.7716954025,811.3832985,13.57680239,23.33033639,8.6131919055,NA,5.014162986,5.375866912,4.419345756,95.580654245,28.2145,5.9875,0.74101547,0.904540028490068,0.601040764008565,0.134431197704668,1.4142135623731,1.03590504572852,0.77993877964876,2.56144128183968,0.491431846286204,0.0100229480024319,0,0.00711170594568704,664.076187633277,2.93128591769674,12.5262061907214,1.31740405025792,0.707106781186548,0.836198744987016,0.226881427626524,4.1612555207892,4.16125551796077,0.77993877964876,0.583363094478902,0.146993282719741
"35","HARV35",7.1949762345,6.2875,2.102969041,15,2.9633786195,17.486,12.4201125,7.7369396245,8.0423830465,0,0.5293128655,53.391441395,5.933695824,3.8936332065,2.549635912,NA,6.5256323615,3.0404541935,0.990295108,99.00970489,17.486,3.325,0.747120329,0.300625100983042,0.618718433538229,0.568528127145683,1.4142135623731,0.814646744772244,0.772160605055709,0.117786312076149,0.372950904328023,0.0228445532270163,0,0.0135425423073034,32.571929216054,1.43438235212232,1.99679210137217,0.517440925097666,0.707106781186548,0.38132526751835,0.52231798976704,1.40048877248533,1.40048877531375,0.772160605055709,0.459619407771256,0.0793366836418444
"36","HARV36",10.3829063856667,8.24166666666667,4.56158287933333,20,5.283290755,27.599,18.5776833333333,7.33634466066667,8.101054014,0,0.714145299333333,720.292012633333,17.9900996833333,19.10051496,6.252108944,NA,9.64246820633333,6.01053107233333,1.76160345566667,98.2383965466667,27.599,5.88333333333333,0.941854251,0.86054897267456,0.5387098786298,0.116823130518027,1,0.254844456168256,1.84228906526636,1.45802120404963,0.323514721385037,0.0855782963895829,0,0.0110482278110892,370.157935537447,5.26007374006095,4.4787951070287,1.04115076153076,1,1.16958983559053,0.549433362200705,0.773117207331204,0.773117203594901,1.84228906526636,0.678847061813877,0.0243975013417702
"37","HARV37",7.30322984133333,6.15,3.849669445,17,4.614202627,21.664,13.7222583333333,7.41290691233333,8.244772612,0,0.644602272666667,147.384260286667,8.17076392533333,8.72165729633333,5.05039094666667,NA,6.74898226733333,4.754903974,1.48964707333333,98.5103529266667,21.664,4.225,0.888975839666667,1.83082961955666,2.13116752039815,1.11752714804324,2.64575131106459,1.16750853202419,1.17873194577902,0.691714556524824,0.157613291313067,0.314555025666199,0,0.0145497817799801,56.9163332729222,1.89996536256032,1.79540757608779,0.639233706496539,1,1.94316754001306,0.782244799385944,0.810949116559091,0.810949116814211,1.17873194577902,0.651440711039769,0.0467152680631906
"38","HARV38",5.23497772633333,4.4,2.57634682266667,19,3.12475115333333,23.0313333333333,9.95048333333333,7.791562688,8.56638762466667,0,0.739571204333333,120.615756133333,5.29771226266667,9.61345062833333,5.58491181566667,NA,4.50846283266667,2.97189706533333,0.503408742,99.49659126,23.0313333333333,4.25833333333333,0.759271239,0.735158118069597,0.935080210463252,0.609489699410758,8.54400374531753,1.12450893361006,4.37429598145042,0.491983513655014,0.0637062361089502,0.713180293382992,0,0.0501850324632985,6.19031009798499,0.426245089471522,0.125167973022642,1.75195174275993,1,0.671884939384867,0.118609378519243,0.385287335320021,0.385287334830539,4.37429598145042,0.700148793709832,0.0261050427531334
"39","HARV39",7.468398576,6.1625,3.836987086,19,4.4230842965,24.2275,15.073125,7.209570653,8.2892156865,0,0.699519231,362.8169307,12.868273485,13.809381495,6.357924599,NA,6.738104333,5.104724776,2.4324222915,97.567577705,24.2275,5.525,0.9112958815,2.04975901032637,1.57331258814007,0.0707370758290099,0,0.139734058743149,1.49411662864717,2.89775894464153,0.0100102024027016,0.298094034887202,0,0.0346754290191588,86.4442721047446,0.483163765487729,3.58014727386999,1.67934816719955,0.707106781186548,2.06741518380988,0.244747808399737,0.163703174088868,0.163703174795972,1.49411662864717,0.67175144212722,0.0279188914959532
"40","HARV40",6.001521459,5.175,2.900704649,18,3.89799628,24.011,11.229725,7.87812178,8.079404467,0,0.724,186.5560646,7.641354742,11.32103186,5.291873135,NA,5.586800878,4.074109941,0.173568063,99.82643194,24.011,4.525,0.800397152,NA,NA,NA,NA,NA,NA,NA,NA,NA,NA,NA,NA,NA,NA,NA,NA,NA,NA,NA,NA,NA,NA,NA
"41","HARV41",8.41253308066667,7.31666666666667,3.90954661933333,18,4.63444435266667,21.308,13.9088916666667,7.13826671866667,10.5929951416667,0,0.695657467333333,241.412067433333,9.70601094733333,11.5099903776667,4.993879637,NA,7.65186149333333,4.86198970166667,4.218989191,95.7810108066667,21.308,4.31666666666667,0.917441802666667,1.69103091896612,1.42967070800703,1.22467776855638,3.60555127546399,1.57750223841278,1.54583213836432,2.03457906293497,0.670031522591631,4.29124097418903,0,0.0234619381341278,139.276651842634,3.21946335732084,3.42394017629841,1.01935988388613,1,1.52774930636347,1.15031948732349,4.85113202307792,4.85113202448018,1.54583213836432,0.55075705472861,0.0328096677803856
"42","HARV42",6.165314742,5,3.12747827566667,14,3.451230336,23.461,13.0756833333333,7.43026032233333,8.678727938,0,0.717541666666667,301.613951363333,9.27597170266667,12.727250864,6.60259924166667,NA,5.62299256666667,4.237026989,1.44851883666667,98.5514811633333,23.461,5.20833333333333,0.842958352666667,1.44750597346372,1.63707055437449,1.61652857058093,7.81024967590665,2.20306916612731,0.443169267887564,1.42769939070111,0.403977341872042,0.984213292712186,0,0.0300729148626024,323.492664460049,5.32337158208642,7.2140691498373,0.151432177167067,1,1.34230256580362,1.57652188028515,1.15418721952163,1.15418722075307,0.443169267887564,0.635577165522278,0.0800682059922255
"43","HARV43",8.51378089366667,7.99166666666667,2.87463939833333,16.6666666666667,3.54256429533333,19.8896666666667,13.7254666666667,7.57049473366667,8.441355655,0,0.659475108333333,71.3268113666667,5.86511077866667,5.621297257,3.78416161633333,NA,7.83002049466667,3.604636568,2.59887139133333,97.4011286066667,19.8896666666667,4.03333333333333,0.887246884666667,1.83927100425614,1.93266870759924,0.428835271551164,3.21455025366432,0.526825227989867,1.20993980566528,1.84843143914194,0.656745880162242,0.388854242141882,0,0.00741938771470948,44.4826090888611,1.63847423866219,2.30387896381642,0.992182441637986,1,1.78916922445526,0.367606136503512,4.34584035215295,4.34584035127769,1.20993980566528,1.18383205453026,0.0195850596156362
"44","HARV44",6.97745645133333,5.76666666666667,3.34604771566667,16,3.86241234733333,21.1056666666667,13.2601083333333,7.61858450533333,8.304665661,0,0.668704906,204.295405946667,8.928672515,8.89180635133333,4.91835372833333,NA,6.41379334133333,4.33955251533333,0.747183074333333,99.2528169266667,21.1056666666667,4.81666666666667,0.871747758333333,1.22341542140191,1.06428771172711,1.19575623628558,4.35889894354067,1.1971972638814,1.69423060217118,1.71230660264403,0.21348952399696,0.224328377353165,0,0.0162646110933406,231.113670343423,5.31199913701978,6.32832161661177,1.05262717865691,1,1.27358507309489,1.35752692430887,0.488447478268778,0.488447479661106,1.69423060217118,0.493921383757915,0.0420710420473836
"45","HARV45",9.47166306366667,7.6,4.97130378233333,21.3333333333333,5.876800265,24.7646666666667,17.1895416666667,7.08505911433333,8.47221980233333,0,0.687678062666667,636.749122366667,16.590575695,17.65841516,6.16619650566667,NA,8.91641654966667,6.26457610533333,2.85671618533333,97.1432838166667,24.7646666666667,5.99166666666667,0.946515253,0.557848509091075,0.195256241897667,0.592998588721168,0.577350269189626,0.701215349253162,1.35208074216496,0.852392234146543,0.412275518953212,0.509853679034836,0,0.0185766398679386,374.602779240946,5.89135881903906,6.30993923118049,1.15118549240814,1,0.477857366068341,0.793017539758604,1.21338842788212,1.21338842626119,1.35208074216496,1.33002192964377,0.0199960963155248
"46","HARV47",6.969679524,5.8875,3.5538086315,20,4.710173478,20.546,12.3123875,7.382763919,8.219162898,0,0.6875,229.3104143,8.2159360415,12.63813016,5.0846869495,NA,6.073214488,4.0164639285,2.3229153555,97.677084645,20.546,4.0875,0.886183519,1.95248473035895,1.32582521472478,0.362067283629199,2.82842712474619,0.142851701733789,1.8554481938335,3.31065627184589,0.777057482149986,0.000304805449098536,0,0.123743686707646,28.5958357888602,0.999880240596187,1.78134500122648,1.83581120000253,0.707106781186548,1.90920413425344,0.712155497441269,3.15564435085134,3.15564434448737,1.8554481938335,1.11369318036881,0.0641383086779296
"47","HARV48",7.80283005333333,7.00833333333333,3.19151026633333,15.3333333333333,3.731290681,21.7836666666667,12.1067666666667,7.79720938433333,11.6342649323333,0,0.719818903333333,144.613011916667,6.76161880333333,9.07134269333333,4.544754666,NA,7.34026216333333,4.083616982,0.585696365,99.4143036366667,21.7836666666667,4.31666666666667,0.888219631333333,1.62993740645115,1.59399916352968,0.0513059475059336,1.52752523165195,0.433321221630007,1.6588569357643,2.48580564610517,0.283778931459688,3.64344770458773,0,0.0508628037125727,125.216230603051,2.5683898703414,4.27899178741474,0.286580650116842,1,1.65701891779745,0.364568501564252,0.40999517543735,0.409995173107224,1.6588569357643,0.200520156925266,0.0109714863870386
"48","HARV49",6.70277652566667,5.875,2.248075347,13.3333333333333,2.79612222066667,20.2136666666667,11.4232833333333,7.822214475,8.141649926,0,0.677404401,74.4923799233333,5.45544995733333,6.56774002633333,4.03632105933333,NA,6.13619452666667,3.23630209533333,0.399031871333333,99.60096813,20.2136666666667,3.75,0.802459809666667,1.83421534844813,2.00514962035256,0.717453530378518,4.50924975282289,0.970045509084595,1.00110405719552,2.16843204504046,0.161542192985207,0.137533697046076,0,0.0458855015970007,14.9085685024693,1.11147673019182,1.07585984939262,0.731398058111297,1,1.75254961948806,0.624638472831105,0.34771320700701,0.347713203246128,1.00110405719552,0.281735691739616,0.0691161368263
"49","HARV50",5.83195365266667,4.675,2.998107581,19.3333333333333,3.48551644833333,24.7076666666667,11.8351666666667,7.75406130733333,8.28297966766667,0,0.751065613,245.8791582,8.027923236,13.1760336733333,6.20697810833333,NA,5.32163474633333,4.12762233066667,0.754969084333333,99.2450309133333,24.7076666666667,6.05,0.805438084333333,0.351819512353347,0.3,0.629026139689116,5.68624070307733,0.969961408326712,2.74747926895424,0.0852302188682707,0.147942788359082,0.366345374675362,0,0.0135776018370544,102.679507823371,0.554584256540385,3.38054010363389,0.525797056986169,1,0.333242151035312,0.55315521855928,0.715653519238773,0.715653521543155,2.74747926895424,0.264575131106459,0.0647670749247052
"50","HARV51",6.180274374,4.9,3.046467461,14.3333333333333,3.12129309233333,21.9203333333333,12.6627333333333,7.615463896,8.17760166966667,0,0.707772013666667,185.741711063333,7.46631526266667,10.4802620626667,5.95671462033333,NA,5.53878125033333,3.97671437133333,0.803658453333333,99.1963415466667,21.9203333333333,4.65,0.821204037666667,1.12702044863394,1.0538619454179,1.01817759931809,1.15470053837925,0.980137309369252,0.698645355909085,2.68076432341755,0.258401708983988,0.185489395671058,0,0.0357217488873381,122.005878618201,3.31830498410675,4.3850637267336,0.131881346946879,1,1.03647275412967,0.744787304896839,0.64786511447669,0.647865116072183,0.698645355909085,0.883529852353615,0.122541016507779
"51","HARV52",9.26764427366667,8.85833333333333,2.58875264,16,3.01098428366667,22.4696666666667,13.6193666666667,7.772302466,8.34981659966667,0,0.648909749666667,61.3494155666667,5.71319445966667,5.02589494166667,3.66748327966667,NA,8.641288978,3.55068702533333,1.073308467,98.9266915333333,22.4696666666667,3.075,0.776133910666667,1.75351046309441,1.95389568128223,0.409485135480571,1,0.406998727834986,1.50304003051593,1.55191483040576,0.396525475119531,0.407176593646042,0,0.0183188904410859,36.8803827641388,1.48483460260711,1.72309988140265,0.560571714441012,1,1.60684587630565,0.373042569772761,1.83804818736216,1.8380481902504,1.50304003051593,0.534438958160799,0.0263613986580604
"52","MLBS60",9.528152788,8.6,3.22619125466667,16,4.19709350666667,16.8723333333333,13.4672033333333,6.68178813966667,8.21517089733333,0,0.654166666666667,78.60192811,6.329257892,6.00228689366667,2.56516407366667,NA,8.49558678466667,3.94131209033333,5.28092289,94.71907711,16.8723333333333,2.86166666666667,0.888562103666667,1.31337236507305,1.2619429464124,0.41003830978851,0,0.462719298168079,0.247593080140245,0.867676758956545,0.589671101206505,0.117839652979379,0,0.0180555555,34.1187678689248,1.0491407325352,1.63455368782708,0.523246457752813,1,1.05858550247608,0.457319264661648,3.52919604496249,3.52919604319123,0.247593080140245,0.321571661272155,0.00124876052840299
"53","MLBS62",6.7744517705,5.775,3.216583997,14.5,4.1077926115,20.455,12.775475,7.433949691,8.9075363235,0,0.673125,295.45383928,10.8691122595,10.0211434255,4.6038772645,NA,6.2933472445,4.427838409,1.718981366,98.28101863,20.455,3.6625,0.8285098175,1.6656870289429,1.83847763108502,0.964180836812162,3.53553390593274,2.05446579944019,1.68998520703585,4.47549095016401,0.814713866883447,0.0421341971151876,0,0.00265165042944958,361.924599691378,10.3472183482989,6.83527010784655,0.189049348778249,0.707106781186548,1.66716022369611,1.78605373276263,2.40941571390549,2.40941571390549,1.68998520703585,0.724784450716211,0.041370535933642
"54","MLBS64",8.15993563833333,6.95,3.27947633266667,16.6666666666667,3.93845670433333,18.1146666666667,13.8251833333333,7.08745042633333,8.61131199966667,0,0.644305555666667,119.693687693333,7.678238373,7.621289938,3.60514376566667,NA,7.55296063866667,4.22766383366667,3.34219873533333,96.6578012633333,18.1146666666667,3.14166666666667,0.913498921333333,0.238462191395036,0.463006479436303,0.685005211907556,2.3094010767585,1.07921878250082,1.18753961337436,0.660446146713214,0.100209271113925,0.835194505447741,0,0.00493593203420555,42.1245963950587,1.54244787390287,1.26581154015207,0.389781089769898,1,0.260163960899565,0.632532875668416,0.408093262856665,0.408093260956726,1.18753961337436,0.112731243820572,0.00130721839500992
"55","MLBS65",13.3805712766667,12.725,3.626545369,20.6666666666667,4.73833196733333,21.918,18.8882,6.136076734,8.822097343,0,0.658496894333333,285.203715566667,11.644717536,10.939905513,2.29005865866667,NA,12.562890323,4.99984945466667,7.77953955966667,92.22046044,21.918,2.46666666666667,0.856059916,2.85886716019521,3.27414110874898,0.505175454384408,2.51661147842358,0.389072935140924,1.84206595973108,2.08133540680617,1.8029187516595,0.175295961140025,0,0.070596229917444,224.9306745295,5.57829765898649,3.7103503813911,1.06810431164614,1,2.47212288255109,0.436828072886744,9.56639742138508,9.56639742100358,1.84206595973108,0.737535309889183,0.023073014423528
"56","MLBS69",7.626663184,6.575,3.78079475966667,17,4.55121527966667,19.6503333333333,13.968,7.396536648,8.282300685,0,0.671845238,169.461892666667,8.47018708766667,9.84359926166667,4.70624317733333,NA,6.82385999466667,4.42938519366667,1.80341104333333,98.1965889566667,19.6503333333333,3.6,0.910285699,0.766054165093689,1.10481898969922,0.516329303749275,4.35889894354067,0.948997741910372,0.595037253735709,0.797413285646157,0.139034730419732,0.286645292607594,0,0.0357235603037637,22.509187627727,0.251250550208664,1.08117470072755,0.373204446918138,1,1.0950874166324,0.365670971109486,1.09381799919821,1.09381800007189,0.595037253735709,0.325,0.0458740235613638
"57","MLBS71",8.7940890955,7.2925,3.559755369,15.5,4.522119698,19.3285,14.07032,6.6228517205,9.041557117,0,0.6303809525,175.82727585,8.898733183,9.5337457075,3.26956322,NA,8.306430409,4.503806675,6.503762417,93.496237585,19.3285,2.9175,0.91186912,0.996274158646694,1.1773327906756,0.215671112281084,0.707106781186548,0.0929616753069413,1.05712463787389,0.456621275019026,0.352788139128577,0.22268218349678,0,0.000875465370253194,87.929180152491,2.56430429638552,2.21796668371399,0.0100392927756796,0.707106781186548,0.943027348544237,0.0170151133041192,4.76133392378228,4.76133392378228,1.05712463787389,0.0601040764008565,0.00222567233390006
"58","MLBS72",11.1741810023333,10.1833333333333,5.11404849966667,20,5.823912592,21.3983333333333,15.8721833333333,5.87405062866667,8.19156867966667,2,0.684668109666667,151.883459486667,8.120103576,8.47823446066667,5.62895648366667,NA,10.6101456946667,5.29378672933333,12.7732488233333,87.2267511766667,21.3983333333333,3.24166666666667,0.919665309,1.73535331693827,1.34729667606409,0.920109325935597,2,1.19684509408114,1.73518596505773,2.45942290402308,1.31902984024491,0.190232443896624,3.46410161513775,0.0168329479144937,112.90301262074,3.16602059134199,3.32816620747202,0.768666112059061,1,1.49586511205072,1.32339741554466,13.2247767752406,13.2247767746195,1.73518596505773,0.907377172587747,0.00523047020384091
"59","MLBS74",9.34087518266667,8.36333333333333,3.335531744,17,4.476612119,19.1573333333333,14.8212416666667,7.01322367166667,8.099108094,0,0.655891707,182.289329263333,9.80346312633333,8.43908683466667,3.23464866833333,NA,8.510702976,4.65498780933333,3.08020036966667,96.91979963,19.1573333333333,2.85833333333333,0.910813259666667,0.566704474268847,0.364737348421208,0.382666326900625,1,0.651049844187319,2.47758134747042,1.5527301677878,0.298025378487386,0.13262949233622,0,0.0423726444279609,126.11524592,3.70089414943722,2.95774621199371,0.220480266390155,1,0.623994786529712,0.594268123483931,1.60959416006487,1.60959415877596,2.47758134747042,0.397125085248129,0.0381035297166166
"60","MLBS75",8.705447424,7.25833333333333,3.49377768566667,17.3333333333333,4.482751887,20.343,16.1171916666667,7.40051638366667,8.30346692266667,0,0.659758297333333,372.7138567,12.7853307266667,13.9898597633333,3.967980887,NA,8.01160006366667,4.91165052333333,1.57824051,98.42175949,20.343,3.48333333333333,0.867229231,1.95088889780974,2.26071522605863,0.699009442841946,1.15470053837925,0.577897723067821,0.808155925549024,0.504778140828555,0.115032250834085,0.461515937633071,0,0.0303402261997857,179.726709048947,2.96929230802274,3.38862823229477,0.545687774923141,1,1.86345226498347,0.3780024814789,0.306689664101459,0.306689659156171,0.808155925549024,0.573548893585659,0.0793848856609798
"61","MLBS76",9.81488485833333,8.75833333333333,4.13464601766667,17.6666666666667,4.99587189766667,19.843,14.7382833333333,6.67996692533333,8.511802735,0,0.664943609,99.7593880066667,6.75153167266667,6.45371064266667,3.53201603266667,NA,9.024557518,4.62696181933333,5.19139640833333,94.8086035933333,19.843,3.15,0.894250486,2.36478862106329,2.03781950460126,0.323777977978873,2.08166599946613,0.764253538946995,1.41378251509912,3.18806121425442,0.504241005517023,0.7479163958288,0,0.0261090495309544,77.0911874044663,3.38104402770924,2.71243098282219,1.50153826692739,1,2.29494439066193,0.616164658497918,1.41949052717125,1.41949052579422,1.41378251509912,1.00280855600658,0.0607036275183509
"62","OSBS28",2.7840812105,2.6625,4.1492999555,10.5,3.9193544065,10.921,2.789,0.6559188545,8.7444988395,27,0.936888112,0.116250822,0.096162994,0.237029514,4.1425071855,NA,8.634910229,1.044312512,88.28299664,11.7170033595,10.921,2.375,0.9480720385,1.0251686291052,1.00762716319083,0.150553748503671,0.707106781186548,0.0959013678050272,1.12712820921136,1.05995306499863,0.379361303889449,1.02997811204396,7.07106781186548,0.0457394241725811,0.163085108314888,0.123837231277943,0.293777741250648,0.111584532349696,0.707106781186548,2.89005556921801,0.820417670194784,7.52268636297615,7.52268636368325,1.12712820921136,0.883883476483184,0.00921559610709038
"63","OSBS29",5.30669642233333,4.83333333333333,3.088109754,9.33333333333333,2.95233561933333,11.2936666666667,6.09600833333333,3.427130996,8.49009287433333,8,0.766756854333333,2.22462670033333,0.749399451666667,1.24198703233333,3.50213257366667,NA,5.92375752266667,1.94736089466667,40.7461360933333,59.2538639066667,11.2936666666667,3.04166666666667,0.897524265666667,0.411367956615798,0.448841100316508,0.354343837866373,1.15470053837925,0.363932114833216,1.66297334113729,0.513047059448091,0.683256600688893,0.364312306176702,1,0.0311591689372338,1.25282480492757,0.168764391565555,0.39020717547639,0.49632322838419,1,0.840320758786236,0.274613004782839,6.68772351965358,6.68772351965358,1.66297334113729,0.339423530906938,0.00745412768002105
"64","OSBS30",7.06393566533333,6.70833333333333,4.266709794,15.6666666666667,4.25060222333333,16.066,8.44305833333333,2.980421896,9.00100066766667,11.3333333333333,0.826336898333333,12.126020965,1.67247326333333,2.52276709,5.08768064666667,NA,8.66762390466667,2.59644529,49.30711474,50.69288526,16.066,3.61666666666667,0.920085755666667,4.12707346115022,4.02137517937998,0.507732420173666,5.5075705472861,0.641878969711844,5.28400113550328,5.07619198294433,1.23974318746762,1.41603570096761,7.02376916856849,0.0156845022718123,13.9242002096264,1.28069925858813,1.6752790646005,0.832628462890833,34.3559795862865,3.05378465550435,0.68721021052443,17.76688366194,17.76688366194,5.28400113550328,1.47507061977837,0.0152881369889457
"65","OSBS31",4.93961237733333,4.49166666666667,4.62764864966667,14,4.42075553966667,14.9323333333333,5.708015,2.44883819533333,10.1469111226667,18.6666666666667,0.868351648333333,9.31510293233333,1.21412803933333,2.722818526,5.167643642,NA,7.66269278666667,3.257044417,58.58175368,41.41824632,14.9323333333333,2.495,0.960513042666667,2.22097376625838,2.1889400022233,0.814549442275954,4.35889894354067,0.955938382696406,3.92890077926808,2.37921825289842,0.766544559326339,2.8803691653335,8.08290376865476,0.00986753366272821,5.01336824492245,0.271193509779053,0.753217796891806,0.682022865323647,1,1.47404644006951,0.90988892148187,13.0377538741429,13.0377538741429,3.92890077926808,0.663193033739046,0.0156426473265669
"66","OSBS32",5.760210514,5.38333333333333,4.67395903366667,13.6666666666667,4.44254316766667,15.5663333333333,6.40183166666667,2.965061382,8.40680267133333,12.3333333333333,0.859548611,3.82151174666667,0.938155079,1.59830279833333,5.05930480966667,NA,7.26057544033333,3.39055875533333,51.5362766,48.4637234,15.5663333333333,3.20333333333333,0.947835566,1.10413727464976,0.992891400573765,0.131225455212851,1.52752523165195,0.210867974925602,1.32734333664404,1.42132635380068,0.734344072350113,0.522531275918461,4.16333199893227,0.0248712688563624,3.13264296093391,0.432479902035525,0.627031556540974,0.634496560677108,1,1.41891602578982,0.641438915950863,7.77372421037034,7.77372421037034,1.32734333664404,0.145028732785381,0.0145319858672877
"67","OSBS33",7.548454755,7.19166666666667,4.68811350266667,14.6666666666667,4.51480267733333,16.5886666666667,8.796636111,4.02318261966667,8.06355844533333,9.66666666666667,0.826203703666667,4.40823005766667,1.158128867,1.73870556933333,5.25893259566667,NA,9.37103193966667,3.00371965166667,41.4893229233333,58.5106770766667,16.5886666666667,3.41666666666667,0.930152079666667,1.11952513368316,1.15171972863772,0.166361410942441,2.51661147842358,0.236162396484956,2.21366400642314,1.39960978927419,1.18190187530538,0.0830148514186435,2.51661147842358,0.010032098533077,1.06668497497048,0.151571599346895,0.206958548472235,0.141537133061223,1,0.834282257911297,0.938909913122378,7.18737969039195,7.18737969039195,2.21366400642314,0.534633831078181,0.0235801825533601
"68","OSBS34",8.307260243,7.68333333333333,5.376008609,17.6666666666667,5.19683150166667,20.131,10.0757916666667,4.06735532666667,8.16023622066667,10,0.838618160666667,14.9226600006667,1.951783853,3.19898366966667,6.11541053933333,NA,10.185309518,3.86476252433333,39.49324935,60.50675065,20.131,3.83333333333333,0.953454325333333,3.24579444001674,3.28465497934461,0.317624039595032,3.05505046330389,0.447256655284758,1.98495062910895,4.04198340246881,1.7185716464178,0.192623983226358,7,0.0222937071364877,8.52589716394545,0.503711391023002,1.03239030480358,0.693914262687087,1,1.67845513581131,0.57881056125802,20.2384723185022,20.2384723185022,1.98495062910895,0.418578945162479,0.00831090314705899
"69","OSBS35",6.1232790855,5.9375,6.4115516135,17.5,6.2445889515,17.6735,6.600675,1.799417436,10.0641182835,19,0.905263158,1.7387547455,0.59795703,1.1716034975,6.8557830535,NA,10.656033015,3.4025252425,70.007394135,29.992605865,17.6735,3.8625,0.9571107935,1.16563616617693,0.901561146012848,0.291589123433402,0.707106781186548,0.405700204173714,0.217081781824272,1.73934126036267,1.57608645490558,1.41462155803609,5.65685424949238,0.0260513029857935,0.0136401400136701,0.114007720113678,0.0640078213138498,0.249162145219931,0.707106781186548,0.681911951389971,0.369484645673443,20.0302729967221,20.0302729967221,0.217081781824272,1.46724657096209,0.0143010246387838
"70","OSBS36",6.41651745033333,6.075,4.88120723233333,13.6666666666667,4.67653013433333,15.3403333333333,7.178375,2.355678286,6.10958518366667,16.6666666666667,0.885133928666667,3.964504864,0.804900993,1.434285852,5.42666972633333,NA,10.1234262146667,1.878258271,59.9752154433333,40.0247845566667,15.3403333333333,3.125,0.917089911333333,3.54940545064552,3.22529068457403,0.320702182156602,0.577350269189626,0.267696389199232,2.95406674490157,4.37909720069388,2.14865619307798,3.63989620853944,11.9303534454489,0.056295103250978,5.00262465738085,0.778675353769673,1.13263397354039,0.661147774987257,1,1.06169907369691,0.425470863543674,26.5803167681163,26.5803167681163,2.95406674490157,1.19399539362596,0.048729610290128
"71","OSBS37",6.1050210395,6.0145833335,6.89258241475,16.75,6.739373686,17.88,6.5321854165,1.3869957635,8.36843675225,19.5,0.9007230395,5.06786137275,0.820918773,1.81516561525,7.3727349365,NA,11.9449434775,2.423898257,76.415828955,23.584171045,17.88,3.6666666665,0.94226045225,1.42438858867002,1.47999585541243,0.487640057339507,0.5,0.603606397949116,1.21949962416285,1.56121401677627,0.450634859715959,0.265144575558905,6.35085296108588,0.0406733850306992,4.80983341182505,0.555927685239792,1.07538262168509,0.445782790263269,1.29099444873581,0.778955967966239,0.564994208787658,7.61352022739577,7.61352022739577,1.21949962416285,0.744485902550408,0.00942330654797409
"72","OSBS38",5.83785189066667,5.49166666666667,4.46146030466667,13,4.24171251366667,14.1433333333333,6.560225,2.488762597,8.37288781133333,13.6666666666667,0.835590569666667,1.04236729066667,0.611573716,0.81100377,5.02627254466667,NA,8.18164601166667,2.32513699733333,54.3353851233333,45.6646148766667,14.1433333333333,3.175,0.899528293,1.12670192333569,1.03239204439657,0.366680430908845,1.73205080756888,0.347670718032411,1.49782319828922,1.28083156020805,0.897372402656233,0.522584958225784,4.16333199893227,0.0449925624154216,0.156224146060196,0.0803807716973352,0.0972912145413589,0.489603715794883,1,0.584707302100167,0.60825752016888,11.0809443541819,11.0809443541819,1.49782319828922,0.313249102153542,0.056363659265241
"73","OSBS39",3.027608634,2.81666666666667,4.049202218,11,3.77047959366667,12.2236666666667,3.42441666666667,1.76066392933333,10.6356989046667,24.6666666666667,0.911507936666667,0.622281042,0.296809902666667,0.679601915666667,4.584412997,NA,7.25513380033333,2.09968959433333,72.1673488966667,27.8326511033333,12.2236666666667,2.44166666666667,0.957531542,0.961890906138319,0.968998624010031,0.749354491644803,1,0.781569224453867,1.09928628361011,1.12521574857151,0.500361457544394,4.18185844036832,2.08166599946613,0.0155257145735599,0.464692418188946,0.136197518339283,0.299899110092648,0.877319145468345,1,1.35343564429645,0.334645213810957,5.96825974106234,5.96825974106234,1.09928628361011,0.264968551593077,0.0281444261887269
"74","OSBS40",7.93069191266667,7.33333333333333,4.88381157633333,16.6666666666667,4.84889309266667,18.3246666666667,9.68823333333333,3.81138877733333,8.438502301,8,0.820978750333333,42.340248341,2.860274132,5.06700859433333,5.61116510066667,NA,9.43823535933333,4.07372188733333,38.10372008,61.89627992,18.3246666666667,3.44166666666667,0.946724109333333,2.34192343943969,2.21984421375315,0.539675211806186,1.52752523165195,0.433565060092521,2.4620693193599,3.45154577475199,1.44275350893524,0.376658679077075,7,0.0649702203019576,35.7761421863004,1.73769207400258,3.11563516168764,0.86602748871026,1,0.930713024655646,1.28677048856834,21.0792417186039,21.0792417186039,2.4620693193599,0.414075274960162,0.0323093984172332
"75","OSBS41",5.06009517433333,4.925,6.05865582866667,15.6666666666667,5.858515,16.3706666666667,5.25401666666667,0.873085225333333,6.80273968833333,24.6666666666667,0.936746945333333,1.339081176,0.368263664,0.833891516333333,6.317183323,NA,11.456874263,2.472930424,84.5923688466667,15.407631155,16.3706666666667,3.35,0.967470789666667,3.2323551988567,3.14553254632662,2.39838588450024,4.50924975282289,2.32946141673977,5.55469930179243,3.5337475950941,0.771893108374452,4.3837417169951,7.02376916856849,0.0220492520853771,1.96259053082609,0.40403758267501,0.773877001873905,2.74250307114174,1,3.80472651801362,1.01631013242538,8.90466237476279,8.90466237220633,5.55469930179243,0.597390157267426,0.0116718469384969
"76","OSBS42",8.065598658,7.675,5.221506808,15.6666666666667,5.15258225466667,18.1983333333333,9.52203333333333,2.91506439633333,8.812684692,11,0.810863965666667,10.1428621503333,1.610219086,2.59404085533333,6.20491929,NA,10.7873867633333,2.73768690766667,48.9968537766667,51.0031462233333,18.1983333333333,2.875,0.895690995333333,1.72764357806282,1.58291661182767,0.474167693321477,1.52752523165195,0.418068970666669,1.33126794197612,2.43858818585844,1.51326848448652,1.18937225731834,4.35889894354067,0.0726948814180183,7.03255816509226,0.669575283278717,0.884975688444635,0.542472863779936,1,0.470277636620604,0.413512516249274,18.3256023180236,18.3256023180236,1.33126794197612,0.28831406486677,0.061969837559259
"77","OSBS43",4.288498679,3.96666666666667,4.274247377,11.3333333333333,4.012335552,12.2676666666667,4.74233333333333,2.26216075466667,9.01026749666667,18.6666666666667,0.869444444333333,1.58497029466667,0.563653821333333,1.09179594933333,4.74105902933333,NA,7.38113499466667,2.23331064166667,62.73852369,37.26147631,12.2676666666667,3.08333333333333,0.945720062333333,0.885069795239612,0.893145191630864,0.342741161060165,0.577350269189626,0.421153331462826,1.35302414366239,1.00887014815254,0.352219093824833,0.914437204466003,3.21455025366432,0.0120281304156671,0.842413087380602,0.168464175270361,0.290670303121278,0.550125167956323,1,0.867459481311309,0.208801321567584,6.68963052911454,6.68963052911454,1.35302414366239,0.208166599946613,0.0115724482973447
"78","OSBS44",8.08712698333333,7.525,5.34895497566667,15.6666666666667,5.15285429033333,17.0736666666667,9.27765833333333,3.661766951,10.2618754866667,9.33333333333333,0.838002645333333,6.48572980033333,1.05906523,2.11739988733333,5.84205675633333,NA,9.70644778133333,3.44624162966667,42.49219352,57.50780648,17.0736666666667,3.00833333333333,0.945380227,2.48429009382368,2.42371099762327,1.50642157754186,3.21455025366432,1.46520527401776,3.24857142961846,2.92241815329503,1.3763126668162,1.71082391578212,4.93288286231625,0.0684672325352864,5.25431878456228,0.155792403178198,1.13878060261345,1.37629372356373,1,3.0560015033933,0.819225646852582,16.8206654654541,16.8206654654541,3.24857142961846,0.146486631927058,0.0276041944267558
"79","OSBSC.",5.63846823266667,5.36666666666667,5.71973089466667,16,5.46394763633333,17.026,6.24629166666667,2.31259933833333,8.75688257233333,19.3333333333333,0.895493421,3.604804831,0.777123301333333,1.73088117133333,6.462576536,NA,10.3137443013333,3.035720342,60.5524732866667,39.4475267133333,17.026,2.83333333333333,0.950503161333333,2.22863938441913,2.34711702591356,0.800887263521912,2,0.991105110664188,2.10129412505722,2.01655698133188,0.574355745372798,0.735318824732786,5.5075705472861,0.0196356230414194,0.118572226617121,0.0842496786051648,0.0174314671506658,0.649610818561825,3,2.1195932848851,0.639773768551272,10.1675256431929,10.1675256431929,2.10129412505722,0.0721687836487032,0.0134794621784126
"80","OSBSD1",7.91457686375,7.4625,5.204016214,14.5,5.02401624375,16.862,9.3999,3.61632468,10.4466821905,9.75,0.8196841675,24.17729872225,2.12051309325,3.966905971,6.08582452725,NA,10.19411863,3.12501423575,41.502685065,58.497314935,16.862,3.3625,0.91678791825,1.06280754663207,1.14990941672232,0.309734419552652,1.29099444873581,0.348589123409652,1.00003399942202,1.16921835624631,0.198543042748095,3.55944517626899,3.09569593683445,0.0274993931879902,19.2933493856553,0.821722675411188,2.14101497552054,0.536157308822523,1.29099444873581,0.687005504381864,0.369062259359116,6.07172821385511,6.07172821385511,1.00003399942202,0.489259644769523,0.0187042827138924
"81","OSBSD4",5.39701721775,5.0125,5.01777718075,13.75,4.77683715075,15.12775,6.32819375,2.39593594725,9.21393482075,17.25,0.849291597,6.246237016,1.16166268475,2.12443527375,5.75492358375,NA,8.73757834125,2.952285273,59.8574406325,40.1425593675,15.12775,2.7375,0.9468039745,2.12586423591039,2.16991743314502,1.32042707531238,3.30403793359983,1.34177212877305,2.27778509009666,2.15394890921061,0.788091703998932,2.01496226276902,4.78713553878169,0.0515362572204252,3.3564711721813,0.508690032713236,0.502629655282942,1.14801794894062,1.29099444873581,2.73579511165051,0.88658116524207,13.0802947907571,13.0802947907571,2.27778509009666,0.32945662334618,0.0084828542419176
"82","OSBSD5",6.28690573725,5.9625,5.7305863755,15.25,5.45817247525,17.28,7.09450625,2.4550979155,8.3410101975,17.5,0.88279119325,6.3543867085,0.9945359625,1.92099662975,6.51137928775,NA,10.78071714525,2.8331729365,59.8864857075,40.1135142925,17.28,3.4375,0.93672015625,2.14606551663087,2.05775970414429,0.784360043708016,2.62995563967658,0.712896185418832,2.90573421587958,2.59213247655084,1.05044696238479,0.230344553165796,7.14142842854285,0.0468513391848129,8.02757072946577,0.754188190888301,1.29019740343712,1.08866517192366,1.29099444873581,1.15992274372371,0.677966799285741,16.2661884471382,16.2661884471382,2.90573421587958,0.739509972887452,0.0329636211030638
"83","OSBSD8",7.584472319,7.14583333325,5.21979703375,14.25,5.1148763805,15.2705,8.5975375,3.185879652,8.3647027785,12.5,0.8271996805,41.63257868425,1.901823747,4.148813227,5.80620733825,NA,10.41238267125,2.46582356875,48.5941285575,51.4058714425,15.2705,3.2875,0.87689479425,2.58764841592778,2.37268893403958,1.08535862070415,1.70782512765993,0.953612548877984,2.69755129700994,3.21787050964998,1.36304470772408,0.544226880376038,7,0.0626639146495727,75.0528969062997,2.16357288678267,4.80169528402471,1.17102970914493,1.29099444873581,2.40908039646368,0.612302509407425,19.4206525898961,19.4206525898961,2.69755129700994,0.301039864469807,0.0806038227544613
"84","OSBSE.",5.723813755,5.44166666666667,5.344453364,14.3333333333333,5.10306578633333,16.588,6.61000833333333,2.46780606433333,8.19432031666667,19.3333333333333,0.880416666666667,4.33457059833333,0.870463330666667,1.8031175,6.273050997,NA,9.76264690533333,2.54298894933333,61.6474629766667,38.3525370233333,16.588,2.69166666666667,0.947098554333333,3.21297376707696,3.18956632370818,1.03832423313047,3.51188458428425,1.09983720452898,2.345002558634,3.35153659762329,0.66938132097244,0.225100972675786,7.50555349946513,0.0351805854090324,2.88057405910263,0.314791939551407,0.623981761584808,0.803738099898412,3,2.30545487406438,0.145480498221607,12.8535424432407,12.8535424432407,2.345002558634,0.269644828122724,0.0323487566102424
"85","OSBSW.",4.32308264766667,4.06666666666667,5.070221291,13,4.74840429966667,14.2006666666667,4.55635,1.38483986933333,8.26470984566667,22,0.914351852,0.452527555333333,0.276676305,0.611687503,5.39332517666667,NA,9.15603076166667,2.76767732533333,74.4276747833333,25.5723252166667,14.2006666666667,2.3,0.971463514666667,1.27855501732576,1.18752192962207,0.889449259108737,2.64575131106459,0.858551051715519,3.10613527286455,1.37906569005976,0.702526264034305,0.171153579296311,4.35889894354067,0.0146383440829116,0.0120294545602413,0.0430923137046215,0.0294502593633434,0.933099296187236,3,1.55253862544398,1.06586385842386,11.6217830253721,11.6217830253721,3.10613527286455,0.175,0.0122973988768482
"86","RICEC1",10.837410823,9.741666665,5.993012629,22,6.155207052,35.542,16.747883335,7.274244855,9.1802707815,0,0.8334608155,338.82170445,10.64013952,14.93480684,7.7098340455,NA,9.896381122,6.7552910255,2.5425194235,97.457480575,35.542,5.366666667,0.928524058,2.81340118625615,3.59445946867459,0.976017969792212,0,0.869812922693126,13.6584745853994,1.56070251956593,0.167931056750357,1.29908036938718,0,0.0700179941944841,82.0603555132529,1.57437583632267,1.62563864551136,0.357684624485697,0.707106781186548,2.650714443517,0.681150350010479,0.527940478626967,0.527940482162505,13.6584745853994,1.5556349186104,0.0141999034193268
"87","RICEC3",6.13287501,4.866666667,3.978701249,22,4.208985098,28.793,13.8716,7.994707053,8.051391863,0,0.788888889,403.5739144,10.4134489,17.17946438,8.253465837,NA,5.530354714,5.101114278,0.00740631,99.99259369,28.793,7.133333333,0.847977393,NA,NA,NA,NA,NA,NA,NA,NA,NA,NA,NA,NA,NA,NA,NA,NA,NA,NA,NA,NA,NA,NA,NA
"88","RICEC4",12.11277166,10.2,7.883974268,29,9.321659366,31.982,18.9113,7.659570043,8.656716418,0,0.792929293,1377.549817,22.61707918,29.42817605,9.349572851,NA,11.8068027,9.11971001,0.568181818,99.43181818,31.982,4.833333333,0.926768183,NA,NA,NA,NA,NA,NA,NA,NA,NA,NA,NA,NA,NA,NA,NA,NA,NA,NA,NA,NA,NA,NA,NA
"89","RICEC5",5.596143352,4.733333333,4.559572736,28,5.656461399,28.786,11.63526667,7.974158823,8.044444444,0,0.795555556,325.2366534,7.100279805,16.57777669,7.995277701,NA,4.756124601,4.499870581,0.026616982,99.97338302,28.786,6.266666667,0.720648656,NA,NA,NA,NA,NA,NA,NA,NA,NA,NA,NA,NA,NA,NA,NA,NA,NA,NA,NA,NA,NA,NA,NA
"90","RICET2",9.487779881,9,8.411117737,29,9.316651759,29.888,13.94013333,5.163544569,8.095427435,5,0.819354839,202.518792,7.930318757,11.81646463,9.710857904,NA,8.980629912,6.553716974,26.02558712,73.97441288,29.888,5.2,0.964058051,NA,NA,NA,NA,NA,NA,NA,NA,NA,NA,NA,NA,NA,NA,NA,NA,NA,NA,NA,NA,NA,NA,NA
"91","RICET3",9.807000604,8.433333333,6.850693415,28,7.688447322,29.989,17.0224,6.892522695,8.102003643,0,0.770967742,886.7934324,17.26817157,24.26115585,8.455081657,NA,8.197337439,7.329256069,2.848799943,97.15120006,29.989,6.366666667,0.932085862,NA,NA,NA,NA,NA,NA,NA,NA,NA,NA,NA,NA,NA,NA,NA,NA,NA,NA,NA,NA,NA,NA,NA
"92","RICET4",13.2755758,10.16666667,6.015988281,22,6.346039885,32.687,25.85983333,7.30928677,8.015180266,0,0.706862745,2062.402954,34.22446022,29.85111853,8.631805945,NA,12.29126481,8.349372654,2.221469692,97.77853031,32.687,6.233333333,0.946679817,NA,NA,NA,NA,NA,NA,NA,NA,NA,NA,NA,NA,NA,NA,NA,NA,NA,NA,NA,NA,NA,NA,NA
"93","RICET5",5.84198025,4.566666667,3.06521864,15,2.603629945,31.433,16.2004,7.481446267,8.044444444,0,0.832291667,575.3857589,12.72884634,20.33131156,9.922432125,NA,4.999256096,4.336155947,1.591027647,98.40897235,31.433,7.633333333,0.777625945,NA,NA,NA,NA,NA,NA,NA,NA,NA,NA,NA,NA,NA,NA,NA,NA,NA,NA,NA,NA,NA,NA,NA
"94","SCBI46",12.115231065,10.45,5.6537622425,26,6.6411867895,27.8755,19.0848375,7.0260347935,9.210171293,0,0.7275892855,554.92229875,16.6394866,15.755003755,6.410095334,NA,10.73983364,6.401266216,3.789510776,96.21048922,27.8755,5.575,0.945412566,0.372388261583553,1.30814754519511,1.30868137192404,4.24264068711928,1.40464445671603,1.70766287656551,0.568920438473166,1.04885826332408,0.97788349567189,0,0.0175514007646404,353.760526988931,5.79491884256018,5.10668167959114,1.2988714780232,0.707106781186548,0.46157283268069,0.229353949523523,4.47874922750105,4.47874922750105,1.70766287656551,0.636396103067893,0.0224980899961176
"95","SCBI47",10.907884005,8.8875,5.944324921,25,7.611805826,31.8285,21.293875,6.805717037,8.124631544,0,0.769071691,1831.177981,31.325594205,27.599955885,7.8894055835,NA,9.7939618345,7.832861856,3.5206343895,96.47936561,31.8285,5.9625,0.8777740225,1.08544239062744,0.159099025766973,0.599371052967159,1.4142135623731,1.11588490733458,1.36825162159597,0.170589510961255,0.422727034944304,0.0670499396434043,0,0.0291811527607969,1058.00381343342,12.1270828157109,5.40268369169004,0.826158981985328,0.707106781186548,1.54892123034393,0.80630044452874,0.916240714610086,0.916240711074555,1.36825162159597,0.33587572106361,0.0834018907314673
"96","SCBI49",10.8796694666667,9.275,5.68305960633333,24.6666666666667,6.111184152,28.8243333333333,20.0802583333333,6.90694751066667,8.19302653933333,0,0.758022885666667,443.368704366667,14.4764650566667,15.1873634166667,6.36163608866667,NA,10.015989051,6.66404988366667,4.92735699933333,95.0726429966667,28.8243333333333,5.08333333333333,0.94553688,0.90179078389171,0.711951543294907,0.515104792267723,0.577350269189626,0.668827247299541,1.83195150954749,2.38549418587288,0.256159649917504,0.0669576658504518,0,0.0127665739272175,52.198093301632,1.5724932350837,1.49808191677315,1.60218131075659,1,1.01041883130471,0.592900494423351,3.66241808674148,3.66241808759794,1.83195150954749,0.856713682237732,0.0254895053011858
"97","SCBI55",8.8684583555,7.1125,4.751984532,24,4.737365952,29.9645,16.37395,6.9174771055,8.0331620015,1.5,0.7552507835,211.09906275,9.744479263,10.568570995,7.489308003,NA,8.7369042395,5.533349116,7.144603691,92.85539631,29.9645,4.8125,0.9294516125,0.275098328393319,0.0883883476483184,1.72347028118585,9.89949493661167,1.66030198300457,2.6071027022348,2.87951558968692,0.869454619666284,0.0147569345643822,2.12132034355964,0.0793555570289411,47.9094588700637,2.94865478945242,0.45213075804976,1.54660463751299,0.707106781186548,0.524976872484648,1.02278744914087,8.50210341486451,8.50210341627873,2.6071027022348,0.0530330085889906,0.0163585554653991
"98","SCBI63",12.20229144,9.975,6.361080709,31,7.935639546,34.613,23.3197,6.700922461,8.408888889,0,0.746527778,2385.083107,33.86237728,35.19122778,6.660174739,NA,11.3616071,8.235827015,5.184534271,94.81546573,34.613,4.625,0.915213784,NA,NA,NA,NA,NA,NA,NA,NA,NA,NA,NA,NA,NA,NA,NA,NA,NA,NA,NA,NA,NA,NA,NA
"99","SCBI66",11.089159473,9.75833333333333,5.069400431,23,6.20917067066667,28.0523333333333,19.115675,6.714409524,8.16385468133333,0,0.726759259,955.057103533333,18.251783104,21.0866921206667,5.91617094633333,NA,10.263254591,6.21498203733333,6.06838254733333,93.9316174533333,28.0523333333333,4.69166666666667,0.946474784,1.29677158371517,1.74666348600219,0.143323929189664,3,1.1804075036586,1.5292914481332,1.83157571216016,0.701881426681047,0.163306703743499,0,0.0475075802618423,955.215588292459,9.63359735220651,13.1573249829713,0.368694913851642,1,1.85320530813241,0.443997191151771,4.57738485909029,4.57738485898962,1.5292914481332,1.60084613043644,0.00626875577955694
"100","SERC43",4.34305175033333,3.525,1.571330853,9.33333333333333,1.64787034466667,29.9583333333333,9.6843,7.610139404,8.183720517,0.333333333333333,0.815515248,294.9108244,5.180408856,13.2277999173333,7.272973203,NA,3.840119192,2.671096983,2.524002973,97.4759970266667,29.9583333333333,6.18333333333333,0.583303628333333,0.643021905248027,0.696867993238317,0.686046984903027,4.04145188432738,0.624677909641764,7.89278210350022,1.08633060949464,0.330632386726194,0.0921985261674209,0.577350269189626,0.0666069665159408,385.16419698231,3.67793505807828,11.2304069619622,3.0814925752908,1,0.640721094659252,0.814426101912567,3.58932001607288,3.589320019225,7.89278210350022,2.49202895916828,0.157260785243498
"101","SERC47",8.88472899733333,7.51666666666667,5.86366135533333,28.3333333333333,6.64914947,35.6433333333333,18.909575,7.52643185433333,8.373130887,0,0.797358260333333,1201.81677826667,20.0127214,27.8215502933333,9.58419968733333,NA,8.33343301366667,7.18847860366667,1.01248557733333,98.9875144233333,35.6433333333333,7.21666666666667,0.899170807333333,1.93118285289792,2.18078731960119,1.39491623615947,4.61880215351701,1.43246884556749,1.8566271390167,3.06627412006412,0.106428079323996,0.514883347935452,0,0.0244681400061739,389.7132219702,2.54147607080671,5.86894783720053,0.965990630820967,1,2.2194581231799,1.30856243408947,0.305200178095639,0.305200178501289,1.8566271390167,1.50256724752449,0.0495467138374807
"102","SERC48",6.959282166,5.735,4.04712632433333,25.3333333333333,5.30209781333333,33.865,17.18339,7.21927524766667,8.23480725633333,0,0.800159932666667,1514.3364871,21.17463981,28.2415593566667,9.175502195,NA,6.138346057,5.630394768,2.92189390266667,97.0781060966667,33.865,6.82,0.844745968,1.99846685635419,1.59919511004755,1.34039114125867,9.60902353693305,2.15206311929374,1.92596910670966,4.06330056864798,0.267200206792838,0.260397716328796,0,0.0260056149472127,1590.82802226772,14.3545540984827,14.0187352640137,0.554479892571057,1,1.86946751245982,2.00441434722279,1.79819581469901,1.7981958131665,1.92596910670966,0.47783365306349,0.0533444649501773
"103","SERC49",9.2736996585,8.05,6.402483617,33,7.301703854,32.9275,16.677425,7.083514236,8.0281033535,0,0.8084558825,1332.3719135,16.35530035,32.44700472,8.153662236,NA,7.6316785515,5.795847129,4.221717705,95.778282295,32.9275,5.475,0.8519712255,4.67195057294813,4.98510280736516,2.97152075316567,0,3.32625790556447,0.354260497374459,5.82221117027286,0.555136282728479,0.0131236536643423,0,0.029636093242997,298.810261931652,4.25171896238236,2.46145956496042,1.45028465612954,0.707106781186548,4.18301909583818,3.35733500535289,4.13686504051257,4.136865043341,0.354260497374459,1.02530483272049,0.106449603514893
"104","SERC52",4.456191934,3.85,1.554036116,11.5,2.1988524985,30.4065,10.699975,7.847178509,8.0276772215,0,0.818219697,40.72057879,3.628117478,5.2164629105,6.6701729665,NA,3.850501459,2.2793052335,0.253865901,99.7461341,30.4065,6.9375,0.6592704455,0.535249048757391,0.247487373415292,0.599626582973104,6.36396103067893,0.907659286512596,1.84342737855333,0.118086832458153,0.0650922438090115,0.0151208894957249,0,0.0128029178065705,6.92295811643269,0.204878467940729,0.806063855792143,0.509440086114752,0.707106781186548,0.633945756039552,0.0693298774730129,0.103425838848951,0.103425836020524,1.84342737855333,1.43189123190276,0.0120183552556796
"105","SERC53",7.902871408,5.95,5.208722922,25,5.291266389,34.703,19.624675,7.686875356,10.58585859,0,0.775694444,1654.561755,23.60251153,33.12828405,10.84165187,NA,7.10164635,6.767852823,0.626998558,99.37300144,34.703,8.125,0.891461118,NA,NA,NA,NA,NA,NA,NA,NA,NA,NA,NA,NA,NA,NA,NA,NA,NA,NA,NA,NA,NA,NA,NA
"106","SERC54",8.66435282933333,7.39166666666667,5.484057819,27,6.00935722566667,35.4556666666667,18.0403916666667,7.709050098,8.25349821566667,0,0.773031874333333,601.0252231,13.3661874536667,19.2106789166667,8.84283665,NA,7.97362653666667,6.19832063266667,0.617292656,99.3827073466667,35.4556666666667,6.40833333333333,0.901613177333333,2.16548448000469,2.19450070251375,1.44021646415276,11.7898261225516,1.95524962708209,5.45510314598481,2.68984165127956,0.058293661288348,0.177745787384671,0,0.0227519875845583,447.712230360018,3.74139407468302,8.12293529075764,0.426083795292356,1,1.86925067690326,0.944244143814167,0.235133801445787,0.235133802206834,5.45510314598481,0.839022248413791,0.0402763408763201
"107","SERC55",5.31797818333333,4.39166666666667,2.25178849766667,14.3333333333333,2.74759420566667,20.5283333333333,10.4984083333333,7.70778354066667,8.44123388366667,0,0.666791666666667,46.4365460946667,4.24917280966667,4.74221766166667,4.438535472,NA,4.66807238566667,2.95788728666667,0.734610244,99.2653897566667,20.5283333333333,3.75833333333333,0.762559575666667,0.599520713903013,0.581126779053705,1.465555186538,7.09459888459759,1.66456499513195,5.36272732229911,1.83510722444448,0.10954948155934,0.687663131400223,0,0.105686471264459,32.8504555531166,1.7248787621526,2.42145937919847,1.68727273509286,1,0.502956182425288,1.19714907216032,0.650817820010106,0.650817816856646,5.36272732229911,0.842738591339766,0.0762352992338713
"108","SERC56",9.574592389,7.85833333333333,5.96816812733333,29,6.48861270933333,34.6006666666667,20.009775,7.41486090566667,8.05496101866667,0,0.764515250333333,2028.09224233333,25.6861457233333,35.8350380366667,9.94381567133333,NA,8.84340700466667,7.53233110833333,1.192120681,98.80787932,34.6006666666667,8.04166666666667,0.932613402333333,0.571096284609328,0.880814017448254,1.23985285238956,2,1.09700508888811,0.98147558977966,1.31051234804369,0.378806791496241,0.0581784795279873,0,0.0164874025836868,1008.43038462702,6.42828494071468,9.21539291853914,1.56934268589392,1,0.680283419713423,1.39069027891207,0.983602924148863,0.983602926540419,0.98147558977966,0.694772144903157,0.0107996841977734
"109","SERC57",7.82781102933333,6.81666666666667,3.83512890066667,16.6666666666667,4.222427479,27.9096666666667,16.4655916666667,7.15939288433333,8.206736024,0.333333333333333,0.757520015333333,529.387471886667,13.023096768,15.195833895,7.06153290633333,NA,7.056110727,4.874723958,4.600980054,95.3990199466667,27.9096666666667,5.39166666666667,0.913543007666667,2.07666646887927,2.08945766488181,1.09360868040128,4.72581562625261,1.54609484805298,2.18571048708042,4.87527999255769,0.717529245637523,0.31078814367506,0.577350269189626,0.0232378252422295,638.129927260622,10.7115700556612,8.8640763204603,0.637195846973257,1,2.23233424161537,1.83488298775793,5.65289904479703,5.65289904529884,2.18571048708042,0.375277674973257,0.0470898227485995
"110","SERC58",5.62973744533333,4.49166666666667,1.94083561533333,14,2.53117846533333,29.928,11.9356083333333,7.590428073,8.05391333,0,0.759913044666667,137.309999453333,6.15320494333333,7.65155168066667,6.35225942333333,NA,5.03180143233333,2.98364878866667,1.212451533,98.7875484666667,29.928,5.58333333333333,0.63600293,0.84568129859826,0.670975657780022,0.586919912882407,6.557438524302,0.83029564892485,4.61995746733669,1.59389327205693,0.070914036736898,0.0150034497295149,0,0.0554321746073097,181.586115665434,3.91853204117668,6.78217107336998,1.69466250649007,1,0.799740821053247,0.853531029454876,0.481953221959378,0.481953217734635,4.61995746733669,1.16761865920913,0.089150241830097
"111","SERC60",7.0966093915,5.925,4.035445039,24,5.33234102,36.1575,18.1873125,7.358072982,8.0506854455,0,0.8110218035,1448.9655237,18.58219663,30.78796443,8.80651738,NA,6.115630576,5.2812447325,1.9812455255,98.018754475,36.1575,7.875,0.845729914,0.614854751881245,0.883883476483184,1.39056090135359,14.142135623731,2.95631163583553,5.57129432896881,1.91701951680532,0.475232638041052,0.0497116778331754,0,0.0370146619950106,1267.85531429303,8.35054479337857,15.550108643491,1.51886948135017,0.707106781186548,0.0553976259911809,0.76127084596292,0.588219875083151,0.588219878618681,5.57129432896881,2.1920310216783,0.00836848571876284
"112","SERC61",7.94330624233333,6.55,4.116439353,18.6666666666667,4.378825275,29.2306666666667,17.57996389,6.80019349266667,8.134993075,0,0.759135802666667,669.6703148,14.99371479,19.302526479,7.770366032,NA,6.84016569633333,5.203339296,5.39512810766667,94.6048718933333,29.2306666666667,6.42222222233333,0.909352463,1.79379485579972,1.89010581714358,0.341763457534852,3.51188458428425,0.392747351128302,3.04150954845342,1.52966398747177,0.48988298989273,0.200917887960865,0,0.059605853634627,480.021857548813,4.30042142238341,9.48226397971735,1.99881918747732,1,2.04097075270792,0.329095016990354,1.70814108901199,1.70814108909321,3.04150954845342,1.70825880609359,0.0281882616590602
"113","TALL45",11.5724398966667,11.1416666666667,3.120450329,17.3333333333333,3.506750262,18.8173333333333,14.5164583333333,3.88527580333333,8.05206313966667,1,0.664890351,38.8798626266667,4.26416838866667,4.446335824,3.190847854,NA,10.83118756,3.24321918966667,32.8030459633333,67.1969540366667,18.8173333333333,3.38333333333333,0.820343276,0.872926392161768,1.20683815540168,0.531531107050346,0.577350269189626,0.479574184146007,0.790526617726015,0.441828545884411,0.390854778532559,0.031341194704151,1,0.048392275907004,13.3744197506108,0.742491362191535,0.915941628103739,0.705105896629239,1,0.836671550679859,0.344002462717329,4.26756405543894,4.26756405543893,0.790526617726015,0.44744645862196,0.0186844023385825
"114","TALL46",8.1149025256,7.3693333334,2.6138502732,14.4,3.272318814,17.8094,12.829949334,6.645236315,8.607108273,1,0.601205848,54.551934624,5.134483131,5.0316424472,3.639835595,NA,7.4057557988,3.1718133786,10.5547165792,89.445283422,17.8094,4.0613333334,0.8683497292,0.768621674513942,0.73115737770074,0.598046337968317,1.14017542509914,0.391337843264066,0.949565321607733,0.882651898541785,0.481806636804434,1.11482909716917,2.23606797749979,0.0441237825165965,24.0524134787823,0.944108926667541,1.64260408759209,0.976427625420383,1.58113883008419,0.695079327694498,0.409961957143838,10.2518084194814,10.2518084204232,0.949565321607733,0.812286211190229,0.0332306965159889
"115","TALL47",12.5136316333333,11.6666666666667,4.51679933866667,22.3333333333333,5.59058875233333,26.6996666666667,18.6922,6.038402602,8.38954728466667,0,0.730085470333333,272.834769033333,10.8209273033333,12.2953936423333,5.14515622466667,NA,11.3281624666667,5.39417753333333,12.0905118653333,87.9094881333333,26.6996666666667,4.26666666666667,0.921831561333333,1.92663147427281,1.68157911896328,1.01989349444331,3.51188458428425,1.15047864055718,2.49191619709278,1.84346876295748,0.621873117122414,0.592269504734676,0,0.0119145152522473,68.1391298010434,0.676118034151008,2.52809397921957,0.304247823296738,1,1.6476521956203,0.939797092798631,3.87456080211952,3.87456080024789,2.49191619709278,0.434693378524832,0.0211002641753203
"116","TALL49",18.50387303,18.2,8.283408087,27,8.1725216695,27.6835,20.3507125,3.246592047,9.056373391,6.5,0.8292487685,113.0712895,4.7763839775,9.451895971,8.9898354015,NA,20.79780224,3.608281717,50.294005585,49.705994415,27.6835,3.5125,0.82093239,4.33181365459414,4.24264068711928,1.87908022430556,1.4142135623731,1.9078205179086,0.846406817080297,4.14723430466769,0.0534712719577569,1.45164333918217,4.94974746830583,0.0110594293649362,3.88378060155456,1.28166205248272,0.442220249217924,2.78001546697287,0.707106781186548,1.90468229952484,0.3721719067075,11.3136438906382,11.3136438906382,0.846406817080297,0.0176776695296636,0.0229713169667861
"117","TALL50",13.6355148713333,13.5,6.41975470233333,21.3333333333333,6.689982201,23.3473333333333,16.1394083333333,2.80761080166667,8.02274064866667,8.33333333333333,0.807844203,403.147246976667,8.028276492,13.7233667303333,6.84320677966667,NA,15.8233322666667,4.40096415566667,58.6582055733333,41.3417944266667,23.3473333333333,4.65,0.877268752333333,6.66519352252557,6.63758239120239,0.72056580292101,5.5075705472861,0.483432755438321,5.41850406785243,8.58487844851826,1.0900978531057,0.00847092964779762,10.2143689640297,0.0766588431843686,529.173183682231,7.21637465116123,13.1707547366337,1.03127773905969,1,3.01736085997881,2.02060023117008,23.0182799687,23.0182799687,5.41850406785243,0.859869176095992,0.0522713490525368
"118","TALL51",18.86347728,18.6375,7.89735692375,29.5,8.400397688,31.06225,22.41450625,3.224369489,8.153504757,2.5,0.806719771,586.1524731025,12.1331172645,18.26019031025,7.9800147205,NA,19.1506339025,6.56909309925,49.054269195,50.945730805,31.06225,4.75625,0.8765778735,4.11842139259788,4.5098272324632,2.90627255083321,3.69684550213647,2.5522555285758,3.74220384043057,5.08692182940623,1.19809445799364,0.289127879167679,2.88675134594813,0.0181520154009617,464.316545757053,7.46354471268457,9.21788215863774,3.68076666753492,1.29099444873581,2.67750280539247,1.80917323843861,17.5467464390371,17.5467464390371,3.74220384043057,1.04570052277568,0.0214837302677981
"119","TALL53",14.5858233266667,13.7416666666667,6.19268114433333,25.6666666666667,6.78250803533333,30.0646666666667,20.7191916666667,5.902087959,8.192819966,0.666666666666667,0.764742063333333,271.319514866667,10.4803729073333,11.1424467653333,6.31647909533333,NA,13.3890962166667,6.571290067,14.1712891336667,85.8287108666667,30.0646666666667,4.475,0.951445364333333,1.36861080643844,1.63484199032608,1.2182491825306,0.577350269189626,0.927935679887704,3.81202889985548,1.89040479499983,0.851154313587611,0.225916084908245,1.15470053837925,0.0156338507653855,249.530451954066,5.67659367094546,4.87514639996422,1.55551342125798,1,1.13500894651868,0.815887716176031,6.7958394799529,6.79583948050086,3.81202889985548,0.57282196186948,0.0203869166968269
"120","TALL55",12.0008104566667,11.2416666666667,6.32329646866667,24,6.712435365,26.282,17.3922416666667,4.972617119,8.051473897,3.66666666666667,0.770635802666667,235.297505856667,9.00350775566667,10.4053842956667,6.860685043,NA,12.0291058333333,6.107174152,27.1085516393333,72.89144836,26.282,4.84166666666667,0.951114214333333,2.08307185317605,2.0393524298986,1.33339382990424,1.73205080756888,0.938485324837867,2.74937756592288,3.69055228254639,1.59591310556179,0.02634074950477,5.5075705472861,0.0531487813878415,246.787989173968,6.10860562366771,5.6239163166462,1.81668175395666,1,1.88734700913729,0.13665154077287,21.5064045500966,21.5064045492307,2.74937756592288,0.298258836136221,0.0190415526998722
"121","TALL58",11.8853676623333,10.505,4.95720133766667,24.6666666666667,5.777958643,31.2266666666667,19.4378133333333,6.526112887,8.18898057433333,0,0.750539327333333,442.798770866667,13.4359492533333,15.16375102,6.81531148933333,NA,10.7615693556667,6.10128438166667,8.45423116833333,91.54576883,31.2266666666667,5.06666666666667,0.915821261666667,2.740709515679,2.06822991952055,1.48065481147607,5.5075705472861,1.36388356386587,4.70969853953874,4.59540577762545,0.614710150479707,0.243694072178135,0,0.0438104058797792,296.038532291612,5.38098116284429,4.42120821880949,1.02310101026713,1,2.60853073038669,1.37058258781073,7.70196099227619,7.70196099077764,4.70969853953874,0.682519840981442,0.0111211309155578
"122","TALL59",13.0268720973333,11.7583333333333,7.03448211566667,29.6666666666667,8.290853594,33.726,21.9541416666667,5.91958914233333,8.11655980966667,0.333333333333333,0.759893764666667,713.876808133333,17.9832383233333,19.3150968266667,7.639630609,NA,11.0524052103333,7.21545320666667,17.6884496463333,82.3115503533333,33.726,6.24166666666667,0.934081769333333,4.05043614495751,4.30009689813303,3.41716345343003,5.5075705472861,3.65741473527193,3.15808312113535,5.28800844271341,0.920498403543857,0.156005504930336,0.577350269189626,0.0218414463211086,221.947093957315,3.9103387828395,3.28933485061459,1.42993364741065,1,3.17727349472571,1.92637488780141,12.9856782700038,12.9856782695073,3.15808312113535,0.564763962495248,0.0310931189348171
"123","TALL60",10.6042923663333,10.0583333333333,4.248824924,20.3333333333333,4.71423960433333,24.3333333333333,14.9567283333333,6.03980440766667,8.76675712,1,0.726111111,75.5766945666667,5.77591770233333,6.00810191966667,5.12922152933333,NA,9.63166933166667,4.28684558833333,11.202818487,88.7971815133333,24.3333333333333,3.32,0.886940940666667,2.12095261566031,2.2251872580377,1.29738521863729,2.88675134594813,1.19367287451829,0.901426277259174,3.00853955864109,1.22847441028098,1.03385913351761,1.73205080756888,0.0268693249200866,52.6278242476479,1.93507101376556,2.33083054377604,0.838505089318916,1,2.47669146142036,1.24466845462924,7.99396723596946,7.99396723646492,0.901426277259174,0.700856618717409,0.0578545665878253
"124","TALL61",12.7766947966667,12.4666666666667,7.61220684533333,26.3333333333333,7.93160386366667,26.7976666666667,15.78043611,2.679717557,8.08449789133333,6.66666666666667,0.810181992333333,242.576921443333,7.87779272966667,11.558260958,8.44454042066667,NA,15.3872915633333,5.215908541,56.72858333,43.27141667,26.7976666666667,4.84722222233333,0.910056650666667,2.70537762983811,2.58907963055085,2.04179753583815,3.05505046330389,1.84963696215904,3.30048880218269,4.18480845900849,1.57362971396028,0.0402796653767281,6.65832811847939,0.0598245659463435,228.152464369921,5.35740545237135,6.45631992756932,3.79558996804687,1,1.02310090125566,0.197551419500239,23.3416822735269,23.3416822735269,3.30048880218269,1.12565824374954,0.0633072005674736
"125","TREE25",6.273135371,5.49166666666667,4.89494851033333,17,4.88853501433333,19.483,9.16541666666667,4.056303245,8.16498475466667,9,0.777259436333333,86.7165817266667,4.47663167266667,7.79156318633333,6.630046248,NA,7.42471568133333,3.96637627866667,39.9479503333333,60.0520496666667,19.483,3.78333333333333,0.917708292666667,0.385159908631518,0.496445700286883,1.54482418042635,1.73205080756888,1.31596946145424,1.29722781345452,0.471857280682765,2.11735979645086,0.135076256750546,7.21110255092798,0.0442729246784862,52.6369332964342,1.34846142682548,2.67085985697041,2.25361032784096,1,2.4557734630236,1.12112620358441,20.7938216843524,20.7938216843524,1.29722781345452,0.64436661407411,0.0784597117503567
"126","TREE39",6.27467064,5.23055555566667,3.22672282933333,14.3333333333333,3.35179148033333,19.8463333333333,9.17473889,6.31291695766667,8.05173333733333,2.66666666666667,0.74023074,44.3796393733333,3.410017203,5.65618714333333,4.81117721533333,NA,5.98557237033333,3.43692329766667,18.6501795853333,81.3498204133333,19.8463333333333,3.99166666666667,0.865376372,0.897109016751884,0.484648593695779,1.31240363683209,5.13160143944688,1.22995504894047,2.2244103338488,1.51474056815476,1.91175049157873,0.0443392347481998,4.61880215351701,0.105070885179902,4.77853521036943,1.01048883178694,0.342587054633894,1.72985065207198,1,0.416296372879182,0.54019226859339,19.9911201423488,19.9911201405443,2.2244103338488,1.84464314525421,0.0183302972888009
"127","TREE41",13.6829322466667,12.95,6.659981573,22.3333333333333,6.881524521,33.594,16.6595,4.16087679466667,8.01584279433333,5.33333333333333,0.849036616333333,96.9691944166667,4.91649976,8.346759577,8.04321003033333,NA,14.3750139866667,4.74653628266667,41.5795589533333,58.4204410466667,33.594,5.3,0.89688085,1.07558156651205,1.17898261225516,0.0311835196143647,1.52752523165195,0.152251104193835,17.8411222741172,1.17375868447266,0.456212753595461,0.0137421718520452,0.577350269189626,0.0563084734261035,34.7452298113813,0.249617635493725,2.15196065383978,1.36397452838679,1,1.00403912804334,0.287224256536737,0.145923439422572,0.145923439422572,17.8411222741172,1.48134229670256,0.0506289111258001
"128","TREE42",11.89210768,10.8833333333333,4.49109939366667,21,5.133954829,23.043,17.112425,6.92592717733333,11.1201947503333,0.333333333333333,0.745305555333333,171.13385611,7.80704647933333,10.007277291,4.62800296133333,NA,11.0107737336667,5.03931366666667,9.86869324666667,90.1313067533333,23.043,4.2,0.929147432333333,1.09845648513383,1.14409716953296,0.17611420106385,2,0.429402750365648,0.531152520468462,1.53652634597491,0.398729104386367,3.7869899266432,0.577350269189626,0.0318840219239402,92.2661798049772,1.33172782742761,3.64471191490337,0.987458247976905,1,1.00662201656736,0.215981659492767,4.50717048776388,4.50717048776389,0.531152520468462,0.739932429347437,0.0224255718475523
"129","TREE45",10.54997095,9.85,5.412314344,21,5.876010551,21.561,13.644175,2.452073791,8.113256113,5,0.776086957,188.233824,7.211563937,11.67163954,6.376334925,NA,10.94867354,4.478509286,51.14521762,48.85478238,21.561,4.6,0.911682069,NA,NA,NA,NA,NA,NA,NA,NA,NA,NA,NA,NA,NA,NA,NA,NA,NA,NA,NA,NA,NA,NA,NA
"130","TREE46",8.39133413166667,7.64166666666667,4.343488944,19,4.82055138066667,22.1523333333333,12.494475,5.56517451733333,8.634396569,2.66666666666667,0.784306379,115.142328883333,6.22558261,8.285207034,5.330319199,NA,7.79486973833333,4.35578909933333,24.4711871733333,75.5288128266667,22.1523333333333,4.78333333333333,0.926449214666667,1.74472481209014,1.66814517753502,0.304452863711329,0,0.361405696080436,0.969802213512288,3.02576649059788,1.67301078853321,0.619856760840559,3.05505046330389,0.0402353323855675,58.6157859327677,2.84921258370104,1.868603587654,0.656099569645293,1,1.44804737641958,0.35208723708563,19.0863670992466,19.0863670992466,0.969802213512288,0.71253654877019,0.00961198492353024
"131","TREE47",12.0531807073333,11.375,5.14759023433333,19,5.11461287933333,21.4796666666667,14.5388583333333,3.42545339133333,8.10226916533333,5.33333333333333,0.789806763333333,29.58313524,3.11925204533333,4.25874178366667,5.94272064366667,NA,12.2680190913333,3.85787101933333,46.0313726,53.9686274,21.4796666666667,4.06666666666667,0.882063321666667,4.5881071321917,4.62716165699881,1.31776674646241,2,1.29500584520575,1.92229480916256,5.28082404325625,0.416966203166529,0.0702962429734306,3.78593889720018,0.0401325213709574,15.7299490669818,0.992601552473504,1.2607627313445,1.80769036738043,1,4.10427035480289,0.345487080849323,4.10851943082535,4.10851943082535,1.92229480916256,1.296710581947,0.0781748715812194
"132","TREE49",9.87705980466667,9.01666666666667,4.52843844966667,19.6666666666667,5.057516116,22.745,15.0110083333333,6.60461372966667,8.04254399833333,3.33333333333333,0.740173913333333,131.962063216667,7.489250265,7.74621367066667,5.59805121033333,NA,9.89676039,4.34340316933333,17.649712387,82.3502876133333,22.745,3.88333333333333,0.913797576333333,0.935601205221646,0.656854879964618,1.07079323534684,1.15470053837925,0.591963767859827,0.816729453368739,2.5161857734393,1.71365113045687,0.0175572532828861,5.77350269189626,0.0594818999958576,110.003514205012,3.8771542883619,2.96170995021587,1.86042254944105,1,0.4665446473605,0.700161483619419,28.436506884723,28.436506884959,0.816729453368739,0.0288675134594812,0.0223362435664525
"133","TREE53",9.27608020133333,8.20833333333333,4.71240824433333,17.6666666666667,4.662056986,21.999,13.68575,5.98109655366667,8.31706905566667,3.33333333333333,0.75513285,86.51224902,5.30131703533333,7.307941413,6.38309829,NA,9.173815871,4.46073084133333,20.9247610366667,79.0752389633333,21.999,4.99166666666667,0.929790124666667,1.1912910420075,1.2855770429396,1.01327680441546,2.51661147842358,1.10341492059127,1.48788339596892,0.199223541216896,0.10998535260632,0.473729379076241,2.08166599946613,0.0126712348012828,52.1413026161699,1.29729235058206,2.41256110215833,1.2246972048558,1,1.26302418755717,0.64977227660672,2.24639128457439,2.24639128457439,1.48788339596892,1.39962792674815,0.0423959127003458
"134","TREE56",8.125800477,7.425,5.424796602,17,5.40138276866667,19.9766666666667,11.172725,4.063094401,8.06863602833333,8.33333333333333,0.783867276666667,76.37836249,3.99859832733333,6.69385578866667,6.82079916266667,NA,8.99482419166667,3.96090325433333,45.1078563466667,54.8921436533333,19.9766666666667,3.75833333333333,0.949311206,1.06317947439943,0.714580296397823,0.556955462540835,1.73205080756888,0.60706983258847,1.87219051737085,1.59427671610044,0.817008368578099,0.0411068147406001,4.72581562625261,0.00870073150854164,86.8123480307203,1.81783506840999,4.47976322672332,1.00571647889953,1,1.07164185283186,0.501108165811032,16.0190907200918,16.0190907200918,1.87219051737085,0.688446318410763,0.0106436923411056
"135","UNDE45",8.98734687666667,7.65833333333333,4.54686024466667,18.6666666666667,5.28455302533333,23.15,15.7887666666667,6.44697979066667,8.04253311666667,0.333333333333333,0.696162257666667,426.22358879,13.353915578,13.7173662033333,5.927858902,NA,8.29919074733333,5.596022563,8.533949489,91.46605051,23.15,5.4,0.935591760333333,1.76059776607508,1.96696678501019,1.91743227782246,4.50924975282289,2.49072007389233,3.0580681810581,2.48861206980082,0.308871095037093,0.0323539345485745,0.577350269189626,0.031766142101334,324.355531957724,6.2832146145636,7.07932214977339,1.21073520230424,1,1.54194077988311,1.98307620377844,3.79829161121087,3.79829161033992,3.0580681810581,1.08943792847505,0.00401756854074223
"136","UNDE47",13.83719903,12.4916666666667,5.45372410633333,22.3333333333333,6.47762526166667,24.5373333333333,18.9869,6.535285,8.175763736,0,0.734969961666667,321.31163399,9.90043996433333,12.8558097033333,4.407789636,NA,12.9261715033333,5.90106199233333,12.3146363986667,87.6853636,24.5373333333333,3.175,0.878529497666667,2.94570922458613,2.91508290333797,1.17629493955642,2.51661147842358,1.57725836679881,2.13581865647188,2.74681443664748,0.792264776760112,0.135500792507575,0,0.0360527802248919,326.123046865094,5.42026991320169,7.5929107191931,0.9968189941361,1,2.85302895784054,1.18187244535149,9.47927491077838,9.47927490857249,2.13581865647188,0.591079520876845,0.0168921652323874
"137","UNDE48",9.081806107,8.45666666666667,4.182101457,19.6666666666667,5.06700170266667,21.6603333333333,14.00589,5.13850501333333,8.73472785066667,1.33333333333333,0.720085639,209.984734733333,9.233933497,10.9435965646667,5.31521651266667,NA,8.19197783266667,4.64673820866667,21.74529169,78.25470831,21.6603333333333,4.295,0.947715581666667,1.4032092538192,1.77257110811762,1.0564857496017,1.15470053837925,1.03846791746471,0.410280798153329,0.623961367934747,0.721521882547038,1.19900090864616,2.3094010767585,0.0174121813001358,64.2325622810174,2.15708729507479,1.66803058560349,0.821002818343092,1,1.23235123358268,0.606777572082672,7.17425162549721,7.17425162549721,0.410280798153329,0.256076160546037,0.0165649255523583
"138","UNDE49",5.47221094866667,4.60166666666667,2.59757615733333,15.3333333333333,2.903089492,18.676,8.82996,6.38370679933333,8.46934876333333,1,0.738467046,35.83543432,3.362265233,4.81450044733333,4.350325755,NA,5.01162556533333,3.14919408066667,11.031092675,88.9689073233333,18.676,3.36833333333333,0.801842666,0.404641438310495,0.5145467260933,0.322407137590272,2.08166599946613,0.364478532000169,3.81401455162405,1.04355263058458,0.610322964578748,0.758491519467285,1.73205080756888,0.0339468914692533,16.6266278035158,0.377389583653778,1.37272193149649,0.340335532564703,1,0.545812943899031,0.377019137073429,5.12277746646872,5.12277746371279,3.81401455162405,0.622702443654538,0.079157727654981
"139","UNDE50",8.763837784,8.475,5.497696964,24,6.734194458,24.35,14.515975,5.067597681,8.469208211,1,0.697,173.2140667,9.437194151,9.17351804,5.887182921,NA,6.67384967,4.491395957,22.32164847,77.67835153,24.35,6.475,0.868643837,NA,NA,NA,NA,NA,NA,NA,NA,NA,NA,NA,NA,NA,NA,NA,NA,NA,NA,NA,NA,NA,NA,NA
"140","UNDE54",17.0422008825,16.31875,4.10156792,23,4.9431830665,24.74575,22.1443708325,6.41414312125,8.07871605675,0,0.713900641,234.69281222,9.23158861525,10.602862203,2.24524478525,NA,16.0133757825,5.02247850725,8.11785721225,91.8821427875,24.74575,2.51666666675,0.75805871775,1.9540548326981,2.1642334093161,1.11823777680029,1.15470053837925,1.32832053782405,0.310517176121815,0.545269301961247,0.439375959043453,0.0396481922175837,0,0.0175598543548023,216.893351153614,3.94379264097382,5.81776265188276,0.663904482305815,1.29099444873581,2.12849285090164,1.06977191767128,3.81564657694706,3.81564657859154,0.310517176121815,0.381699416280519,0.111951172467323
"141","UNDE58",10.5631675233333,9.5,4.325695232,18,4.70903829433333,22.591,16.5067433333333,6.099262339,8.060835531,0.333333333333333,0.697563492,138.072135103333,7.321630343,8.49780748733333,4.29150888733333,NA,9.880476226,4.95162856,12.2814249623333,87.7185750366667,22.591,4.59666666666667,0.931773894333333,0.313138140309363,0.225,0.207654544387608,1,0.303005793084232,1.93354001768776,0.452622902103211,0.366021698923057,0.049683386612604,0.577350269189626,0.0243036388160742,102.611603178449,2.50140569950758,3.48176216255153,0.787131116625504,1,0.429058556051611,0.322589680500857,5.94375010699657,5.94375010579917,1.93354001768776,0.998014695950582,0.0177493960599237
"142","UNDE61",10.520286316,9.625,5.019686892,21,5.399651828,23.776,16.8253625,7.2037995835,8.0376325515,0.5,0.6944791665,72.16136171,6.02927955,5.929764535,5.5439475395,NA,9.298184956,5.063323982,6.718097576,93.281902425,23.776,5.6625,0.9253406945,0.801408201812307,0.565685424949239,0.0925576330779575,1.4142135623731,0.697330814976182,1.0040916292849,0.833519795993174,0.772826656510074,0.0383143935552959,0.707106781186548,0.0290208410469002,18.6699740424596,0.594274210317804,0.970011817520735,0.435835229840196,1.4142135623731,0.868267282021762,0.491773398660507,8.85270756913948,8.85270757055369,1.0040916292849,0.760139789775539,0.0342040921449165
"143","UNDEXX",9.481892438,8.7,5.371845726,22,6.165225057,25.911,16.10863333,6.345727914,8.024767802,0,0.741975309,253.2274589,9.690024272,12.62263398,5.741059715,NA,8.35703997,5.642760442,12.3663578,87.6336422,25.911,5.1,0.954268476,NA,NA,NA,NA,NA,NA,NA,NA,NA,NA,NA,NA,NA,NA,NA,NA,NA,NA,NA,NA,NA,NA,NA
"144","UVAX01",10.9309527153333,9.30833333333333,5.77006127166667,26.3333333333333,6.629111249,28.563,20.4178583333333,6.84056183333333,8.04874044433333,0,0.762332309333333,814.786872533333,18.81796791,20.1545350666667,6.82758062533333,NA,9.94024020833333,6.83740006033333,3.40266953866667,96.59733046,28.563,5.575,0.939112140333333,1.61839572618912,1.37711957844384,1.51262509409999,3.05505046330389,1.5429723172799,1.70701698878482,2.64933705933359,0.467196861773518,0.0258900731567118,0,0.0333204356166045,450.580953076803,7.27149904669019,5.36878106635768,0.394465537536783,1,1.22666927400443,1.58307536506556,2.14337410066034,2.14337409858071,1.70701698878482,0.7806247497998,0.0231205556682127
"145","UVAX08",8.43005025125,7.05,3.857749926,19.25,4.46924337125,26.543,17.0884125,6.599844276,8.147782697,0,0.72610879625,394.61898545,13.56867492375,13.78345338,5.732944789,NA,7.44373091525,5.05014238475,6.211026524,93.788973475,26.543,4.93125,0.90528440025,1.97107572814026,2.31075384524906,0.725211586091111,4.5,1.24159906998087,2.1095342297926,2.06335800219165,0.511828727717268,0.0761973446192952,0,0.0495356525586126,182.837360283788,4.56953807174778,2.54714231849968,1.40130734030529,7.54431353183752,1.87197049899154,0.481266073282984,3.62531622587037,3.6253162253484,2.1095342297926,0.695633703898826,0.0395163975665521
"146","UVAX14",10.677316099,9.69166666666667,5.29316973466667,21.6666666666667,6.04943272833333,24.3573333333333,17.40775,6.06013029633333,8.27722657233333,0,0.71696047,283.464882833333,10.8291461526667,12.615991239,5.21119545733333,NA,9.48392949,5.91936996066667,9.42462561266667,90.5753743866667,24.3573333333333,4.175,0.952231948,0.833271561047307,1.04203326882271,1.02262027553008,1.52752523165195,1.12499244451388,1.00199866932713,0.981424068636999,0.951922836756052,0.242373419248119,0,0.0415651759046826,57.2757714137758,1.35894248219156,2.94959958634767,0.583900470344911,1,0.88228905565267,0.763565586895965,6.5930868260808,6.59308682495162,1.00199866932713,0.757875319561206,0.0252425177456037
"147","UVAXA4",10.6542111381429,8.505952381,4.676567241,22.8571428571429,6.05975951185714,26.9452857142857,19.6968273814286,6.860897917,9.24134435557143,0,0.714001639571429,934.643557414286,22.4221093028571,19.6212555657143,5.26128947157143,NA,9.91168426742857,6.40853027871429,3.28242922628571,96.7175707742857,26.9452857142857,4.194047619,0.931919504857143,1.41501182996697,1.62313079307717,1.075778521724,3.33809184158512,1.27241894535797,3.62458617013886,2.28318035693094,0.422167476712544,2.80149866801538,0,0.0526741526554658,382.643029333147,6.56074138019073,3.41643935976917,1.44833050586509,2.99205296617238,1.37431867039727,0.95987881835814,1.72941448394996,1.72941448426616,3.62458617013886,0.758130532869275,0.0114727302421029
"148","UVAXB3",8.897697944,7.7,4.435644915,23,5.99666574,26.354,17.944325,6.472544849,8.155555556,0,0.701851852,570.6215568,17.05198715,16.72875641,5.723984162,NA,7.723026691,5.426996595,8.020565553,91.97943445,26.354,4.9,0.937277682,NA,NA,NA,NA,NA,NA,NA,NA,NA,NA,NA,NA,NA,NA,NA,NA,NA,NA,NA,NA,NA,NA,NA
"149","UVAXC.",8.541274638,6.525,4.16337794,20,5.22009339,22.697,18.995125,6.58555237,8.648044693,0,0.654166667,734.4645078,20.2270168,18.03697034,3.352171246,NA,7.947777462,5.973184689,4.993252362,95.00674764,22.697,2.775,0.932355165,NA,NA,NA,NA,NA,NA,NA,NA,NA,NA,NA,NA,NA,NA,NA,NA,NA,NA,NA,NA,NA,NA,NA
"150","UVAXE.",10.42834322,9.35,4.523226846,22,5.841874699,24.096,17.50835,6.37268174,8.025889968,0,0.691,509.5106368,15.30563741,16.59060277,4.400063715,NA,8.795610962,5.342969782,7.745607523,92.25439248,24.096,4.65,0.943208686,NA,NA,NA,NA,NA,NA,NA,NA,NA,NA,NA,NA,NA,NA,NA,NA,NA,NA,NA,NA,NA,NA,NA
"151","UVAXno",6.207584162,4.25,2.904614724,13,3.144439537,24.034,18.61205,7.289683177,8.117647059,0,0.668,530.5937344,17.97270491,14.4074846,4.048382893,NA,5.525122568,5.045801802,1.236060728,98.76393927,24.034,4.45,0.872764545,NA,NA,NA,NA,NA,NA,NA,NA,NA,NA,NA,NA,NA,NA,NA,NA,NA,NA,NA,NA,NA,NA,NA
"152","UVAXso",10.99375938,8.25,4.428224358,20,5.280861672,25.572,21.06465,6.272601436,8.16,0,0.622222222,1354.827389,28.12114567,23.74928536,4.750979968,NA,9.930555411,6.713963842,4.656288745,95.34371125,25.572,5.15,0.912317633,NA,NA,NA,NA,NA,NA,NA,NA,NA,NA,NA,NA,NA,NA,NA,NA,NA,NA,NA,NA,NA,NA,NA
"153","UVAXUV",11.693789255,9.5333333335,4.476522546,21.5,6.330938658,27.9215,21.831520835,6.8752014695,8.115526875,0,0.667361111,1079.3946873,25.683615835,19.996561865,4.036714608,NA,10.9775886975,6.6941211535,3.092511599,96.907488405,27.9215,3.5666666665,0.9309662005,1.65291979386583,1.36707311005829,1.34068979003314,2.12132034355964,0.742060401569775,6.39436662226995,3.53221639426065,0.624765450217697,0.124500949987035,0,0.0815136985439174,410.474368825812,4.90847950740319,3.95916472516677,1.59477319833891,2.82842712474619,1.95852885214325,1.49875455970265,2.29630680570666,2.29630680712087,6.39436662226995,0.471404521026734,0.000270807047952086
