0.135,68

0.164,71
0.185,68
0.219,74
0.113,70

0.163,70
0.186,69
1.388,85
0.248,77
0.170,75
0.166,72

0.120,75

0.166,72
0.295,75
0.167,73
1.694,85
1.887,88

0.266,72
1.957,87
2.040,88
0.195,75
0.217,73
2.043,83

0.169,74
0.170,75
0.191,72
0.113,70
2.058,81
1.995,84
2.043,83
2.016,83
1.985,82
2.006,81
2.063,82
2.058,81
2.077,85
2.069,83
2.006,81
2.043,83
2.022,79
2.058,81
2.110,81
2.145,77
2.093,77
2.118,76
2.093,77
2.088,74
2.181,66
2.130,67
2.155,64
2.155,61
2.180,59
2.180,54
2.127,52
2.153,52
2.180,55
2.206,53
2.179,52
2.179,52
2.206,54
2.231,50
2.206,55
2.232,54
2.206,53
2.285,58
2.232,57
2.258,59
2.258,57
2.233,60
2.232,59
2.258,57
2.260,60
2.232,55
2.232,55
2.233,61
2.258,57
2.260,60
2.232,58
2.233,60
2.232,58
2.286,61
2.258,56
2.285,58
2.286,63
2.242,72
2.267,81
2.215,81
2.290,86
2.307,89
2.243,87
2.269,87
2.238,86
2.249,88
2.262,90
2.222,92
2.216,91
2.222,92
2.190,91
2.145,88
2.099,89
2.066,92
2.015,98
1.985,97
1.778,96
1.759,92
1.663,93
1.667,94
1.625,91
1.696,90
1.664,84
1.549,72
1.692,56
1.744,35
1.623,28
1.721,32
1.721,32
1.818,39
1.894,42
1.793,46
1.869,46
1.793,50
1.742,50
1.742,52
1.691,48
1.564,49
1.513,52
1.540,55
1.541,63
1.543,68
1.568,68
1.592,64
1.592,66
1.620,69
1.566,65
1.592,64
1.617,65
1.674,71
1.922,64
2.129,64
2.233,65
2.207,66
2.242,72
2.251,78
2.338,85
2.360,84
2.225,78
2.251,78
2.186,70
2.181,60
2.181,65
2.370,71
2.828,84
3.116,63
3.149,73
3.177,75
3.182,78
3.162,79
3.130,77
3.152,82
3.211,79
3.130,77
3.155,77
3.187,79
3.167,80
3.151,74
3.157,78
3.157,78
3.192,80
3.177,82
3.201,82
3.264,85
3.395,91
3.421,87
2.516,79
2.181,63
2.181,61
2.157,68
2.181,63
2.233,61
2.181,65
3.330,83
3.328,77
3.246,81
2.382,83
2.420,86
3.340,90
3.489,95
3.391,86
3.451,88
3.377,88
3.463,90
3.446,87
3.439,90
3.408,84
3.374,82
3.334,84
3.334,84
3.303,88
3.300,82
3.268,86
3.296,91
3.247,91
2.916,70
2.078,67
1.897,65
1.720,67
1.623,71
1.617,66
1.618,67
1.595,69
1.617,65
1.592,66
1.625,72
1.623,71
1.619,68
1.645,68
1.667,56
1.823,32
7.036,51
7.022,73
4.245,105
1.858,103
1.706,97
1.706,97
1.694,100
1.487,79
1.465,61
1.591,58
1.617,61
1.769,57
1.718,58
1.667,59
1.642,56
1.666,50
1.722,69
1.420,71
1.312,65
1.416,68
1.759,76
1.721,90
1.735,98
1.749,101
1.837,98
1.925,95
1.948,100
1.930,91
1.829,72
1.719,66
1.646,69
1.566,64
1.516,66
1.465,65
1.465,65
1.439,63
1.465,60
1.490,60
1.515,55
1.516,64
1.490,66
1.471,71
1.470,70
1.451,75
1.473,72
1.422,72
1.426,75
1.423,73
1.420,71
1.420,71
1.390,68
1.414,66
1.363,64
1.388,65
1.465,63
1.516,62
1.592,62
1.643,62
1.719,64
1.719,64
1.719,66
1.694,65
1.664,84
1.599,81
1.471,71
1.447,72
1.388,65
1.415,67
1.439,64
1.467,68
1.465,66
1.468,69
1.439,65
1.465,65
1.467,68
1.414,65
1.416,68
1.416,68
1.395,71
1.422,72
1.390,68
1.439,66
1.391,69
1.414,66
1.338,64
1.414,66
1.426,82
1.504,92
1.540,94
1.519,95
1.579,97
1.633,98
1.565,94
1.676,96
1.699,101
1.826,101
1.826,101
1.909,103
1.948,100
1.995,99
2.051,100
1.950,90
1.914,83
1.851,70
1.824,69
1.694,62
1.618,67
1.517,67
1.465,64
1.490,64
1.465,65
1.490,65
1.491,67
1.465,64
1.415,67
1.442,69
1.414,65
1.413,55
1.515,53
1.743,53
1.870,55
1.871,63
1.871,65
1.871,65
1.846,65
1.821,65
1.848,68
1.872,67
1.848,68
1.838,83
1.881,87
3.839,91
3.778,79
3.798,83
3.774,83
3.863,91
3.878,106
2.049,106
2.111,102
2.007,102
1.880,102
2.030,108
1.973,100
1.960,97
1.887,88
1.917,93
1.905,91
1.876,86
1.863,83
1.836,77
1.803,72
1.821,65
1.826,70
1.822,67
1.772,68
1.776,71
1.752,72
1.778,72
1.776,71
1.728,73
1.750,71
1.757,75
1.756,74
1.697,69
1.719,63
1.770,61
1.795,65
1.826,70
1.792,79
1.791,84
1.741,79
1.721,80
1.736,83
1.757,82
1.746,80
1.697,69
1.727,72
1.721,68
1.744,66
1.770,62
1.776,71
1.810,77
1.782,75
1.784,76
1.731,75
1.751,81
1.730,74
1.736,78
1.682,76
1.706,75
1.721,80
1.649,71
1.702,72
1.680,75
1.699,70
1.676,72
1.670,68
1.719,66
1.769,56
-99999999
1.922,66
2.025,65
2.000,67
1.871,64
1.668,61
1.592,61
1.516,65
1.465,61
1.490,61
1.490,62
1.498,72
1.617,85
1.651,91
1.829,96
1.880,102
1.858,97
1.860,92
1.875,95
1.770,85
1.709,77
1.744,65
1.719,60
1.718,56
1.719,65
1.718,57
1.692,56
1.694,60
1.718,56
1.667,59
1.666,52
1.667,56
1.668,60
1.619,68
1.674,71
1.606,76
1.569,69
1.519,69
1.468,69
1.474,73
1.420,71
1.369,71
1.369,71
1.369,71
1.339,67
1.318,71
1.315,69
1.346,72
1.318,71
1.369,71
1.340,68
1.313,67
1.315,69
1.313,67
1.338,66
1.341,69
1.364,67
1.339,67
1.388,65
1.365,68
1.387,58
1.414,62
1.416,68
1.490,61
1.490,61
1.490,62
1.516,63
1.565,57
1.566,60
1.541,62
1.566,62
1.566,63
1.566,62
1.592,63
1.617,61
1.592,63
1.592,64
1.592,60
1.591,59
1.642,58
1.616,59
1.617,63
1.617,60
1.617,63
1.566,61
1.592,64
1.617,62
1.566,63
1.565,58
1.592,65
1.565,59
1.592,63
1.619,68
1.617,61
1.592,64
1.566,63
1.593,67
1.592,66
1.619,68
1.595,69
1.643,65
1.623,71
1.619,68
1.572,71
1.623,71
1.567,67
1.566,66
1.567,67
1.544,69
1.465,66
1.417,69
1.338,64
1.313,67
1.287,66
1.270,73
1.349,74
1.368,70
1.423,73
1.417,69
1.521,70
1.498,72
1.492,68
1.518,68
1.519,69
1.522,71
1.466,67
1.502,75
1.521,70
1.480,77
1.471,71
1.444,70
1.420,71
1.420,71
1.364,67
1.393,70
1.338,66
1.372,73
1.289,68
1.315,69
1.261,63
1.262,67
1.314,68
1.292,70
1.266,70
1.263,68
1.264,69
1.288,67
1.263,68
1.295,72
1.261,66
1.315,69
1.288,67
1.287,63
1.314,68
1.338,66
1.390,68
1.416,68
1.566,66
1.671,69
1.775,70
1.827,71
1.927,70
1.924,68
1.922,65
1.922,66
1.922,62
1.819,51
1.769,56
1.769,54
1.667,56
1.667,57
1.617,60
1.617,64
1.669,67
1.679,74
1.680,75
1.705,74
1.680,75
1.680,75
1.685,78
1.651,72
1.682,76
1.682,76
1.682,76
1.680,82
1.682,76
1.654,74
1.706,75
1.632,77
1.657,76
1.632,77
1.658,77
1.690,79
1.683,77
1.709,77
1.679,74
1.685,78
1.683,77
1.680,75
1.683,77
1.683,77
1.665,79
1.657,76
1.734,77
1.651,72
1.696,80
1.683,77
1.683,77
1.706,75
1.702,72
1.750,71
1.719,66
1.719,63
1.694,62
1.694,63
1.728,73
1.696,68
1.695,67
1.719,66
1.696,68
1.724,70
1.669,67
1.670,68
1.725,71
1.719,63
1.720,67
1.695,67
1.719,65
1.719,66
1.744,64
1.719,64
1.719,62
1.719,61
1.719,62
1.770,64
1.744,63
1.744,63
1.744,65
1.719,60
1.744,61
1.719,61
1.719,64
1.719,62
1.744,60
1.744,61
1.719,62
1.719,62
1.770,64
1.744,64
1.722,69
1.694,66
1.694,63
1.696,68
1.669,67
1.668,64
1.617,65
1.668,65
1.668,62
1.644,67
1.617,64
1.644,67
1.669,67
1.644,67
1.668,66
1.668,66
1.669,67
1.668,66
1.673,70
1.694,65
1.697,69
1.723,86
1.778,91
1.752,91
1.766,89
1.820,94
1.778,96
1.851,101
1.829,102
1.909,103
1.854,102
1.858,103
1.851,101
1.893,99
1.867,99
1.862,104
1.909,103
1.888,98
1.846,100
1.829,96
1.816,93
1.809,92
1.744,85
1.694,65
1.694,66
1.719,66
1.694,63
1.668,62
1.667,58
1.677,73
1.719,85
1.698,86
1.650,81
1.660,83
1.569,95
1.749,101
1.757,103
1.708,92
1.722,95
1.553,97
1.543,90
1.651,91
1.774,86
1.728,87
1.639,89
1.576,87
1.632,88
1.632,88
1.531,88
1.708,92
1.639,89
1.613,89
1.676,91
1.740,89
1.632,88
1.579,82
1.617,85
1.562,89
1.719,100
4.061,102
4.024,99
4.061,102
3.975,99
3.998,105
3.950,112
3.957,114
3.967,110
3.918,110
3.946,111
3.982,114
3.950,112
3.990,116
4.028,113
4.056,114
1.757,103
1.625,102
1.697,95
1.694,85
1.672,86
1.702,91
1.721,90
1.735,98
1.773,95
1.718,94
1.696,90
1.664,84
1.675,81
1.617,65
1.617,66
1.617,62
1.673,70
1.643,65
1.643,65
1.668,65
1.617,65
1.668,60
1.643,65
1.668,66
1.673,70
1.690,79
3.081,88
3.045,86
3.053,82
3.032,78
3.136,84
3.098,81
7.250,97
4.021,111
3.982,114
3.885,101
5.011,93
5.003,97
4.925,91
1.817,99
1.795,100
1.761,98
1.690,79
1.668,64
1.695,67
1.668,66
1.643,65
1.643,61
1.642,58
1.617,60
1.667,56
1.617,62
1.682,76
1.735,98
1.757,103
4.872,101
4.839,99
4.906,92
4.945,86
1.769,58
1.670,32
1.650,26
1.640,40
1.614,40
1.564,46
1.614,40
1.615,48
1.641,50
1.642,57
1.642,59
1.618,67
1.648,70
1.650,81
1.680,82
1.670,80
1.685,78
1.640,79
1.665,79
1.683,77
1.649,71
1.618,67
1.619,68
1.617,66
1.643,64
1.620,69
1.617,66
1.617,64
1.617,63
1.618,67
1.622,70
1.619,68
1.643,64
1.619,68
1.595,69
1.646,69
1.622,70
1.594,68
1.592,66
1.597,70
1.618,67
1.595,69
1.594,68
1.597,70
1.592,66
1.643,63
1.618,67
1.566,64
1.619,68
1.592,66
1.592,65
1.619,68
1.571,70
1.619,68
1.622,70
1.620,69
1.623,71
1.660,78
1.685,83
1.645,80
1.685,78
1.646,69
1.643,60
1.616,55
1.643,63
1.668,63
1.617,62
1.616,59
1.616,58
1.565,54
1.539,50
1.615,47
1.565,57
1.569,69
5.031,98
5.027,103
4.872,101
6.535,94
8.001,97
7.919,101
9.852,94
9.802,94
9.811,96
9.780,90
4.955,92
5.017,107
1.665,79
1.666,49
1.666,48
1.692,54
1.694,61
1.720,67
1.778,96
1.846,113
5.094,108
5.083,105
5.087,106
1.608,104
5.015,100
5.020,101
4.946,101
5.139,100
6.699,97
6.708,99
6.753,104
5.053,110
5.125,116
1.997,106
1.961,110
1.812,111
1.877,108
1.793,106
1.877,108
1.865,105
1.826,101
1.837,104
1.854,102
1.826,101
1.899,107
1.764,105
4.936,105
4.985,105
5.020,108
5.024,109
4.982,104
7.953,92
7.966,90
6.632,84
4.733,92
4.826,91
4.843,85
4.843,85
4.797,86
4.839,84
4.888,89
4.847,86
4.781,82
7.971,81
7.966,80
7.916,90
4.999,96
4.978,97
4.982,98
4.946,101
5.013,106
5.013,106
5.059,105
2.201,105
5.083,105
2.127,106
1.811,104
1.877,101
1.800,101
1.811,98
5.018,95
4.875,91
2.498,70
2.702,64
2.727,53
2.675,55
2.675,58
2.652,68
2.653,69
2.613,77
2.661,74
2.685,87
2.665,77
2.688,75
2.625,67
2.658,72
2.636,75
2.656,71
2.652,68
2.659,73
2.685,73
2.707,70
2.684,72
2.677,67
2.676,66
2.650,65
2.754,85
3.120,108
4.559,110
4.107,108
4.016,103
4.251,100
4.336,103
4.414,104
2.771,104
4.453,108
2.804,106
2.832,113
2.815,109
2.880,112
2.874,117
2.757,114
2.319,115
2.007,102
6.594,96
4.843,100
4.735,104
4.714,93
1.860,92
2.038,110
4.461,110
4.291,104
4.377,95
4.413,88
4.434,74
4.508,74
4.608,82
4.628,81
4.554,81
4.529,81
4.529,81
4.538,98
4.488,104
4.464,104
4.484,103
4.552,108
4.639,105
4.778,109
4.834,104
4.867,100
4.846,95
4.830,97
4.809,98
4.851,96
4.879,103
4.816,106
4.777,102
4.809,104
4.744,100
4.689,105
4.552,101
4.480,102
1.840,105
1.944,99
1.866,93
1.874,90
1.956,96
1.877,101
1.858,97
1.930,102
1.978,101
1.871,100
1.902,101
1.888,98
2.007,102
1.891,105
1.927,108
1.957,109
2.008,109
1.964,104
1.922,100
1.896,94
1.944,99
1.971,106
1.854,102
1.969,99
1.981,96
1.925,95
1.972,94
2.028,95
1.951,95
2.028,95
2.202,93
1.995,89
2.364,85
2.690,76
2.834,80
2.654,86
2.702,85
2.713,74
2.602,86
2.602,86
2.701,94
2.726,106
2.860,107
2.856,106
2.882,106
2.871,103
2.971,102
4.851,102
4.845,107
2.507,103
2.294,102
2.210,95
2.128,94
2.029,86
2.025,63
2.025,60
1.999,60
2.025,63
2.025,66
2.086,73
2.081,86
2.025,85
1.950,68
1.971,52
1.970,44
1.922,62
3.620,74
3.536,67
3.030,77
2.771,98
2.619,99
4.869,90
4.820,90
4.839,84
4.949,96
4.832,92
3.560,85
3.682,106
4.852,109
4.672,90
4.678,91
4.698,95
4.698,95
4.679,87
4.560,76
3.564,86
3.494,91
3.451,77
3.461,66
3.413,67
3.402,77
3.409,79
3.453,83
1.881,87
0.224,98
1.911,92
1.803,72
1.845,56
1.845,56
1.922,60
1.925,69
2.029,86
2.003,86
2.053,80
2.014,88
2.059,91
2.157,90
2.295,87
2.533,103
2.194,103
4.777,102
4.769,100
4.852,109
4.863,112
4.806,110
4.867,113
4.875,102
4.919,107
2.920,109
2.872,110
2.837,101
3.189,94
3.112,99
3.255,98
4.875,102
4.784,104
4.731,103
4.650,101
2.476,91
4.360,74
4.588,83
4.929,97
4.859,104
2.994,108
3.293,108
2.887,114
2.328,104
2.276,104
2.131,90
2.095,83
1.999,66
2.024,54
1.971,51
1.999,62
2.155,85
2.528,91
2.424,102
2.224,104
4.919,107
4.917,113
4.859,98
4.765,89
4.752,91
4.783,92
4.805,97
4.821,95
4.746,90
4.820,90
4.908,104
4.950,109
4.904,103
4.904,103
4.900,96
2.736,91
2.688,97
2.714,97
2.728,100
2.771,98
2.823,98
4.801,96
4.851,96
4.900,96
2.082,101
2.037,97
2.007,102
2.053,107
2.239,108
1.990,111
0.702,105
1.940,111
1.931,109
2.082,108
1.985,103
2.179,106
2.099,99
2.099,99
2.028,95
2.106,95
2.076,94
2.390,100
2.300,92
3.053,103
2.936,100
4.881,92
0.722,92
0.820,97
0.770,97
0.758,100
0.616,72
0.635,68
0.661,69
0.659,67
0.660,68
0.658,64
0.658,65
0.683,65
0.659,67
0.658,61
0.658,64
0.658,64
0.658,65
0.633,61
0.609,67
0.663,70
0.633,66
0.660,68
0.659,67
0.686,69
0.660,68
0.683,63
0.683,65
0.658,61
0.632,58
0.657,58
0.658,60
0.661,69
0.750,83
0.704,89
0.804,99
0.881,106
0.791,102
0.811,95
2.366,90
2.282,79
0.635,80
0.750,78
0.713,70
0.657,59
0.656,51
0.707,55
0.657,59
0.708,62
0.709,67
0.708,66
0.713,70
0.708,65
0.708,66
0.683,66
0.740,81
0.758,85
0.816,96
0.841,96
0.820,103
0.813,108
0.860,107
0.779,99
0.820,97
0.729,89
0.710,80
0.708,65
0.658,66
0.660,68
0.708,64
0.660,68
0.692,73
0.658,66
0.664,71
0.685,68
0.710,68
0.685,68
0.709,67
0.659,67
0.686,69
0.661,69
0.710,68
0.683,63
0.708,65
0.659,67
0.716,72
0.714,71
0.714,71
0.710,68
0.682,56
7.536,49
9.353,30
9.371,41
7.561,49
7.513,60
3.766,87
3.843,103
1.007,94
1.020,103
1.007,94
0.929,89
0.914,71
0.907,58
0.882,59
0.907,57
0.907,59
0.983,64
1.014,71
1.083,94
1.169,96
1.207,99
1.114,86
1.106,84
1.076,78
1.110,64
1.115,70
1.147,82
1.137,68
1.134,58
1.134,59
1.135,61
1.110,61
1.110,66
1.084,65
1.110,66
1.059,63
0.958,65
0.883,66
0.883,66
0.883,66
0.908,65
0.957,58
1.007,59
1.008,61
0.956,51
1.006,46
1.056,38
1.061,32
0.961,31
1.108,47
1.040,71
1.192,81
1.220,87
1.213,90
1.214,95
1.210,94
1.200,92
1.169,91
1.080,84
1.068,87
1.048,92
1.138,95
1.210,94
1.273,97
1.253,98
1.214,95
1.188,90
1.161,85
1.048,76
1.008,63
1.008,62
1.071,75
1.126,98
1.122,97
1.173,97
1.191,101
1.194,96
1.169,102
1.113,95
1.138,95
1.086,90
1.071,75
0.982,59
0.981,47
1.030,41
1.084,35
0.936,31
9.727,65
9.751,55
1.060,23
0.960,32
1.056,42
1.056,42
1.006,46
1.057,52
1.057,52
1.058,56
1.033,65
1.064,70
1.060,67
1.060,67
1.033,63
1.059,65
1.033,66
1.085,67
1.086,68
1.067,72
1.062,69
1.084,65
1.084,63
1.110,64
1.134,59
1.185,66
1.160,60
1.135,62
1.159,59
1.058,55
1.032,57
0.907,53
0.757,55
0.657,59
0.608,63
0.632,59
0.608,62
0.608,60
0.557,59
0.557,59
0.567,73
0.673,88
0.729,89
0.729,84
0.725,78
0.660,68
0.690,81
0.711,95
0.741,91
0.608,85
0.612,86
0.609,67
0.556,47
0.706,52
0.832,59
1.008,64
1.143,72
1.090,71
1.059,65
0.957,59
0.757,56
0.607,54
0.608,61
0.733,85
0.761,95
0.770,97
0.811,95
0.803,93
0.948,88
1.051,83
3.276,75
3.226,75
3.199,73
3.223,73
1.238,80
1.436,79
1.421,81
1.406,83
1.439,85
1.396,81
1.410,84
1.414,85
1.429,77
1.422,72
1.369,71
1.314,68
1.346,72
1.343,70
1.312,65
1.266,70
1.110,64
1.160,61
1.059,66
0.833,65
0.833,64
0.657,58
0.557,55
0.456,52
0.431,51
0.455,44
0.405,45
0.380,42
0.406,48
0.406,46
0.406,51
0.356,46
0.406,46
0.407,53
0.405,45
0.405,45
0.356,48
0.356,48
0.406,47
0.380,44
0.355,44
0.355,45
0.380,42
0.380,43
0.355,43
0.355,45
0.355,44
0.381,48
0.381,46
0.381,46
0.406,46
0.406,48
0.406,48
0.406,52
0.431,49
0.456,51
0.456,48
0.456,49
0.456,49
0.431,52
0.406,51
0.456,52
0.457,59
0.457,54
0.482,56
0.557,56
0.857,57
1.236,64
1.388,64
1.439,60
1.465,64
1.414,62
1.387,57
1.395,71
1.416,80
1.265,86
0.941,72
0.413,70
0.465,81
0.545,82
1.008,85
1.127,83
1.186,85
1.243,81
1.326,92
1.264,95
1.250,92
3.929,94
3.880,85
1.238,80
3.821,77
1.410,89
1.337,53
1.311,59
1.363,60
1.363,64
1.363,65
1.363,65
1.389,67
1.428,76
1.461,84
1.479,92
1.485,93
1.451,82
1.415,67
1.414,65
1.363,61
1.363,60
1.311,54
1.208,49
0.882,53
0.430,43
0.456,49
0.407,53
0.407,55
0.357,57
0.406,51
0.382,56
0.356,52
0.407,55
0.382,54
0.406,52
0.407,55
0.407,58
0.408,63
0.407,58
0.383,61
0.358,62
0.333,62
0.357,57
0.408,60
0.388,70
0.359,67
0.407,59
0.382,53
0.407,53
0.407,53
0.356,49
0.357,55
0.356,52
0.357,53
0.281,52
0.357,54
0.382,55
0.332,56
0.306,48
0.331,51
0.332,54
0.357,53
0.331,51
0.281,49
0.281,51
0.307,58
0.282,56
0.256,51
0.306,49
0.331,50
0.306,51
0.331,48
0.306,47
0.356,47
0.306,51
0.306,46
0.306,47
0.306,48
0.382,54
0.482,56
0.757,55
1.032,57
1.110,62
1.235,57
1.261,62
1.235,58
1.235,57
1.286,56
1.362,58
1.515,58
1.694,61
1.696,68
1.766,84
1.797,90
1.846,100
1.775,101
1.905,102
1.935,97
1.989,98
2.024,94
2.007,91
1.956,91
0.375,78
0.267,73
0.345,75
0.170,75
0.285,80
0.316,96
0.291,91
0.287,86
0.223,77
0.208,61
0.207,58
0.206,51
0.232,56
0.257,57
0.233,62
0.182,59
0.157,55
0.257,53
0.331,46
0.331,50
0.332,53
0.357,56
0.357,54
0.357,58
0.307,54
0.333,61
0.307,56
0.256,47
0.280,45
0.305,40
0.330,40
0.406,50
0.407,54
0.332,55
0.307,59
2.076,58
2.082,70
2.063,82
2.176,93
0.241,91
0.291,96
0.235,90
0.154,84
0.145,75
0.159,67
0.158,63
0.208,65
0.160,68
0.163,70
0.192,73
0.167,73
0.164,71
0.158,60
0.158,63
0.207,59
0.208,61
0.238,70
0.222,76
0.245,75
0.235,68
0.210,68
0.233,65
0.258,66
0.208,64
0.258,66
0.258,65
0.258,63
0.208,64
0.261,69
0.214,71
0.211,69
0.236,69
0.260,68
0.258,63
0.267,73
0.264,71
0.260,68
0.258,66
0.261,69
0.284,67
0.261,69
0.258,64
0.308,65
0.310,68
0.292,73
0.236,69
0.267,73
0.258,64
0.258,62
0.257,56
0.282,55
0.306,52
0.407,57
0.758,63
0.933,64
0.958,64
1.059,63
1.161,67
1.237,67
1.263,68
1.262,67
1.261,63
1.287,62
1.210,64
1.261,62
1.236,66
1.313,67
1.414,65
1.643,65
1.858,75
1.960,75
0.370,75
0.311,69
0.282,56
0.307,56
0.308,60
0.306,52
0.257,55
0.280,45
0.280,44
0.280,44
0.257,53
0.300,78
0.422,92
0.364,71
0.308,64
0.307,58
0.358,66
0.323,77
0.412,86
0.453,93
0.385,90
0.429,89
0.422,92
0.420,82
0.356,49
0.405,38
0.508,35
0.316,72
0.337,86
2.077,85
2.107,86
2.025,85
2.043,83
1.982,87
1.982,87
2.047,89
1.995,89
2.040,88
2.024,94
1.976,95
2.229,99
4.105,95
4.131,86
4.099,89
4.129,90
4.151,94
4.123,89
4.102,85
4.122,93
4.016,82
4.225,94
4.280,101
4.213,97
4.080,90
4.025,79
2.000,34
2.049,37
2.048,39
1.970,38
1.894,40
1.919,39
2.048,44
2.024,36
2.023,47
1.970,42
9.462,97
9.445,93
9.439,92
9.489,92
9.500,85
9.502,90
9.459,87
9.483,91
1.919,45
2.126,38
1.996,43
1.946,37
2.023,49
1.919,41
2.022,43
2.100,42
9.470,93
2.127,37
2.075,48
2.181,64
2.069,78
2.228,93
2.085,96
2.160,101
2.186,101
2.177,99
2.072,93
2.150,93
2.034,87
2.063,82
2.006,81
1.984,74
1.965,78
1.973,64
1.947,56
1.972,57
1.998,53
1.972,54
1.972,57
1.972,56
1.922,60
1.972,57
1.972,57
1.947,53
1.972,55
1.971,48
1.920,49
1.945,44
1.919,45
1.844,46
1.819,46
1.895,47
1.844,50
1.895,50
1.869,51
1.844,50
1.869,47
1.869,48
1.870,54
1.870,58
1.821,64
1.871,65
1.897,64
1.897,66
1.878,71
1.922,62
1.871,63
1.871,62
1.871,66
1.794,58
1.770,61
1.770,60
1.770,61
1.770,62
1.821,60
1.770,62
1.795,62
1.794,58
1.769,55
1.743,54
1.742,52
1.744,62
1.756,74
1.743,57
1.740,84
1.842,84
1.645,68
1.692,58
1.692,56
1.719,60
1.718,55
1.770,60
1.744,65
1.719,60
1.743,59
1.719,62
1.744,63
1.719,63
1.719,64
1.719,62
1.719,60
1.719,60
1.727,72
1.741,79
1.774,86
1.809,92
1.875,95
1.854,91
1.917,93
1.765,93
1.794,94
4.374,85
4.364,88
4.351,80
4.366,83
4.371,79
4.391,83
4.371,79
4.381,81
4.349,85
4.399,85
4.425,90
4.427,86
4.383,87
4.422,94
4.484,97
4.431,96
4.464,98
4.468,93
4.336,82
4.385,74
4.450,80
4.401,80
4.419,84
4.444,84
4.419,89
4.448,85
4.413,88
4.456,96
4.488,98
4.534,97
4.560,92
4.307,81
4.371,79
4.364,77
4.275,66
4.210,73
4.108,71
4.084,71
4.188,82
4.370,89
4.538,98
4.521,94
4.457,87
4.440,78
4.434,74
4.438,77
4.440,78
4.430,81
4.448,85
4.448,85
4.445,79
4.448,85
4.420,79
4.440,83
4.460,82
4.462,76
4.457,73
4.483,74
4.487,77
4.494,79
4.480,72
4.536,76
4.487,77
4.511,76
4.503,71
4.498,67
4.497,66
4.628,27
4.494,43
4.447,58
4.481,73
4.499,80
4.463,77
4.536,76
4.571,66
4.545,52
4.545,37
4.600,30
14.933,78
4.424,18
4.603,27
4.496,55
4.570,55
4.521,53
4.522,66
4.511,76
4.484,75
4.486,76
4.438,77
4.409,74
4.349,66
4.349,61
4.274,58
4.175,48
4.001,43
4.126,36
3.932,13
15.063,57
15.387,52
15.412,52
13.645,64
4.178,13
4.231,29
4.272,42
4.372,47
4.348,54
4.398,53
4.422,57
4.447,58
4.398,59
4.398,57
4.398,56
4.422,59
4.398,54
4.398,57
4.398,57
4.399,60
4.398,57
4.373,56
4.348,55
4.299,54
4.250,56
4.176,59
4.053,65
3.965,74
3.920,77
3.818,82
3.813,81
3.838,81
3.813,81
3.806,85
3.827,84
3.838,81
3.783,80
3.823,78
3.848,83
3.734,80
3.547,75
3.498,75
3.470,73
3.466,70
3.498,75
3.497,74
3.467,71
3.514,69
3.520,73
3.497,74
3.464,69
3.526,77
3.577,78
3.623,76
3.582,79
3.542,81
3.513,80
3.478,78
3.488,80
3.547,82
3.626,83
3.788,81
3.912,81
4.183,81
4.399,85
4.420,79
4.113,74
3.759,68
3.706,57
3.533,49
3.437,66
3.448,75
3.384,79
3.404,78
3.374,75
3.353,77
3.402,77
3.373,74
3.377,77
3.426,76
3.325,75
3.392,70
3.346,72
3.346,72
3.340,68
3.341,69
3.360,79
3.370,72
3.368,71
3.373,74
3.349,74
3.392,70
3.370,72
3.324,74
3.343,70
3.350,75
3.371,73
3.316,69
3.346,72
3.341,69
3.387,64
3.511,64
3.559,59
3.659,60
3.682,50
3.705,51
3.705,37
14.291,94
14.275,96
14.231,92
9.901,106
9.808,101
9.743,98
9.778,100
9.811,102
9.781,95
9.805,90
9.761,87
9.674,79
9.702,64
15.188,55
15.136,43
1.363,35
1.309,38
1.310,48
1.285,50
1.336,51
1.311,54
1.311,57
1.311,57
1.312,60
1.287,65
1.217,71
1.025,78
0.940,81
0.898,77
0.885,68
0.883,62
0.908,64
0.883,65
0.883,65
0.858,62
0.908,66
0.911,69
0.910,68
0.910,68
0.913,70
0.913,70
0.883,65
0.916,72
0.866,72
0.886,69
0.884,67
0.883,65
0.858,62
0.860,68
0.885,68
0.883,65
0.860,68
0.860,68
0.839,71
0.864,71
0.861,69
0.863,70
0.866,72
0.864,71
0.866,72
0.891,72
0.822,76
0.867,73
0.823,77
0.839,71
0.842,73
0.838,70
0.809,67
0.838,70
0.863,70
0.858,66
0.835,68
0.860,68
0.808,66
0.808,65
0.858,65
0.833,65
0.833,60
0.807,59
0.758,61
0.761,69
0.813,70
0.759,67
0.808,66
0.758,66
0.783,63
0.734,67
0.783,66
0.786,69
0.738,70
0.784,67
0.764,71
0.769,74
0.759,67
0.763,70
0.763,70
0.761,69
0.761,69
0.759,67
0.766,72
0.760,68
0.761,69
0.760,68
0.758,64
0.733,61
0.758,64
0.760,68
0.758,62
0.710,68
0.758,65
0.783,65
0.758,65
0.758,66
0.789,71
0.760,68
0.772,76
0.769,74
0.772,76
0.744,74
0.819,74
0.816,72
2.144,76
2.135,71
2.213,70
2.182,67
2.190,72
2.537,78
3.045,86
3.169,86
1.689,89
1.518,90
1.457,83
1.429,77
1.380,78
1.398,73
1.363,66
1.388,66
1.366,69
1.388,66
1.363,64
1.340,68
1.363,66
1.388,62
1.388,61
1.414,66
1.414,64
1.389,67
1.414,65
1.387,59
1.388,63
1.363,64
1.388,64
1.363,64
1.366,69
1.388,65
1.365,68
1.388,62
1.366,69
1.364,67
1.363,66
1.315,69
1.338,65
1.315,69
1.313,67
1.312,66
1.313,67
1.312,66
1.289,68
1.312,66
1.292,70
1.315,69
1.318,71
1.313,67
1.326,76
1.321,73
1.346,72
1.318,71
1.317,70
1.314,68
1.312,63
1.312,65
1.338,66
1.312,62
1.312,62
1.312,64
1.312,66
1.313,67
1.312,66
1.338,63
1.312,66
1.312,65
1.312,65
1.266,70
1.288,67
1.210,65
1.211,67
1.160,65
1.163,69
1.086,68
1.008,66
1.006,50
0.981,48
1.009,34
0.955,43
0.856,49
0.856,47
0.881,46
0.855,45
0.955,42
0.955,39
1.030,41
7.934,93
0.910,15
1.056,41
0.956,47
0.930,45
0.858,35
0.809,23
0.808,35
0.833,35
0.805,44
0.806,49
0.857,59
0.808,60
0.858,62
0.808,63
0.858,60
0.857,58
0.832,59
0.808,63
0.783,61
0.758,64
0.808,66
0.783,66
0.758,66
0.785,68
0.809,67
0.870,75
0.872,76
0.897,76
0.969,74
2.369,70
2.390,63
2.393,69
0.859,67
0.858,66
0.832,58
0.859,67
0.861,69
0.866,72
0.864,71
0.845,75
0.839,71
0.811,69
0.788,70
0.786,69
0.786,69
0.833,65
0.863,70
0.860,68
0.864,71
0.858,63
0.869,74
0.888,70
0.897,76
0.884,67
0.833,63
0.907,59
1.208,48
1.260,36
1.217,28
1.085,34
1.108,48
1.159,54
1.160,61
1.185,61
1.163,69
1.165,70
1.185,64
1.110,63
1.008,60
0.908,65
0.963,70
0.961,69
0.945,75
0.922,76
0.913,70
0.914,71
0.963,70
0.935,68
0.911,69
0.933,66
0.958,66
0.958,62
0.908,66
0.883,61
0.885,68
0.908,64
0.914,71
0.934,67
0.884,67
0.913,70
0.909,67
0.860,68
0.861,69
0.858,66
0.833,66
0.835,68
0.811,69
0.813,70
0.763,70
0.780,79
0.804,84
0.808,85
0.829,89
0.832,94
0.841,96
0.861,95
0.803,93
0.773,88
0.737,86
0.695,82
0.767,87
0.823,88
0.785,90
0.829,89
0.779,84
0.845,82
0.854,84
0.912,86
0.885,90
0.867,87
0.880,79
0.898,77
0.836,69
0.810,68
0.808,66
0.835,68
0.860,68
0.792,73
0.788,70
0.820,75
0.844,74
0.792,73
0.819,74
0.817,73
0.839,71
0.816,72
0.817,73
0.820,75
0.864,71
0.817,73
0.838,70
0.813,70
0.808,66
0.869,74
0.850,83
0.862,86
0.880,79
0.814,71
0.844,74
0.836,69
0.839,71
0.834,67
0.836,69
0.842,73
0.861,69
0.864,71
0.844,74
0.862,86
0.903,93
0.970,97
0.995,103
0.974,98
0.966,96
0.985,90
1.175,92
1.210,94
1.169,96
1.137,90
1.125,77
1.064,70
1.008,66
0.964,71
0.870,75
0.841,72
0.842,73
0.788,70
0.795,75
0.811,69
0.764,71
0.770,75
0.819,74
0.788,70
0.811,69
0.839,71
0.904,84
0.898,77
0.842,73
0.810,68
0.785,68
0.811,69
0.842,73
0.835,68
0.835,68
0.835,68
0.863,70
0.913,70
0.913,70
0.964,71
0.944,74
0.964,71
0.963,70
0.966,72
0.964,71
0.969,74
0.964,71
0.994,74
0.960,68
0.939,71
0.916,72
0.960,68
0.914,71
0.917,73
0.909,67
0.938,70
0.891,72
0.861,69
0.861,69
0.869,74
0.814,71
0.822,76
0.788,70
0.819,74
0.788,70
0.769,74
0.817,73
0.766,72
0.784,67
0.816,72
0.760,68
0.769,74
0.764,71
0.763,70
0.734,67
0.735,68
0.761,69
0.760,68
0.761,69
0.741,72
0.741,72
0.764,71
0.769,74
0.744,74
0.739,71
0.735,68
0.733,64
0.758,61
0.707,59
0.707,58
0.706,50
0.756,48
0.681,50
-99999999
0.781,48
0.706,47
0.731,51
0.725,78
0.812,86
0.787,86
0.762,86
0.790,81
0.773,77
0.719,74
0.908,63
0.866,72
1.023,77
0.790,81
0.895,82
0.783,85
0.845,75
0.767,73
0.795,75
0.830,79
0.840,81
0.819,74
0.855,44
0.810,32
0.680,41
0.756,46
0.707,56
0.732,58
0.708,61
0.733,61
0.732,54
0.807,56
0.756,50
0.756,47
0.808,35
0.706,50
0.841,72
0.879,89
0.903,93
0.861,95
0.904,99
0.870,97
0.874,98
0.924,98
0.861,95
0.841,91
0.829,89
0.767,87
0.737,86
0.704,84
0.745,82
0.742,87
0.735,90
0.708,85
0.791,91
0.797,92
0.824,98
0.782,94
0.757,94
0.704,89
0.735,90
0.866,91
0.792,87
0.662,86
3.377,77
3.374,75
3.363,62
3.362,56
3.386,53
3.458,44
3.410,52
3.410,50
3.386,55
3.410,52
3.437,60
3.486,63
3.495,73
3.450,76
3.434,79
3.434,79
3.448,82
3.488,90
3.482,84
3.444,81
3.507,84
3.478,78
3.415,69
3.411,59
3.361,37
3.468,27



3.537,17
3.391,30
3.413,34
3.360,42
3.415,31
13.345,94
3.340,32
3.335,42
3.362,58
3.366,69
3.384,79
3.373,74
3.377,77
3.374,75
3.379,78
3.379,78
3.377,77
3.404,78
3.384,79
3.379,78
3.419,81
3.461,85
3.457,84
3.482,84
3.503,83
3.488,80
3.469,72
3.512,67
3.510,58
3.510,55
3.509,49
3.534,53
3.533,52
3.558,51
3.511,60
3.511,66
3.494,72
3.457,84
3.408,84
3.389,80
3.429,78
3.439,80
3.444,81
3.493,81
3.507,84
3.498,82
3.528,83
3.547,82
3.500,76
3.476,77
3.523,75
3.528,78
3.501,77
3.476,77
3.503,78
3.523,82
3.525,76
3.523,75
3.494,72
3.522,74
3.511,63
3.609,58
3.410,47
3.384,39
3.409,45
3.411,53
3.438,67
3.476,77
3.503,78
3.483,79
3.490,86
3.468,81
3.498,82
3.483,79
3.473,75
3.476,77
3.463,80
3.478,78
3.488,80
3.483,79
3.482,84
3.482,84
3.463,80
3.511,85
3.476,88
3.568,91
3.575,88
3.557,79
3.467,71
3.511,66
3.466,70
3.467,71
3.448,75
3.475,76
3.448,74
3.503,83
3.476,77
3.463,80
3.495,87
3.520,87
3.575,88
3.483,79
3.525,76
3.438,67
3.338,62
3.388,67
3.388,67
3.437,63
3.412,66
3.514,69
3.572,75
3.535,85
3.503,83
3.453,83
3.434,79
3.439,80
3.423,74
3.424,75
3.427,77
3.463,80
3.392,70
3.417,70
3.415,69
3.364,67
3.366,69
3.371,73
3.399,82
3.387,85
3.387,85
3.360,79
3.374,75
3.368,71
3.572,75
3.462,67
3.321,72
3.344,71
3.366,69
3.417,70
9.005,87
9.034,82
9.059,82
9.037,77
9.029,81
1.062,31
1.209,36
1.182,43
1.183,48
1.209,53
1.286,57
1.262,67
1.287,62
1.261,62
1.260,58
1.260,54
1.235,54
1.259,47
1.258,38
1.258,45
1.284,40
1.362,54
1.387,54
1.362,55
1.362,53
1.363,61
1.363,63
1.364,67
1.317,70
1.317,70
1.320,72
1.372,73
1.323,74
1.343,70
1.292,70
1.327,77
1.326,76
1.327,77
1.327,77
1.326,76
1.353,77
1.284,79
1.349,74
1.299,75
1.327,77
1.295,72
1.321,73
1.346,72
1.318,71
1.318,71
1.339,67
1.341,69
1.313,67
1.314,68
1.363,66
1.312,65
1.338,62
1.337,56
1.336,49
1.360,45
1.385,41
8.950,86
9.225,90
9.243,93
9.080,91
9.137,88
8.991,93
8.609,88
8.609,88
8.799,86
9.061,92
8.967,89
8.955,87
8.896,85
8.900,86
8.905,87
8.917,89
8.866,89
8.887,83
8.911,77
8.918,79
1.741,41
1.792,44
1.820,54
1.742,50
1.642,57
1.668,63
1.694,61
1.719,60
1.770,63
1.770,64
1.795,60
1.870,57
1.896,56
1.743,58
1.617,63
1.465,60
1.439,63
1.439,65
1.467,68
1.468,69
1.466,67
1.444,70
1.445,71
1.465,63
1.363,65
1.366,69
1.340,68
1.321,73
1.355,78
1.374,74
1.326,76
1.352,76
1.320,72
1.318,71
1.317,70
1.368,70
1.313,67
1.263,68
1.287,61
1.261,60
1.287,60
1.261,63
1.261,63
1.262,67
1.320,72
1.277,77
1.272,74
1.292,70
1.344,71
1.266,70
1.317,70
1.363,65
1.312,63
1.312,61
1.311,57
1.261,61
1.262,67
1.237,67
1.263,68
1.248,75
1.266,70
1.290,69
1.267,71
1.264,69
1.299,75
1.292,70
1.270,73
1.318,71
1.288,67
1.295,72
1.289,68
1.296,73
1.301,76
1.284,79
1.301,76
1.302,77
1.327,77
1.272,74
1.293,71
1.298,74
1.313,67
1.287,65
1.312,64
1.338,62
1.339,67
1.287,65
1.312,66
1.320,72
1.315,69
1.320,72
1.369,71
1.315,69
1.346,72
1.347,73
1.288,67
1.339,67
1.317,70
1.366,69
1.312,66
1.313,67
1.338,66
1.365,68
1.368,70
1.366,69
1.318,71
1.314,68
1.292,70
1.320,72
1.287,64
1.320,72
1.338,65
1.338,63
1.312,64
1.362,59
1.362,56
1.386,52
1.362,58
1.361,52
1.387,56
1.363,61
1.363,63
1.312,65
1.312,63
1.364,67
1.312,65
1.338,64
1.366,69
1.339,67
1.363,66
1.314,68
1.365,68
1.366,69
1.368,70
1.314,68
1.324,75
1.347,73
1.372,73
1.374,74
1.349,74
1.371,72
1.299,75
1.326,76
1.299,75
1.298,74
1.326,76
1.273,75
1.277,77
1.273,75
1.277,77
1.276,76
1.270,73
1.245,73
1.251,77
1.273,75
1.273,75
1.247,74
1.269,72
1.245,73
1.248,75
1.276,76
1.248,75
1.277,77
1.251,77
1.273,75
1.296,73
1.216,70
1.237,67
1.236,66
1.210,64
1.236,60
1.235,56
1.208,52
1.159,53
1.159,53
1.160,61
1.160,63
1.162,68
1.169,73
1.217,71
1.199,76
1.172,75
1.177,78
1.197,82
1.202,83
1.182,84
1.170,87
1.137,90
1.182,89
1.144,87
1.125,88
1.173,82
1.152,78
1.175,77
1.144,73
1.127,78
1.125,77
1.127,78
1.125,77
1.146,74
1.168,72
1.168,72
1.160,65
1.110,61
0.972,76
0.885,68
0.809,67
0.864,71
0.809,67
0.758,65
0.784,67
0.760,68
0.810,68
0.810,68
0.783,63
0.733,66
0.707,56
0.758,62
0.783,64
0.958,66
1.060,67
1.191,71
1.194,73
1.217,71
1.160,63
0.907,58
0.808,61
0.733,63
0.769,74
0.769,74
0.759,67
0.760,68
0.759,67
0.708,65
0.708,63
0.710,68
0.733,64
0.708,64
0.683,64
0.733,64
0.708,63
0.783,61
0.808,62
0.832,58
0.756,50
0.731,46
0.780,44
0.731,51
0.757,59
0.808,63
0.883,65
0.958,64
1.013,70
1.059,60
1.135,61
1.160,63
1.185,60
1.134,58
1.159,57
1.208,48
1.183,47
1.210,35
1.218,27
9.129,81
9.126,86
9.230,81
9.180,81
9.235,82
1.166,28
1.117,26
1.061,32
1.107,44
1.108,49
1.134,58
1.134,59
1.135,62
1.110,66
1.135,65
1.118,72
1.161,67
1.110,66
1.163,69
1.135,65
1.113,69
1.169,73
1.168,72
1.141,71
1.137,68
1.090,71
1.144,73
1.121,74
1.121,74
1.121,74
1.132,79
1.132,79
1.173,82
1.132,79
1.187,80
1.147,75
1.140,70
1.143,72
1.160,65
1.163,69
1.111,67
1.160,66
1.136,67
1.160,64
1.165,70
1.160,65
1.135,64
1.137,68
1.112,68
1.112,68
1.113,69
1.118,72
1.121,74
1.144,73
1.147,75
1.125,77
1.121,74
1.137,80
1.124,76
1.125,77
1.122,75
1.166,71
1.124,76
1.144,73
1.160,60
1.107,45
1.159,56
1.110,66
1.036,68
0.908,65
0.732,59
0.658,63
0.608,63
0.658,63
0.658,65
0.658,66
0.659,67
0.638,70
0.610,68
0.658,66
0.658,65
0.658,66
0.657,59
0.657,59
0.707,57
0.706,51
0.756,48
0.780,40
0.906,47
0.880,45
0.856,52
0.807,56
0.757,56
0.708,63
0.758,63
0.808,64
0.888,70
0.859,67
0.911,69
0.960,68
0.961,69
0.958,65
0.960,68
1.011,69
0.995,75
1.011,69
1.060,67
1.010,68
0.985,68
0.988,70
0.983,66
1.009,67
0.961,69
0.966,72
0.960,68
0.908,65
0.942,73
0.883,66
0.908,63
0.882,59
0.883,63
0.833,64
0.783,60
0.758,65
0.757,59
0.707,59
0.657,59
0.607,55
0.533,60
0.532,59
0.482,56
0.507,56
0.507,58
0.507,58
0.507,56
0.482,57
0.507,55
0.507,56
0.557,59
0.633,62
0.658,62
0.708,65
0.760,68
0.789,71
0.811,69
0.841,72
0.811,69
0.811,69
0.810,68
0.870,75
0.783,61
0.632,58
0.607,54
0.558,60
0.609,67
0.583,64
0.709,67
0.783,65
0.863,70
0.708,61
0.632,58
0.608,62
0.610,68
0.658,66
0.684,67
0.658,66
0.661,69
0.663,70
0.691,72
0.663,70
0.664,71
0.739,71
0.658,65
0.683,63
0.708,62
0.808,64
0.858,64
0.834,67
0.763,70
0.692,73
0.667,73
0.669,74
0.719,74
0.688,70
0.669,74
0.719,74
0.722,76
0.717,73
0.720,75
0.717,73
0.748,77
0.716,72
0.714,71
0.711,69
0.711,69
0.734,67
0.708,65
0.708,64
0.733,64
0.683,61
0.732,58
0.733,63
0.758,65
0.758,62
0.808,60
0.758,64
0.758,64
0.733,64
0.733,62
0.761,69
0.760,68
0.786,69
0.814,71
0.810,68
0.760,68
0.786,69
0.758,66
0.708,66
0.758,65
0.759,67
0.759,67
0.759,67
0.760,68
0.711,69
0.666,72
0.598,77
0.590,81
0.590,81
0.617,73
0.623,77
0.623,77
0.567,73
0.589,71
0.567,73
0.575,78
0.569,74
0.535,68
0.533,60
0.657,55
0.631,46
0.556,48
0.507,59
0.483,61
0.458,61
0.508,62
0.458,60
0.508,60
0.458,62
0.508,62
0.458,61
0.557,54
1.132,44
1.462,45
1.464,56
1.438,57
1.465,64
1.465,66
1.465,63
1.470,70
1.490,65
1.465,65
1.516,62
8.342,64
8.470,32
1.594,14
8.470,32
8.518,54
8.474,71
8.443,85
8.443,85
8.425,81
8.476,91
8.464,84
8.488,93
8.485,83
8.420,80
8.410,83
8.472,86
8.439,84
8.452,87
8.477,87
8.435,83
8.407,76
8.425,81
8.435,83
8.472,86
8.374,81
8.319,80
8.379,82
8.414,84
8.364,79
8.369,80
8.344,80
8.319,68
8.322,70
8.349,81
8.388,84
8.379,82
8.384,83
8.420,80
8.465,79
8.489,89
8.415,79
8.435,78
8.407,76
8.455,75
8.497,86
8.457,92
8.414,89
8.338,84
8.279,82
8.346,86
8.301,87
8.325,91
8.363,89
8.357,88
8.321,86
8.363,89
8.401,91
8.414,89
8.420,90
8.393,85
8.389,79
8.324,81
8.324,81
8.369,90
8.338,84
8.338,84
8.284,83
8.284,83
8.301,87
8.396,95
8.357,88
8.325,91
8.253,82
8.253,75
8.215,54
8.292,63
1.157,45
8.334,83
1.210,64
1.159,58
1.210,63
1.212,68
1.160,62
1.160,62
1.159,55
1.288,18
8.264,50
8.208,78
8.292,85
8.245,86
8.233,83
8.237,89
8.225,87
8.231,88
8.212,84
8.230,92
8.262,89
8.250,87
8.256,88
8.267,85
8.258,83
8.363,89
8.258,83
8.152,74
8.205,76
8.168,80
8.191,85
8.170,86
8.191,85
8.237,89
8.291,94
8.253,82
8.190,57
8.115,66
8.205,76
8.183,83
8.237,84
8.313,89
8.271,86
8.136,84
8.250,87
8.325,96
8.317,100
8.379,97
8.203,97
8.203,97
8.262,99
8.187,89
8.015,62
0.815,26
0.830,38
0.755,43
0.706,48
0.657,57
0.632,59
0.557,56
0.457,58
0.357,58
0.431,49
0.558,61
0.658,62
0.708,62
0.758,64
0.758,61
0.731,52
0.756,51
0.807,53
0.808,60
0.789,71
0.786,69
0.816,72
0.819,74
0.814,71
0.784,67
0.808,62
0.782,54
0.830,43
0.806,47
0.757,54
0.758,62
0.758,65
0.758,63
0.813,70
0.759,67
0.735,68
0.735,68
0.766,72
0.760,68
0.791,72
0.758,64
0.763,70
0.758,65
0.761,69
0.810,68
0.783,66
0.761,69
0.788,70
0.772,76
0.795,75
0.794,74
0.744,74
0.775,78
0.790,81
0.760,80
0.808,85
0.775,83
0.737,86
0.767,87
0.754,84
0.712,86
0.778,93
0.754,84
0.717,87
0.758,85
0.729,84
0.730,79
0.748,77
0.720,75
0.769,74
0.764,71
0.769,74
0.823,77
0.775,78
0.800,78
0.795,75
0.780,79
0.775,78
0.747,76
0.755,79
0.770,75
0.772,76
0.798,77
0.742,73
0.772,76
0.722,76
0.764,71
0.745,75
0.780,79
0.769,74
0.780,79
0.805,79
0.794,74
0.769,74
0.791,72
0.788,70
0.839,71
0.844,74
0.772,76
0.823,77
0.844,74
0.791,72
0.823,77
0.825,78
0.822,76
0.795,75
0.767,73
0.772,76
0.780,79
0.775,78
0.775,78
0.772,76
0.709,67
0.738,70
0.766,72
0.741,72
0.766,72
0.766,72
0.788,70
0.789,71
0.809,67
0.858,63
0.858,60
1.007,53
1.134,56
1.260,59
1.260,58
1.312,60
1.312,61
1.261,63
1.237,67
1.263,68
1.188,69
1.068,73
1.040,71
0.920,75
0.867,73
0.835,68
0.764,71
0.761,69
0.741,72
0.788,70
0.813,70
0.798,77
0.822,76
0.870,75
0.897,76
0.970,75
1.016,72
1.062,69
1.059,65
1.008,62
0.964,71
0.908,64
0.885,68
0.811,69
0.869,74
0.834,67
0.859,67
0.859,67
0.834,67
0.808,64
0.761,69
0.758,64
0.733,66
0.708,63
0.758,64
0.758,61
0.758,60
0.857,59
0.958,61
0.985,68
1.045,74
1.093,73
1.119,73
1.165,70
1.165,70
1.165,70
1.188,69
1.184,59
1.160,62
1.184,55
1.134,56
1.108,48
0.981,50
0.857,54
0.807,54
0.808,61
0.857,56
0.857,56
0.957,56
0.982,57
1.007,57
1.110,60
1.135,65
1.160,64
1.187,68
1.210,65
1.269,72
1.262,67
1.264,69
1.269,72
1.267,71
1.295,72
1.320,72
1.324,75
1.323,74
1.314,80
1.304,78
1.284,79
1.304,83
1.289,80
1.314,80
1.294,81
1.296,73
1.261,65
1.287,63
1.259,52
1.259,47
1.309,41
1.310,46
1.310,51
1.310,51
1.310,51
1.336,50
1.387,53
1.336,52
1.413,54
1.414,60
1.362,58
1.388,60
1.387,59
1.414,60
1.363,62
1.363,63
1.368,70
1.338,64
1.366,69
1.363,61
1.340,68
1.338,62
1.338,65
1.287,65
1.312,65
1.261,61
1.261,65
1.266,70
1.288,67
1.288,67
1.314,68
1.364,67
1.364,67
1.343,70
1.415,67
1.468,69
1.470,70
1.517,67
1.566,66
1.568,68
1.618,67
1.620,69
1.619,68
1.644,67
1.628,74
1.631,76
1.628,74
1.628,74
1.619,68
1.566,66
1.617,65
1.492,68
1.212,68
1.042,72
0.961,69
0.919,74
0.923,77
0.869,74
0.867,73
0.892,73
0.891,72
0.888,70
0.919,74
0.889,71
0.894,74
0.891,72
0.916,72
0.917,73
0.916,72
0.941,72
0.917,73
0.935,68
0.917,73
0.913,70
0.936,69
0.919,74
0.885,68
0.885,68
0.889,71
0.914,71
0.911,69
0.913,70
0.935,68
0.944,74
1.016,72
1.217,71
1.522,71
1.646,69
1.694,64
1.719,64
1.719,61
1.642,56
1.260,53
1.336,46
1.614,45
1.769,54
1.871,60
2.338,66
2.554,72
2.665,77
2.740,82
2.728,85
2.763,87
1.099,92
0.985,90
0.917,87
0.978,93
0.912,86
0.885,90
0.867,87
0.817,73
0.811,69
0.839,71
0.764,71
0.792,73
0.789,71
0.759,67
0.813,70
0.788,70
0.785,68
0.761,69
0.808,65
0.785,68
0.783,65
0.758,66
0.783,65
0.809,67
0.836,69
0.813,70
0.814,71
0.816,72
0.814,71
0.823,77
0.842,73
0.814,71
0.813,70
0.847,76
0.817,73
0.864,71
0.842,73
0.817,73
0.834,67
0.863,70
0.859,67
0.891,72
0.870,75
0.863,70
0.864,71
0.844,74
0.842,73
0.892,73
0.870,75
0.872,76
0.870,75
0.861,69
0.894,74
0.866,72
0.866,72
0.889,71
0.838,70
0.783,64
0.708,65
0.709,67
0.741,72
0.765,81
0.817,73
0.835,80
0.900,83
0.875,78
0.875,78
0.895,82
0.885,80
0.872,76
0.848,77
0.835,80
0.875,78
0.820,75
0.819,74
0.792,73
0.770,75
0.795,75
0.816,72
0.788,70
0.783,65
0.807,56
0.808,64
0.819,74
0.788,70
0.757,56
0.757,57
0.758,61
0.758,66
0.766,72
0.773,77
0.775,78
0.772,76
0.815,81
0.775,78
0.785,80
0.780,79
0.804,84
0.730,79
0.790,81
0.762,86
0.750,78
0.740,81
0.775,78
0.766,72
0.791,72
0.784,67
0.783,64
0.783,63
0.782,59
0.758,61
0.732,57
0.757,59
0.758,62
0.784,67
0.789,71
0.785,68
0.784,67
0.836,69
0.863,70
0.858,61
0.933,61
0.932,55
0.957,58
0.907,53
0.957,55
0.932,56
0.957,56
0.882,57
0.857,55
0.907,54
0.757,57
0.757,54
0.756,51
0.707,54
0.682,53
0.681,51
0.657,55
0.657,53
0.657,56
0.657,58
0.657,59
0.708,63
0.633,62
0.683,64
0.707,57
0.683,63
0.657,56
0.658,60
0.683,64
0.657,59
0.707,59
0.708,62
0.707,59
0.707,59
0.708,62
0.708,62
0.708,62
0.708,65
0.758,62
0.758,62
0.758,66
0.809,67
0.789,71
0.810,68
0.839,71
0.863,70
0.941,72
0.964,71
0.995,75
1.020,75
1.049,77
1.023,77
1.048,76
1.019,74
1.043,73
1.013,70
1.017,73
1.039,70
1.062,69
1.059,66
1.059,63
1.059,61
1.007,56
1.007,53
1.031,51
1.031,50
1.082,49
1.108,50
1.083,54
1.083,56
1.083,58
1.059,61
1.033,62
1.008,63
1.065,71
1.059,66
1.140,70
1.137,68
1.140,70
1.186,67
1.236,64
1.311,57
1.260,56
1.286,56
1.323,74
1.418,86
3.741,91
3.840,87
3.856,85
3.788,81
0.842,73
0.813,70
0.917,73
0.867,73
0.841,72
0.883,62
0.858,62
0.859,67
0.885,68
0.888,70
0.883,66
0.884,67
0.864,71
0.909,67
0.886,69
0.864,71
0.914,71
0.917,73
0.917,73
0.889,71
0.922,76
0.875,78
0.917,73
0.895,75
0.869,74
0.898,77
0.955,79
0.905,79
0.897,76
0.940,81
0.920,75
0.905,79
0.897,76
0.922,76
0.969,74
0.917,73
0.917,73
0.963,70
0.942,73
0.916,72
0.933,66
0.935,68
0.911,69
0.933,65
0.958,66
0.908,64
0.933,62
0.958,64
0.933,63
0.934,67
0.933,66
0.958,63
0.960,68
0.983,63
1.008,66
1.033,63
1.087,69
1.084,64
1.110,66
1.138,69
1.163,69
1.161,67
1.160,66
1.137,68
1.064,70
1.033,66
0.988,70
1.011,69
1.013,70
1.016,72
1.013,70
1.016,72
0.966,72
0.967,73
0.992,73
0.964,71
0.964,71
1.010,68
1.064,70
1.008,63
1.008,63
0.958,64
0.859,67
0.858,65
0.833,66
0.783,64
0.760,68
0.808,64
0.808,61
0.783,65
0.758,65
0.758,66
0.789,71
0.792,73
0.811,69
0.822,76
0.794,74
0.816,72
0.809,67
0.817,73
0.835,68
0.866,72
0.817,73
0.842,73
0.864,71
0.860,68
0.914,71
0.891,72
0.910,68
0.966,72
0.986,69
0.995,75
1.016,72
1.011,69
1.013,70
1.017,73
0.967,73
0.992,73
0.970,75
1.020,75
0.975,78
0.966,72
1.019,74
0.998,77
1.022,76
0.998,77
0.995,75
1.019,74
0.997,76
1.016,72
1.042,72
1.059,62
1.135,64
1.184,54
1.259,50
1.285,51
1.362,53
1.413,53
1.235,56
1.184,55
1.084,62
1.110,63
1.135,65
1.140,70
1.190,70
1.137,68
1.060,67
1.060,67
0.986,69
0.963,70
0.994,74
0.972,76
0.945,75
0.923,77
0.948,77
0.942,73
0.997,76
0.995,75
1.005,79
0.966,72
0.985,68
0.991,72
0.973,77
1.017,87
0.980,79
0.958,66
0.964,71
0.938,70
0.934,67
0.933,65
0.908,64
0.932,56
0.857,59
0.907,55
0.907,53
0.908,65
0.892,73
0.913,70
0.906,49
0.930,42
0.910,33
0.909,23
0.963,29
0.995,20
0.886,31
0.905,40
0.906,49
0.882,55
0.858,61
0.888,70
0.859,67
0.913,70
0.891,72
0.869,74
0.861,69
0.866,72
0.839,71
0.789,71
0.842,73
0.838,70
0.816,72
0.816,72
0.869,74
0.770,75
0.764,71
0.758,66
0.758,61
0.757,53
0.781,48
0.730,38
0.835,32
0.863,29
0.813,25
0.714,28
0.857,22
0.812,30
0.809,34
0.705,39
0.756,46
0.756,51
0.757,54
0.807,59
0.808,60
0.808,62
0.758,63
0.759,67
0.758,66
0.758,65
0.808,65
0.758,66
0.759,67
0.761,69
0.760,68
0.784,67
0.810,68
0.783,62
0.783,61
0.808,63
0.783,61
0.758,62
0.757,55
0.807,54
0.757,58
0.757,57
0.756,52
0.756,49
0.806,51
0.756,46
0.731,48
0.706,49
0.757,56
0.758,63
0.760,68
0.760,68
0.767,73
0.772,76
0.766,72
0.769,74
0.763,70
0.766,72
0.764,71
0.760,68
0.760,68
0.759,67
0.808,66
0.785,68
0.808,62
0.783,63
0.783,62
0.757,57
0.792,73
0.775,83
0.758,85
0.787,86
0.713,70
0.760,68
0.759,67
0.763,70
0.759,67
0.738,70
0.763,70
0.759,67
0.766,72
0.767,73
0.814,71
0.811,69
0.815,81
0.916,96
0.908,100
0.829,89
0.841,91
0.848,88
0.800,83
0.780,79
0.758,64
0.733,61
0.735,68
0.758,65
0.758,64
0.758,60
0.708,64
0.708,64
0.734,67
0.766,72
0.733,65
0.758,66
0.761,69
0.763,70
0.794,74
0.775,78
0.748,77
0.840,81
0.948,88
0.857,94
0.899,98
0.970,97
2.893,91
0.758,85
0.708,65
0.695,75
0.775,83
0.750,83
0.765,81
0.735,80
0.755,79
0.769,74
0.750,78
0.785,80
0.770,82
0.795,82
0.742,87
0.750,83
0.812,86
0.808,85
0.860,80
0.840,81
0.835,80
0.820,82
0.790,81
0.817,73
0.810,68
0.758,64
0.808,65
0.733,62
0.758,63
0.808,64
0.808,63
0.814,71
0.840,81
0.820,82
0.858,85
0.860,80
0.879,84
0.920,82
0.825,78
0.917,73
0.867,73
0.930,79
0.900,83
0.954,84
0.935,80
0.850,78
0.919,74
0.833,64
0.858,60
0.808,60
0.883,64
0.808,62
0.807,59
0.833,61
0.833,65
0.858,65
0.809,67
0.809,67
0.814,71
0.817,73
0.816,72
0.864,71
0.817,73
0.819,74
0.866,72
0.872,76
0.820,75
0.869,74
0.863,70
0.861,69
0.866,72
0.822,76
0.847,76
0.848,77
0.895,82
0.823,77
0.823,77
0.817,73
0.811,69
0.808,66
0.860,68
0.870,75
0.947,92
0.929,99
0.966,96
0.936,95
0.820,75
0.858,60
0.808,63
0.833,64
0.819,74
0.845,75
0.861,69
0.866,72
0.838,70
0.841,72
0.810,68
0.860,68
0.835,68
0.859,67
0.833,64
0.819,74
0.855,79
0.895,82
0.879,84
0.865,81
0.840,81
0.875,78
2.703,67
2.650,64
2.653,69
2.651,67
2.651,67
2.652,68
2.684,72
2.650,66
2.676,66
2.676,63
2.651,67
2.662,75
2.639,77
2.673,79
2.698,84
2.639,77
2.656,71
2.624,61
2.649,59
2.676,64
2.653,69
2.704,68
2.650,65
2.678,68
2.702,64
2.650,64
2.650,62
2.650,65
2.702,64
2.702,63
2.702,66
2.766,75
3.360,79
3.599,76
3.695,82
3.537,80
2.791,74
2.717,77
2.743,77
2.742,76
2.739,74
2.740,75
2.710,72
2.719,78
2.717,77
2.743,77
2.762,72
2.815,73
3.154,76
3.468,81
3.556,84
3.552,83
3.547,82
3.560,85
3.482,84
3.387,85
3.273,87
3.058,83
2.886,80
2.865,81
2.821,76
2.819,75
2.795,76
2.818,74
2.818,74
2.874,77
3.352,76
3.659,85
3.399,75
2.911,67
2.860,68
2.835,69
2.835,69
2.840,72
2.847,76
2.867,72
2.835,69
2.863,70
2.860,68
2.873,76
2.893,72
2.861,69
2.966,69
3.155,77
3.015,66
3.152,75
3.547,82
2.919,72
2.867,72
3.093,80
3.513,80
3.659,85
3.757,94
3.704,84
3.626,78
3.176,74
2.887,69
2.809,69
2.780,66
2.780,64
2.754,64
2.806,66
2.782,68
2.757,69
2.763,73
2.791,74
2.786,71
2.763,73
2.760,71
2.756,68
2.731,69
2.806,64
2.780,60
2.808,68
2.811,70
2.814,72
2.811,70
2.815,73
2.815,73
2.840,72
2.847,76
2.848,77
2.814,72
2.819,75
2.989,85
3.429,83
3.243,86
2.980,83
2.819,75
2.786,71
2.788,72
2.818,74
2.824,78
2.795,76
2.796,77
2.821,76
2.814,72
2.808,68
2.832,66
2.966,69
3.310,79
3.350,82
3.098,81
2.954,83
2.899,76
2.876,78
2.899,76
2.919,72
2.928,78
2.965,80
0.985,90
1.036,90
1.054,93
0.966,91
0.962,86
0.904,84
0.860,68
0.916,72
0.923,88
0.979,89
0.985,90
0.929,89
0.979,89
0.861,69
0.911,69
0.872,76
0.913,70
0.920,75
0.898,77
0.954,84
0.973,88
1.058,94
0.991,91
1.083,94
1.048,92
1.029,89
1.022,92
1.054,93
0.967,87
0.978,93
1.012,86
0.965,81
0.957,56
0.958,61
0.959,67
0.958,63
0.958,65
0.935,68
0.961,69
0.963,70
0.959,67
0.960,68
0.963,70
0.938,70
0.972,76
0.964,71
0.944,74
0.972,76
0.945,75
0.936,69
0.908,62
0.957,58
1.006,50
1.057,52
0.956,48
1.006,48
1.008,64
1.017,73
0.973,77
1.066,81
1.046,82
1.030,79
1.017,73
1.007,56
0.982,58
0.907,54
0.907,57
0.907,57
0.858,61
0.732,58
0.583,60
0.457,55
0.282,56
0.206,52
0.256,51
0.255,44
0.180,43
0.180,39
0.205,41
0.205,40
0.259,34
0.280,38
0.430,41
0.656,47
0.806,51
0.857,56
0.907,58
0.908,60
0.932,57
0.958,62
0.983,62
0.982,59
1.008,62
1.058,58
1.084,63
1.110,64
1.084,62
1.084,63
1.084,64
1.110,61
1.110,61
1.084,61
1.110,62
1.059,60
1.110,61
1.059,63
1.084,62
1.110,64
1.059,61
1.083,59
1.058,59
1.059,62
1.022,76
1.000,83
0.787,86
0.467,87
0.367,87
0.304,84
0.250,83
0.212,86
0.258,85
0.223,88
0.354,89
0.291,91
0.261,95
0.261,95
0.374,98
0.311,95
0.257,94
0.270,97
0.328,93
0.241,96
0.303,93
0.261,95
0.320,97
0.341,91
0.257,94
0.241,91
0.353,93
0.241,91
0.286,95
0.266,96
0.272,92
0.285,90
0.329,89
0.283,85
0.258,66
0.233,65
0.283,62
0.283,63
0.258,64
0.308,66
0.410,68
0.389,71
0.288,70
0.309,67
0.208,66
0.244,74
0.220,75
0.219,74
0.241,72
0.208,66
0.207,55
0.231,51
0.206,51
1.184,55
1.311,53
1.310,49
1.337,55
1.388,62
1.388,65
1.363,64
1.414,66
1.363,64
1.389,67
1.439,66
1.389,67
1.416,68
1.419,70
1.391,69
1.389,67
1.390,68
1.420,71
1.442,69
1.416,68
1.423,73
1.417,69
1.416,68
1.363,65
1.312,63
1.363,63
1.287,65
0.983,60
0.607,55
0.456,51
0.432,54
0.406,50
0.382,53
0.432,58
0.457,57
0.432,56
0.457,59
0.433,61
0.433,62
0.408,64
0.458,61
0.408,61
0.433,61
0.408,64
0.408,61
0.408,66
0.433,64
0.407,59
0.407,55
0.382,54
0.407,56
0.391,72
0.420,82
0.490,81
0.437,86
0.462,86
0.442,87
0.442,87
0.361,69
0.364,71
0.410,68
0.383,66
0.408,63
0.408,65
0.407,53
0.332,55
0.357,58
0.357,57
0.358,62
0.357,59
0.356,52
0.357,56
0.407,56
0.432,56
0.458,61
0.480,79
0.472,92
0.407,56
0.357,53
0.308,61
0.308,60
0.333,60
0.357,55
0.357,58
0.408,64
0.432,56
0.481,48
0.580,43
0.558,62
0.572,76
0.567,73
0.747,76
0.623,77
0.625,78
2.834,80
2.834,80
2.792,75
2.845,82
2.850,83
2.842,87
2.810,86
2.725,79
1.759,76
1.593,67
1.592,62
1.595,69
1.493,69
1.440,67
1.034,67
0.683,66
0.583,60
0.558,60
0.558,65
0.533,64
0.558,62
0.533,63
0.558,60
0.532,57
0.583,60
0.607,57
0.608,64
0.632,57
0.607,55
0.557,53
0.582,55
0.583,66
0.616,72
0.720,75
0.705,79
0.740,81
0.642,73
0.695,75
0.648,77
0.700,78
0.673,77
0.519,74
2.719,78
0.720,82
0.845,82
0.575,78
0.654,84
0.690,81
0.742,87
0.704,89
0.729,89
0.723,88
0.685,90
0.650,83
0.695,82
0.670,82
0.616,72
0.659,67
0.633,61
0.608,61
0.658,65
0.608,62
0.658,63
0.661,69
0.658,64
0.608,65
0.658,61
0.616,72
0.644,74
0.650,83
0.700,83
-99999999
0.662,86
0.650,83
0.650,83
0.647,76
0.608,62
0.633,60
0.608,62
0.608,61
0.608,60
0.632,57
0.608,62
0.632,59
0.608,62
0.608,62
0.585,68
0.588,70
0.561,69
0.611,69
0.559,67
2.467,65
2.496,69
2.548,69
2.494,67
2.551,70
2.524,70
2.493,66
2.545,65
2.545,66
2.521,68
2.571,64
2.547,68
2.571,66
2.632,72
2.734,71
2.850,78
2.844,74
2.874,77
2.821,76
2.850,78
2.711,73
2.655,70
2.607,73
2.635,74
2.610,75
2.613,77
2.610,75
2.626,80
2.610,75
2.606,72
2.659,73
2.664,76
2.688,82
2.579,81
2.423,81
2.110,81
1.315,69
1.287,62
1.261,65
1.261,66
1.287,64
1.261,61
1.312,65
1.315,69
1.314,68
1.317,70
1.315,69
1.315,69
1.315,69
1.317,70
1.343,70
1.264,69
1.288,67
1.314,68
1.288,67
1.263,68
1.287,65
1.312,65
1.312,66
1.287,60
1.262,67
1.315,69
1.269,72
1.349,74
1.324,75
1.321,73
1.298,74
1.276,76
1.327,77
1.277,77
1.279,78
1.309,79
1.276,76
1.279,78
1.301,76
1.277,77
1.279,78
1.263,80
1.284,79
1.273,75
1.289,80
1.276,76
1.327,77
1.355,78
1.298,74
1.293,71
1.324,75
1.293,71
1.289,68
1.287,64
1.313,67
1.312,65
1.312,66
1.338,63
1.364,67
1.429,88
1.410,84
1.377,76
1.363,65
1.363,60
1.438,58
2.160,70
2.344,71
2.346,72
2.294,72
2.184,69
1.493,69
1.395,71
1.347,73
1.368,70
1.372,73
1.350,75
1.429,77
1.346,72
1.369,71
1.417,69
1.419,70
1.445,71
1.395,71
1.417,69
1.400,74
1.371,72
1.338,66
1.414,60
2.077,65
2.493,62
2.467,63
2.441,66
2.495,68
2.493,65
2.519,64
2.493,63
2.493,64
2.493,64
2.390,64
1.821,65
1.541,64
1.516,63
1.466,67
1.465,65
1.467,68
1.439,65
1.465,62
1.414,62
1.464,59
1.387,54
1.438,54
1.412,51
1.386,50
1.463,48
1.488,47
1.437,48
1.463,49
1.437,46
1.437,48
1.411,45
1.437,48
1.463,47
1.463,50
1.437,47
1.437,46
1.487,43
1.513,50
1.488,49
1.564,52
1.565,54
1.515,55
1.541,60
1.541,64
1.566,66
1.566,64
1.516,63
1.541,66
1.592,62
1.617,62
1.667,59
1.692,59
1.718,57
1.743,59
1.743,59
1.743,56
1.770,64
1.719,62
1.795,62
1.770,65
1.770,65
1.772,68
1.770,64
1.770,66
1.721,68
1.744,64
1.744,64
1.770,64
1.822,67
2.031,71
2.427,74
2.450,73
2.207,66
2.025,62
1.921,59
1.871,61
1.870,59
1.870,57
1.921,56
1.921,55
2.181,63
2.364,65
2.398,72
2.367,69
2.233,66
1.973,61
1.871,61
1.719,62
1.518,68
1.395,71
1.279,78
1.284,79
1.223,75
1.223,75
1.228,78
1.243,81
1.312,85
1.316,86
1.284,79
1.287,66
1.262,67
1.287,63
1.287,63
1.260,59
1.385,41



2.759,25
2.912,33
2.959,43
2.960,52
2.910,63
2.912,68
2.919,72
2.894,73
2.894,73
2.897,75
1.258,79
1.243,81
1.294,81
1.247,74
1.208,47
1.184,59
1.160,66
1.169,73
1.177,78
1.182,79
1.187,80
1.190,70
1.191,71
1.186,67
1.192,81
1.289,90
1.276,92
1.286,94
1.263,90
1.264,95
1.207,89
1.226,88
1.163,69
1.162,68
1.138,69
1.161,67
1.135,64
1.136,67
1.186,67
1.162,68
1.141,71
1.186,67
1.162,68
1.160,64
1.135,63
1.210,64
1.165,70
1.174,76
1.253,83
1.240,86
1.333,89
1.212,80
1.137,80
3.176,74
3.251,75
3.223,73
3.271,81
3.300,82
3.290,80
3.246,81
3.260,84
3.309,84
3.281,78
3.290,80
3.279,77
3.330,78
3.279,77
3.231,78
3.228,76
3.260,84
3.187,79
3.147,81
3.221,81
3.264,85
3.309,84
3.246,81
3.174,73
3.103,75
2.977,76
2.977,76
3.017,80
3.027,75
3.087,84
3.216,90
3.852,84
4.049,89
1.270,87
1.307,93
1.290,95
1.245,87
1.168,72
1.187,68
1.160,65
1.186,67
1.165,70
1.166,71
1.190,70
1.213,69
1.185,61
1.159,58
1.158,51
1.133,48
1.138,69
1.188,90
1.273,97
1.258,99
1.270,102
1.287,100
1.228,98
1.256,93
1.250,92
1.137,80
1.192,81
1.165,86
1.182,89
1.195,87
1.157,84
1.112,68
1.134,57
1.108,51
1.108,48
1.158,51
1.157,45
1.157,44
1.132,43
1.182,39
1.107,44
1.056,45
1.030,41
1.056,45
1.057,48
1.030,44
1.056,42
1.081,42
1.030,44
1.057,48
1.059,62
1.084,66
1.109,59
1.235,55
1.259,48
1.259,52
1.235,56
1.260,54
1.311,58
1.312,63
1.287,63
1.312,65
1.262,67
1.261,61
1.261,65
1.210,62
1.225,76
1.232,89
1.244,91
1.169,91
1.109,94
1.063,86
3.444,81
3.379,78
3.325,82
3.251,82
1.059,85
1.165,86
1.176,88
0.967,87
1.012,86
1.176,88
1.131,89
1.175,92
1.143,91
1.182,89
1.114,86
1.117,81
1.084,65
1.110,66
1.084,63
1.111,67
1.109,59
1.109,55
1.083,54
1.082,49
1.108,50
1.058,57
1.059,65
1.110,65
1.111,67
1.121,74
1.111,67
1.115,70
1.084,63
1.110,60
1.112,68
1.110,64
1.084,66
1.112,68
1.110,66
1.115,70
1.113,69
1.112,68
1.111,67
1.110,63
1.110,66
1.147,75
1.102,83
1.161,85
1.163,80
1.243,81
1.257,84
1.147,82
1.058,94
1.169,96
1.173,97
1.169,96
1.086,90
1.106,84
1.070,74
1.067,72
1.060,67
1.059,60
1.059,62
1.032,58
1.059,63
1.084,64
1.033,66
1.089,70
1.064,70
1.059,62
1.059,65
1.059,65
1.034,67
1.059,65
1.033,66
1.059,60
1.034,67
1.059,65
1.090,71
1.061,80
1.102,83
1.110,85
1.150,88
1.125,88
1.226,88
1.182,89
1.088,86
3.093,80
3.088,79
3.094,69
3.182,78
3.254,77
3.278,76
3.273,73
3.325,82
3.335,79
3.350,82
3.266,80
3.197,81
3.136,89
3.148,91
4.647,90
4.586,88
3.074,91
3.030,88
2.968,70
2.971,72
2.974,74
2.948,74
2.980,78
2.980,83
2.978,77
3.006,78
2.997,72
2.995,71
3.000,74
2.940,69
2.974,74
2.995,71
2.991,68
2.966,69
2.965,68
2.913,69
2.936,64
2.962,64
3.046,70
3.951,79
3.951,79
3.897,78
3.994,88
3.969,88
0.966,96
0.995,97
1.011,95
1.029,89
1.029,84
0.950,78
0.933,61
0.957,53
0.907,54
0.932,58
0.907,55
0.932,56
0.982,59
0.957,56
0.957,58
1.015,81
1.025,83
0.970,75
0.958,65
0.964,71
0.985,68
1.010,68
0.983,66
0.933,66
0.983,65
0.934,67
0.983,64
0.958,61
0.907,57
0.957,54
0.972,76
0.975,83
1.012,86
1.131,89
1.244,91
3.987,91
3.920,88
3.968,92
3.909,86
3.946,83
3.942,82
3.942,82
3.950,84
3.887,81
3.907,80
3.922,83
3.902,79
3.905,85
3.897,78
3.877,79
3.887,81
3.930,85
3.934,86
3.934,86
1.074,88
1.086,90
1.023,88
0.997,92
1.061,90
1.042,96
0.991,91
0.985,90
1.067,96
1.149,92
1.029,99
1.020,97
1.011,95
1.058,94
1.029,89
0.979,89
1.071,97
1.105,93
1.062,95
1.186,100
3.859,95
2.418,90
2.303,78
2.213,70
2.286,65
2.286,61
2.233,66
2.233,63
2.286,62
2.285,59
2.337,59
2.286,66
2.291,70
2.294,72
2.209,68
2.128,57
2.076,56
1.998,59
1.869,51
1.769,53
1.768,52
1.719,62
1.668,65
1.616,54
1.666,46
1.640,45
1.666,48
1.691,49
1.819,50
1.998,58
2.312,61
2.441,60
2.416,60
2.467,65
2.503,73
0.891,72
1.030,79
2.609,74
0.991,72
2.501,72
2.390,60
2.286,60
2.260,61
3.081,77
3.537,90
1.390,90
3.482,89
3.169,86
2.646,79
2.509,77
2.542,79
2.561,77
2.600,80
2.563,78
2.534,76
2.560,76
2.524,70
2.551,70
2.597,61
3.117,67
3.519,72
3.476,77
3.470,87
3.328,88
3.223,87
2.777,79
2.557,74
2.545,65
2.546,67
2.545,64
2.545,65
2.545,63
2.519,63
2.467,65
2.441,63
2.286,61
2.103,60
1.921,57
1.870,55
1.870,58
1.845,57
1.845,55
1.870,56
1.821,61
1.878,71
1.889,78
1.969,84
2.021,84
3.408,84
3.355,83
3.402,88
3.309,84
3.204,77
3.077,74
2.980,78
2.893,72
2.759,70
2.714,75
2.690,76
2.688,75
2.724,84
2.717,77
2.730,80
2.746,78
2.759,70
2.809,69
3.024,73
3.222,72
3.116,64
2.024,56
1.971,52
1.972,55
1.998,59
2.025,62
2.025,62
1.999,61
1.948,64
1.948,64
1.948,62
1.948,63
1.921,58
1.973,62
1.973,64
2.025,62
1.999,64
1.973,63
2.034,73
2.086,73
2.542,79
2.854,84
2.928,83
2.954,83
2.952,77
3.043,80
3.305,83
3.421,87
3.377,88
3.433,89
3.414,90
3.427,88
3.490,86
3.646,82
3.810,86
3.624,88
3.457,84
3.369,81
3.427,88
3.451,88
3.416,86
3.290,80
3.305,83
3.305,83
3.309,84
3.309,84
3.383,89
3.383,89
3.295,81
3.261,79
3.271,81
3.285,79
3.317,86
3.271,81
3.256,83
3.322,87
3.273,87
3.260,84
3.288,85
3.229,77
3.276,82
3.228,76
3.176,74
3.182,78
3.179,76
3.069,69
2.966,69
2.940,69
2.942,70
2.975,75
3.021,71
3.001,75
3.055,76
3.162,79
3.271,81
3.278,76
3.256,78
3.261,79
3.285,79
3.254,77
3.281,78
3.231,78
3.290,80
3.285,79
3.246,81
3.261,79
3.290,80
3.246,81
3.236,79
3.273,73
3.279,77
3.300,75
3.321,72
3.327,76
3.276,75
3.305,78
3.328,77
3.334,84
3.310,79
3.328,77
3.305,78
3.276,75
3.262,49
3.366,24
3.365,33
3.287,54
3.353,88
3.424,97
3.440,95
3.328,88
3.220,71
3.171,71
3.195,70
3.226,75
3.253,76
3.245,71
3.226,75
3.321,91
3.399,97
3.445,96
5.053,92
3.378,104
3.410,106
3.325,97
3.366,95
3.275,74
3.241,80
3.254,77
3.290,80
3.279,77
3.297,73
3.273,73
3.305,78
3.340,90
3.374,97
3.464,95
3.527,98
3.494,96
3.456,93
3.514,95
3.433,84
3.386,59
3.412,63
3.412,64
3.457,84
3.414,90
3.272,91
3.241,90
3.124,73
3.176,74
3.171,71
3.100,73
3.170,70
3.225,74
3.173,72
3.198,72
3.203,76
3.187,79
3.198,72
3.177,75
3.187,79
3.177,75
3.155,77
3.162,79
3.187,79
3.179,76
3.157,78
3.192,80
3.192,80
3.180,77
3.192,80
3.180,77
3.174,73
3.179,76
3.180,77
3.246,81
3.137,79
3.194,86
3.147,81
3.174,87
3.161,84
3.155,88
3.124,87
3.053,82
1.887,77
1.829,72
1.773,69
1.795,61
1.821,63
1.795,63
1.821,62
1.822,67
1.800,70
1.795,66
1.795,65
1.823,68
1.846,66
1.822,67
1.824,69
1.858,75
1.965,83
3.119,86
3.157,83
3.142,80
1.871,62
1.819,52
1.820,53
1.793,51
1.819,52
1.821,61
1.822,67
1.821,62
1.821,61
1.846,60
1.795,60
1.795,62
1.769,55
1.743,53
1.767,43
1.818,41
3.155,77
3.165,85
3.055,76
3.072,71
3.100,73
3.052,74
3.074,72
3.063,79
3.112,84
3.083,78
3.080,76
3.078,75
3.088,79
3.106,77
3.080,76
3.132,78
3.127,75
3.151,74
3.187,79
3.165,85
3.010,84
2.034,73
1.925,69
1.957,73
1.948,65
1.976,69
1.973,66
1.953,70
1.922,66
1.928,71
1.974,67
1.976,69
1.973,65
1.925,69
1.979,71
2.031,71
2.165,73
2.777,79
3.062,84
3.098,81
3.144,86
3.161,84
3.152,82
3.113,79
3.113,79
3.167,80
3.137,79
3.103,75
3.127,75
3.102,74
3.105,76
3.106,77
3.077,74
3.137,79
3.078,75
3.124,73
3.047,71
3.074,72
3.100,73
3.080,76
3.126,74
3.124,73
3.127,75
3.130,77
3.103,75
3.154,76
3.123,72
3.174,73
3.187,79
3.445,91
4.274,94
4.379,101
4.352,95
4.184,91
3.334,89
3.154,76
3.137,79
3.177,75
3.108,78
3.126,74
3.146,71
3.149,73
3.171,71
3.174,73
3.172,81
3.149,73
3.172,81
3.186,84
3.169,86
3.157,78
3.176,74
3.201,75
3.310,79
3.295,81
3.226,82
3.167,80
3.157,83
3.206,83
3.152,82
3.222,91
3.186,84
3.142,80
3.093,80
2.789,73
2.416,64
2.312,64
2.341,69
2.338,63
2.338,63
2.338,64
2.338,60
2.338,61
2.341,69
2.338,63
2.338,60
2.389,56
2.544,94
2.555,102
3.118,90
3.473,82
3.448,74
3.439,80
3.412,85
3.228,76
3.241,80
3.463,80
3.503,83
3.498,82
3.478,83
3.478,83
3.507,84
3.465,86
3.461,85
3.486,85
3.507,84
3.498,82
3.537,80
3.556,84
3.577,78
3.597,75
3.636,80
3.624,77
3.643,73
2.529,73
2.479,74
2.350,75
2.370,71
2.338,64
2.364,62
2.338,64
2.390,63
2.366,68
2.390,63
2.417,67
2.391,67
2.338,65
2.392,68
2.390,66
2.390,66
2.364,66
2.338,64
2.390,66
2.392,68
2.390,64
2.390,63
2.416,62
2.363,57
2.389,58
2.393,69
2.455,82
2.458,88
2.470,90
2.418,80
2.442,67
2.390,65
2.416,65
2.416,64
2.390,66
2.422,71
2.417,67
2.406,77
2.555,87
0.373,88
0.500,83
0.354,84
0.517,87
0.397,92
0.348,88
0.385,80
0.297,76
0.362,86
0.433,85
0.395,82
0.365,81
0.608,85
0.665,81
0.520,82
4.073,93
4.036,91
4.024,89
4.021,83
3.946,83
3.761,86
3.136,89
3.069,95
3.186,99
3.082,104
3.031,104
2.979,98
3.173,96
3.930,85
4.016,82
3.983,86
4.013,87
4.073,93
4.067,92
4.048,93
4.068,88
4.055,90
4.030,90
4.110,91
4.024,84
3.996,83
3.963,87
4.024,93
3.987,96
3.962,96
3.943,92
3.975,89
4.019,88
4.129,90
4.086,91
4.062,87
4.049,84
4.068,88
4.062,87
4.045,83
3.996,78
3.987,72
4.013,87
4.036,91
3.987,91
3.771,76
3.517,71
3.488,80
3.439,80
3.453,83
3.470,73
3.732,94
3.441,86
3.448,82
3.448,82
3.448,82
3.429,78
3.424,82
3.427,88
3.404,83
3.448,82
3.414,80
3.478,83
3.457,84
3.444,81
3.419,81
3.414,80
3.404,78
3.404,83
3.427,77
3.451,77
3.451,77
3.446,87
3.489,95
3.543,96
3.568,96
3.576,98
3.593,102
3.613,95
3.507,89
3.556,89
3.482,89
3.446,87
3.458,79
3.418,71
3.443,71
3.434,79
3.427,77
3.427,77
3.429,78
3.434,79
3.434,79
3.458,79
3.463,80
3.448,82
3.458,79
3.544,87
3.697,92
3.981,90
4.204,95
4.283,96
4.289,92
4.289,92
4.289,92
4.209,91
3.870,88
3.552,83
3.439,80
3.429,78
3.426,76
3.427,77
3.409,79
3.439,80
3.424,82
3.377,77
3.453,83
3.434,79
3.475,76
3.838,81
4.166,92
2.444,107
4.262,103
4.234,102
4.231,101
4.095,83
3.930,85
3.897,83
3.922,78
4.068,88
4.167,88
4.228,90
4.178,90
4.210,87
4.222,89
4.234,91
4.222,89
4.246,93
4.238,97
4.271,99
4.234,102
4.283,102
4.294,105
4.291,104
4.327,107
4.316,104
4.343,105
4.327,107
4.376,107
4.347,106
4.351,107
4.358,109
4.337,110
4.372,106
4.365,104
4.291,98
4.283,91
4.208,81
4.247,89
4.197,89
4.201,85
4.152,85
4.095,83
3.932,80
3.942,82
3.958,86
4.013,87
4.082,86
4.131,86
4.160,91
4.144,83
4.035,81
4.004,85
3.988,87
3.999,93
3.901,89
3.845,92
3.723,88
3.684,85
3.651,83
3.663,86
3.668,87
3.663,86
3.676,83
3.680,84
3.626,78
3.641,81
3.587,80
3.676,78
3.686,80
3.774,83
4.444,84
4.339,88
3.934,86
3.753,84
3.724,78
3.774,78
3.747,77
3.734,80
3.724,78
3.733,85
3.729,79
3.744,82
3.753,84
3.744,82
3.720,82
3.734,80
3.729,79
3.698,77
3.759,80
3.734,80
3.746,76
3.690,71
3.848,78
4.460,75
4.652,81
2.438,84
2.416,85
2.324,82
2.376,82
2.408,78
2.349,74
2.318,71
2.319,81
2.282,79
2.366,90
2.445,95
2.450,96
4.700,101
4.636,98
4.612,98
4.599,95
4.624,95
4.573,90
4.518,89
4.660,88
4.752,91
4.679,87
4.672,90
4.697,90
4.727,91
4.826,91
4.875,91
4.833,88
4.808,88
4.765,84
4.751,81
4.748,86
4.740,84
4.765,89
2.346,96
2.380,98
2.380,98
2.421,101
2.364,100
2.485,98
4.863,99
4.756,97
4.760,98
4.809,98
4.821,95
4.869,90
4.882,88
4.917,85
4.993,90
2.216,91
2.311,94
2.291,101
2.302,104
2.331,105
2.366,107
2.395,108
2.276,98
2.333,93
2.326,92
2.372,91
2.586,92
2.788,91
3.531,89
3.483,79
3.488,80
3.468,81
3.513,80
3.476,77
3.550,77
3.582,79
3.574,92
3.036,93
2.684,91
2.355,83
2.431,92
3.593,96
3.686,90
3.552,83
3.594,87
3.589,86
3.569,87
3.564,86
3.557,79
3.587,80
3.630,89
3.593,91
3.617,96
3.671,97
3.633,94
3.515,86
3.500,76
3.552,83
3.552,83
3.593,91
3.689,101
3.634,100
2.736,91
2.579,81
2.468,67
2.711,73
2.958,84
3.127,97
3.222,96
3.329,98
3.346,96
3.136,99
3.123,102
3.140,100
3.103,97
3.112,99
3.392,108
3.099,102
3.318,101
3.630,99
3.552,83
3.519,72
3.515,86
5.615,90
5.609,89
5.858,89
6.250,92
6.498,97
6.516,101
6.435,94
5.995,91
5.677,88
5.547,87
5.615,90
5.542,86
5.559,84
5.603,88
5.659,89
3.450,92
3.655,99
3.601,98
3.576,98
3.448,75
3.453,78
3.478,78
3.458,79
3.434,79
3.565,101
3.562,107
3.604,105
3.593,102
5.483,93
5.462,94
5.452,92
5.509,99
5.483,93
5.484,99
5.491,95
5.462,94
5.468,101
3.453,111
3.474,110
5.466,114
5.486,106
5.479,104
5.437,94
5.434,84
5.359,84
5.316,80
5.329,88
5.313,94
5.322,91
5.322,96
5.305,98
5.205,98
5.210,89
5.234,93
5.253,92
5.235,99
5.238,94
5.278,92
5.279,88
5.210,89
5.185,84
5.248,87
5.226,82
5.226,82
5.273,87
5.254,88
5.248,87
5.254,88
5.284,93
5.291,90
5.297,96
5.260,89
5.234,93
5.242,95
5.247,91
5.235,89
5.260,89
5.254,88
5.322,96
5.253,92
5.303,92
5.292,95
5.314,100
5.297,96
5.234,93
5.272,91
5.213,94
5.234,93
5.222,91
5.209,93
5.210,89
5.230,98
5.253,92
5.288,94
5.247,96
5.272,102
5.330,104
5.330,104
5.297,102
5.371,102
5.301,97
5.322,102
5.310,99
5.322,102
5.322,96
5.322,102
5.322,96
5.368,101
5.314,100
5.354,98
5.301,97
5.313,94
5.267,95
5.222,96
5.205,98
5.176,103
5.210,99
5.210,99
5.230,104
5.201,97
5.255,98
5.247,96
5.242,95
5.216,90
5.285,89
5.285,84
5.304,88
5.304,88
5.273,87
5.243,86
5.173,87
5.104,88
5.047,91
5.088,94
5.072,102
5.055,98
5.034,105
5.011,99
4.999,96
4.999,96
5.031,98
4.999,91
5.036,99
5.015,100
5.011,89
5.047,96
5.038,94
5.038,94
5.005,88
5.028,92
5.047,96
5.016,90
5.028,92
4.999,87
4.957,78
4.953,82
5.073,87
5.089,100
4.999,96
4.965,94
5.031,98
1.922,100
1.968,93
2.059,91
2.028,95
1.981,96
4.990,94
5.005,92
5.091,90
5.122,96
5.135,99
5.134,93
5.155,98
5.210,99
5.226,97
5.188,94
5.239,100
5.226,97
5.159,93
5.172,91
5.084,93
5.092,95
5.142,95
5.138,94
5.101,97
5.101,97
5.164,100
5.126,103
5.105,98
5.051,97
5.005,88
4.956,88
4.858,88
4.887,93
4.863,89
4.852,87
4.822,86
4.832,92
4.857,92
4.826,96
4.851,96
4.842,94
4.857,92
4.882,88
4.966,85
4.987,89
1.897,100
2.231,106
2.667,111
2.837,108
2.904,105
2.956,105
2.932,99
2.919,91
2.868,87
2.862,86
2.792,75
2.838,71
2.811,70
2.864,71
2.822,77
2.838,71
2.811,70
2.783,69
2.809,69
2.809,69
2.815,73
2.792,75
2.818,74
2.818,74
2.818,74
2.842,73
2.838,71
2.893,72
2.858,63
2.884,62
2.804,50
2.700,47
2.726,46
2.754,64
2.837,70
2.717,77
2.829,79
2.815,87
2.847,92
2.808,90
2.684,91
2.255,84
1.833,75
1.821,64
1.823,80
1.930,91
1.956,96
2.372,102
2.880,99
2.923,97
2.992,95
3.003,92
2.939,90
4.771,90
4.784,88
4.788,93
2.250,98
2.198,98
2.146,98
2.128,94
2.059,91
2.053,80
2.024,57
1.998,55
1.998,57
2.024,56
1.998,57
1.998,59
1.998,59
1.998,56
2.024,59
1.972,57
1.998,55
2.025,61
1.998,59
1.998,58
2.024,59
1.973,62
2.025,66
2.025,65
2.030,70
2.002,69
2.031,71
2.005,71
2.088,74
2.069,83
2.098,93
2.043,83
2.036,74
1.999,66
1.999,64
2.005,71
2.025,61
1.999,63
1.976,69
1.973,63
1.973,65
1.999,60
1.921,54
1.972,54
2.005,71
2.063,82
2.093,88
2.144,92
2.232,94
2.516,99
2.857,94
2.909,94
2.919,96
2.989,100
2.989,100
3.112,99
3.027,97
5.342,95
5.260,99
5.188,94
5.078,92
4.994,95
4.962,89
4.990,94
4.974,91
4.956,88
4.980,92
4.987,89
5.003,97
3.123,96
2.979,98
2.945,102
2.945,102
3.008,105
2.953,104
2.968,101
2.915,86
2.893,72
2.874,77
2.876,78
2.874,77
2.886,80
2.873,76
2.850,78
2.677,67
2.058,81
2.046,93
2.255,99
2.364,100
2.151,89
2.007,91
1.972,94
1.987,92
1.926,86
1.922,85
1.975,90
2.013,92
2.047,99
2.063,103
2.398,102
2.726,106
2.815,109
2.920,109
5.155,98
2.772,83
2.893,91
2.819,75
2.837,70
2.811,70
2.786,71
2.821,76
2.736,72
2.708,71
2.633,73
2.366,68
2.051,66
1.871,61
1.871,62
1.871,66
1.846,65
1.855,73
1.835,76
1.843,79
1.858,75
1.874,68
1.846,60
1.846,65
1.871,65
1.871,61
1.871,62
1.871,60
1.822,67
1.931,87
1.899,90
1.860,76
1.889,83
3.317,86
3.478,78
2.466,55
1.914,78
1.886,92
1.851,108
1.823,68
1.718,59
1.744,65
1.745,67
1.842,89
1.848,90
1.842,89
1.833,97
1.905,102
4.123,84
3.213,94
4.451,95
3.970,98
3.774,83
3.030,77
3.032,78
3.457,84
4.151,94
1.803,91
1.807,103
1.875,95
3.785,86
1.953,101
1.854,91
1.802,81
1.770,60
1.744,63
1.770,60
1.770,62
1.770,66
1.795,65
1.770,64
1.743,59
1.719,62
1.770,62
1.757,82
1.874,90
3.585,85
3.674,88
3.748,88
3.795,92
3.577,83
3.365,80
3.416,86
3.419,81
3.434,79
4.555,96
4.596,100
4.325,100
4.437,92
4.536,92
4.518,89
4.398,94
4.328,95
2.695,105
2.780,100
4.626,101
4.562,98
4.437,92
4.550,95
4.555,96
4.542,93
4.300,85
4.443,93
4.439,98
4.426,95
4.435,97
4.447,94
4.277,90
4.184,91
3.858,90
3.757,94
1.825,86
1.870,94
1.870,94
1.797,80
1.771,67
1.770,62
1.800,70
1.795,63
1.850,86
1.770,65
1.770,64
1.770,65
1.769,53
1.743,55
1.884,75
4.883,98
1.900,95
1.833,97
1.773,95
1.961,110
1.817,112
1.845,94
3.131,104
3.170,108
3.159,105
2.038,110
1.978,108
1.930,102
1.867,84
1.826,70
1.824,69
1.824,69
1.795,62
1.821,60
1.821,64
1.795,63
1.795,61
1.717,48
1.768,47
1.844,49
2.392,68
1.924,90
1.824,95
1.896,94
2.050,94
2.146,98
2.111,102
2.103,100
2.094,104
2.051,100
1.960,97
1.862,98
1.975,90
2.350,97
2.515,93
2.908,106
2.626,90
2.205,106
1.944,84
1.922,64
1.887,77
3.557,79
4.986,93
5.020,101
2.936,100
2.685,73
3.276,75
1.749,108
1.698,86
1.616,58
1.615,52
1.692,54
1.692,54
1.767,42
1.925,69
3.358,93
3.321,96
2.376,103
2.037,97
1.988,88
2.102,56
2.285,58
3.063,79
3.124,87
2.860,80
2.108,70
2.105,80
2.121,78
2.092,76
2.082,70
2.060,73
2.051,66
2.163,81
2.867,96
3.205,98
3.361,106
0.429,89
0.510,80
0.491,91
0.416,91
0.503,93
0.561,95
0.497,92
3.933,95
3.887,81
0.510,90
3.984,101
4.006,107
2.350,103
2.228,93
2.043,78
2.051,66
2.077,65
2.077,64
2.051,63
2.109,71
0.344,74
0.419,74
0.422,76
0.366,72
0.358,66
0.408,63
0.382,58
0.385,68
0.358,64
0.358,66
0.359,67
0.361,69
0.333,64
0.333,63
0.358,65
0.372,76
0.417,87
0.453,93
0.432,94
0.454,99
0.499,98
0.541,102
0.479,99
0.438,101
0.454,99
0.424,98
0.520,97
0.417,87
2.217,73
2.213,70
2.181,66
2.181,61
2.390,65
2.600,68
2.705,69
2.652,68
2.705,69
2.705,69
2.713,74
0.455,79
0.525,83
0.400,83
0.475,83
0.448,88
0.408,85
0.383,85
0.365,81
0.385,80
0.339,71
0.366,72
0.342,73
0.339,71
0.338,70
0.319,74
0.320,75
0.344,74
0.291,72
0.309,67
0.358,66
0.284,67
0.308,65
0.308,64
0.332,58
0.383,62
0.308,61
0.283,62
0.358,64
0.308,64
0.332,57
0.282,57
0.258,61
0.283,65
0.258,61
0.283,64
0.408,64
2.134,70
2.129,66
2.129,65
2.181,63
2.207,66
2.286,66
2.441,66
2.469,68
2.442,67
2.390,65
2.338,66
2.369,70
2.445,95
3.379,83
3.439,90
3.421,87
3.322,87
3.058,78
2.503,73
2.417,67
2.367,69
2.390,66
2.423,81
2.382,83
2.353,77
2.365,67
2.390,66
2.392,68
2.393,69
2.364,64
2.390,63
2.750,84
4.668,106
4.678,102
4.196,93
3.814,91
3.802,89
3.712,86
3.132,78
3.026,74
3.032,78
3.334,84
3.839,91
3.838,81
4.412,92
4.456,91
4.464,98
4.419,99
4.406,102
4.435,103
4.417,105
4.453,108
4.446,106
4.446,106
4.450,107
4.484,103
2.762,102
2.645,99
2.584,97
2.593,99
2.509,88
2.439,79
2.443,68
2.395,70
2.457,77
2.480,82
2.438,84
2.490,89
2.515,93
2.679,95
2.806,100
3.053,97
4.823,101
3.087,99
3.131,98
3.177,97
3.210,99
3.226,97
3.321,96
3.436,94
3.470,87
3.338,85
3.180,77
3.132,78
3.093,80
3.006,78
3.022,81
3.027,75
2.922,74
2.867,72
2.733,70
2.705,69
2.704,68
2.679,69
2.685,73
2.655,70
2.682,71
2.708,71
2.685,73
2.713,74
2.710,72
2.714,75
2.740,82
2.735,81
2.685,73
2.708,71
2.705,69
2.704,68
2.707,70
2.707,70
2.652,68
2.685,73
2.707,70
2.705,69
2.708,71
2.653,69
2.684,72
2.659,73
2.708,71
2.655,70
2.704,68
2.757,69
2.785,70
2.818,74
2.870,74
2.873,76
2.870,74
2.842,73
2.814,72
2.708,71
2.728,65
2.710,72
2.756,68
2.704,68
2.703,67
2.705,69
2.707,70
2.655,70
2.685,73
2.705,69
2.655,70
2.760,71
2.910,65
3.099,72
3.932,90
3.826,93
3.658,94
3.235,84
3.022,81
2.949,75
2.954,78
2.926,77
2.887,69
3.137,79
4.349,85
2.989,100
2.966,95
3.017,90
3.014,94
2.962,85
2.925,76
2.971,72
2.919,72
2.919,72
2.971,72
2.920,73
2.896,74
2.919,72
2.968,70
2.916,70
2.891,71
2.863,70
2.814,72
2.678,68
2.597,66
2.545,65
2.545,66
2.545,63
2.571,62
2.545,64
2.545,65
2.704,68
2.756,68
2.893,72
2.917,71
2.948,74
2.922,74
2.926,77
2.899,76
2.916,70
2.892,81
2.952,88
2.984,89
2.757,95
2.916,101
4.476,95
2.861,95
2.723,93
2.612,76
2.574,69
2.574,69
2.561,77
2.610,75
2.636,82
2.620,79
-99999999
2.606,72
2.630,71
2.652,68
2.597,65
2.597,61
2.545,60
4.376,80
4.252,90
4.247,99
4.209,96
4.003,94
3.860,86
3.806,85
3.778,79
3.729,79
3.666,81
3.656,79
3.700,83
3.661,80
3.587,80
3.602,83
3.577,78
3.567,81
3.532,79
3.597,82
3.552,78
3.582,79
3.646,82
3.695,82
3.753,84
3.802,84
3.864,87
3.975,89
3.981,90
3.932,90
4.024,89
3.994,88
3.962,91
4.036,91
4.030,90
4.098,93
4.024,89
3.981,90
4.013,87
3.938,91
3.943,92
3.876,89
3.907,90
3.949,93
4.048,93
4.118,98
4.139,97
4.147,93
4.155,95
4.176,94
4.179,95
4.147,93
4.200,94
4.221,93
4.173,89
4.191,88
4.197,84
4.180,86
4.111,87
4.106,86
4.176,85
4.226,85
4.215,92
4.200,94
4.217,98
4.197,99
4.184,102
4.188,97
4.114,97
3.808,90
3.717,87
4.141,92
4.238,97
4.217,98
4.228,90
4.241,88
4.222,89
4.114,82
3.971,78
3.922,83
3.876,84
4.178,90
4.275,100
4.226,85
4.247,84
4.144,83
4.295,93
4.254,86
3.023,91
4.341,83
4.300,85
4.321,89
4.321,89
4.315,88
4.304,86
4.282,81
4.351,80
4.549,90
4.611,88
4.630,87
4.715,99
4.760,98
4.719,100
4.675,101
4.558,103
4.439,104
4.327,90
4.303,95
4.277,90
4.314,92
4.336,97
4.300,85
4.284,87
4.315,88
4.308,91
4.308,91
4.246,93
4.271,89
4.304,86
4.317,83
4.378,86
4.364,88
4.402,95
4.406,96
4.431,96
4.410,97
4.428,101
4.423,100
4.357,96
4.315,88
4.264,76
4.265,77
4.193,78
4.265,77
4.209,72
4.127,65
4.111,73
4.095,83
3.742,87
3.119,95
3.065,94
2.951,76
3.884,86
3.882,90
3.876,89
3.864,87
3.882,80
3.942,82
4.129,80
4.238,82
4.271,84
4.321,89
4.284,87
4.275,85
4.309,87
4.271,89
4.332,96
4.302,90
4.299,94
4.259,87
4.234,91
4.234,91
4.205,86
4.161,87
4.190,92
4.226,85
4.152,64
4.264,76
4.156,86
4.004,62
3.808,68
3.808,80
3.863,91
4.020,98
3.905,100
3.757,85
3.812,71
3.946,83
4.019,77
4.062,73
4.043,77
4.070,78
4.116,76
4.064,74
4.106,86
4.141,92
4.173,89
4.184,91
4.141,92
4.184,91
4.136,87
4.111,87
4.131,86
4.117,88
3.930,85
3.547,82
3.691,81
3.966,82
2.029,86
2.040,88
2.254,93
2.213,101
2.320,96
2.151,84
3.793,82
3.827,89
2.229,89
2.168,82
2.147,78
2.106,69
3.729,84
3.651,83
3.613,86
3.532,79
3.862,81
4.069,98
3.957,95
4.157,108
2.748,105
2.573,90
2.321,87
2.366,90
4.173,89
4.190,92
2.376,82
2.406,88
2.534,92
4.111,87
4.086,91
4.036,91
4.019,88
3.987,91
4.003,94
4.062,87
2.484,88
4.008,86
4.030,80
3.996,83
3.946,83
3.946,83
3.932,80
3.946,78
3.991,82
3.986,81
3.976,79
4.011,81
3.968,76
3.976,79
3.981,80
4.013,87
3.958,86
3.856,85
3.901,84
4.004,85
4.037,87
4.053,85
4.111,87
4.080,90
4.099,89
3.994,88
3.700,83
3.651,83
3.577,83
3.624,88
3.654,93
3.687,95
3.689,101
3.692,102
3.634,100
3.639,101
3.639,101
3.625,104
3.549,92
3.444,81
3.439,80
3.441,86
3.408,84
3.433,84
3.439,80
3.463,80
3.655,84
3.926,89
4.086,102
4.143,104
3.756,106
3.266,107
3.482,99
3.576,98
3.590,101
3.597,82
3.766,87
3.900,93
3.846,77
3.796,88
3.917,97
4.056,95
4.035,81
4.011,81
3.996,83
3.966,82
3.986,81
4.004,85
4.118,98
4.121,105
4.157,108
4.123,112
4.130,114
4.100,106
4.150,106
4.143,104
4.226,100
4.583,97
4.687,83
4.699,86
4.733,92
4.818,100
4.851,102
4.897,101
4.851,96
4.859,98
4.805,97
4.798,101
4.710,104
4.769,100
4.823,101
4.781,97
4.657,97
3.801,93
3.600,88
3.518,81
3.472,74
3.503,83
3.475,76
3.498,82
3.488,80
3.508,79
3.537,80
3.602,83
4.370,84
4.394,93
4.309,87
4.205,86
4.119,83
4.102,85
4.070,83
4.090,82
4.080,80
4.075,79
4.114,82
4.247,84
4.403,86
4.586,88
4.586,88
4.506,87
4.300,85
4.117,77
4.034,71
4.018,76
4.116,76
4.327,80
4.469,84
4.395,84
4.258,91
4.156,86
3.985,71
4.006,68
4.012,72
4.147,93
4.027,94
4.141,92
6.273,97
6.057,99
5.571,96
5.437,94
5.375,97
5.338,94
5.350,97
5.496,96
5.596,96
5.683,99
5.807,93
6.008,99
6.216,101
6.277,104
6.348,97
6.252,98
6.256,93
6.219,91
6.235,94
4.259,87
4.228,90
4.053,85
4.111,87
4.012,72
4.031,69
4.110,72
4.043,77
4.035,81
4.037,87
4.004,85
4.004,85
4.004,85
4.035,81
4.061,72
4.053,66
4.004,62
0.983,63
1.064,70
1.008,62
1.032,59
1.059,65
1.016,72
1.099,92
1.157,99
1.138,114
1.043,109
1.043,109
0.941,91
0.900,83
0.923,77
0.967,73
4.932,88
4.925,91
5.078,92
6.361,100
6.324,92
6.448,97
5.060,99
4.974,102
4.908,104
4.883,98
4.834,98
4.839,99
4.814,99
4.879,103
4.859,104
4.805,103
4.732,110
4.662,111
4.637,111
4.432,109
4.333,109
4.161,109
6.495,109
6.130,105
5.409,99
5.363,100
5.363,100
6.644,102
6.714,90
6.749,97
5.433,93
5.487,94
5.528,88
5.559,89
5.553,88
5.596,96
5.584,99
5.575,103
5.563,100
5.616,95
5.690,95
2.511,104
2.572,113
2.667,111
2.711,109
2.600,107
2.580,96
2.567,99
2.537,104
2.593,99
4.908,104
4.931,92
4.827,87
4.611,88
4.703,96
4.784,104
1.166,108
1.091,115
1.033,113
0.960,107
1.029,112
1.025,111
0.999,104
0.870,82
0.857,59
0.860,68
0.833,62
0.883,64
0.970,97
0.970,103
1.002,105
0.974,98
0.929,89
0.867,73
0.911,69
0.860,68
0.861,69
0.895,75
0.864,71
0.863,70
0.844,74
0.823,77
0.917,87
0.961,95
0.928,93
0.882,94
0.979,99
0.971,110
0.979,112
0.971,110
0.675,111
0.675,111
0.642,109
0.533,85
0.467,73
0.458,63
0.458,64
0.458,60
0.483,65
0.629,89
0.686,95
0.699,98
0.716,96
0.899,104
0.874,104
0.679,112
0.710,107
0.707,94
0.558,85
0.615,81
0.587,86
0.591,91
0.595,103
0.511,95
0.567,109
0.649,104
0.660,107
0.579,112
2.427,116
2.395,121
2.325,110
2.281,99
2.224,98
0.479,89
0.503,93
0.432,94
0.461,95
0.410,90
0.516,96
0.595,97
0.520,103
0.633,100
2.077,113
2.117,110
2.054,114
2.106,114
2.110,115
2.233,113
2.379,117
2.375,116
2.592,118
2.375,116
5.545,115
4.138,116
0.516,96
0.583,100
0.513,101
0.504,99
0.503,93
0.479,89
0.435,80
0.408,63
0.433,61
0.408,66
0.408,63
0.408,66
0.413,70
0.358,64
0.408,62
0.458,64
0.407,59
0.458,60
0.508,62
0.584,67
0.683,64
0.909,67
1.064,70
1.147,75
1.171,74
1.172,75
1.217,71
1.213,69
1.216,70
1.185,63
1.187,68
1.236,63
1.160,64
1.190,70
1.191,71
1.110,64
1.223,75
7.202,92
6.889,90
1.358,93
1.409,93
1.226,92
1.362,94
1.397,91
1.372,87
1.442,95
1.453,92
1.453,92
1.464,94
1.384,89
1.367,86
1.428,92
1.294,81
1.213,69
1.084,61
1.059,60
1.008,61
0.983,66
1.011,69
1.014,71
1.014,71
1.039,70
1.017,73
1.040,71
1.043,73
1.122,97
1.180,105
1.177,98
1.182,99
1.182,99
1.160,94
1.056,79
1.086,68
1.064,70
1.037,69
1.065,71
1.062,69
1.025,83
1.092,91
1.173,97
1.283,99
1.368,101
1.388,100
1.333,99
1.295,96
1.324,97
1.277,88
1.244,91
1.232,93
1.195,87
1.182,84
1.096,74
1.092,72
1.099,76
1.102,78
1.068,73
1.100,77
1.102,78
1.099,76
1.122,75
1.116,71
1.116,71
1.121,74
1.062,69
1.118,72
1.115,70
1.118,72
1.118,72
1.122,75
1.121,74
1.124,76
1.150,77
1.144,73
1.111,67
1.135,64
1.111,67
1.135,66
1.160,63
1.136,67
1.163,69
1.168,72
1.135,65
1.160,66
1.162,68
1.136,67
1.161,67
1.137,68
1.160,62
1.163,69
1.111,67
1.136,67
1.118,72
1.084,65
1.087,69
1.085,67
1.086,68
1.113,69
1.084,66
1.110,65
1.084,66
1.067,72
1.085,67
1.059,63
1.058,58
1.084,65
1.076,78
1.137,90
1.161,100
1.286,106
1.343,108
1.244,91
5.854,111
1.368,101
1.324,103
1.357,105
1.228,104
1.314,107
1.295,102
1.220,96
5.650,97
5.559,89
5.575,82
5.678,98
5.586,106
5.393,101
5.281,83
5.222,72
5.131,83
7.886,79
7.947,96
5.482,105
5.372,109
5.214,100
5.176,97
5.205,98
5.234,93
5.387,94
6.357,89
1.161,67
1.096,74
1.220,96
1.240,95
1.210,94
1.188,90
1.154,105
1.305,111
1.108,106
0.602,105
0.595,97
0.733,100
5.255,98
5.471,96
6.211,100
6.381,93
6.338,95
6.363,90
6.368,81
6.244,73
6.302,78
6.390,86
6.330,93
6.293,96
6.252,98
6.264,95
6.113,90
5.962,85
6.244,87
6.277,78
6.234,56
6.139,69
5.691,86
5.078,92
4.974,91
4.974,91
4.999,96
4.980,92
5.003,97
4.969,95
4.953,97
4.949,96
4.940,94
4.978,97
4.966,100
4.978,103
4.957,98
4.965,94
4.949,96
4.994,86
4.994,86
5.022,91
5.038,94
5.007,98
5.036,99
5.014,94
5.038,94
5.011,93
5.101,97
5.326,97
6.039,95
6.125,92
6.157,84
6.036,61
5.889,33
12.322,47
12.298,57
12.204,70
6.161,63
6.132,84
6.185,94
6.135,94
6.032,89
6.057,99
5.895,96
5.368,101
5.018,95
4.936,93
4.940,94
4.940,94
4.936,93
4.956,88
4.990,94
5.023,102
5.011,93
5.042,95
5.029,88
5.060,89
5.060,89
5.048,87
5.122,91
5.338,94
6.035,94
6.169,91
6.256,89
6.222,82
6.196,74
6.237,68
6.184,55
6.208,49
5.038,53
5.986,59
6.070,73
6.051,77
6.128,78
6.128,83
6.111,85
6.128,83
6.082,84
5.370,81
5.120,71
5.126,82
5.114,85
5.011,89
5.023,96
5.191,90
5.178,92
5.142,95
5.110,99
5.088,94
5.084,93
5.085,84
5.098,87
5.088,94
5.084,93
5.078,92
5.110,99
5.072,96
5.094,101
0.779,99
0.841,102
0.841,102
0.820,97
0.807,94
0.803,93
0.797,92
0.758,66
0.807,58
0.807,54
0.807,53
0.906,49
0.956,46
0.907,53
0.906,49
0.907,56
0.907,57
0.907,57
0.958,63
0.945,75
0.962,86
1.029,99
1.016,102
1.057,106
1.027,105
1.046,103
1.031,106
1.016,102
0.966,96
0.953,93
0.915,81
0.923,77
0.895,75
0.870,75
0.888,70
0.891,72
0.891,72
0.867,73
0.920,75
0.892,73
0.916,72
0.923,77
0.890,81
0.873,77
0.890,81
0.942,87
0.900,83
0.883,85
0.910,90
0.879,89
0.854,84
0.948,88
0.923,88
0.900,83
0.908,85
0.900,83
0.950,83
0.948,88
0.937,86
0.910,90
0.900,83
0.904,84
0.935,80
0.923,88
0.890,81
0.908,85
0.887,86
0.904,84
0.900,83
0.895,82
0.900,78
0.873,77
0.892,73
0.866,72
0.873,77
0.873,77
0.872,76
0.894,74
0.880,79
0.885,80
0.847,76
0.875,78
0.875,78
0.885,80
0.897,76
0.897,76
0.866,72
0.895,75
0.867,73
0.870,75
0.916,72
0.866,72
0.863,70
0.836,69
0.833,61
0.858,63
0.857,57
0.806,52
0.806,50
0.856,48
0.832,56
0.883,63
0.808,63
0.857,59
5.912,60
5.197,72
5.141,80
5.071,81
5.014,85
5.084,93
5.142,95
5.205,98
5.333,105
5.314,100
5.319,101
5.346,96
5.316,90
5.497,87
5.799,75
6.085,55
6.083,43
12.746,59
5.360,45
5.353,77
5.306,83
5.293,86
5.346,91
0.854,84
5.515,90
1.059,85
0.992,87
0.945,82
0.945,82
1.190,86
1.107,79
0.969,74
0.986,69
1.010,68
1.008,63
1.083,59
0.957,58
0.956,52
0.906,47
0.958,35
0.961,24
1.115,29
1.009,23
0.984,18
1.089,29
0.963,29
0.965,26
1.061,32
1.088,30
0.964,28
1.056,42
1.005,44
0.932,54
0.983,60
0.970,75
0.990,81
0.980,79
1.019,74
0.960,68
1.016,72
0.985,68
0.985,68
1.013,70
1.017,73
0.989,71
0.960,68
1.011,69
0.991,72
1.016,72
1.016,72
1.016,72
1.013,70
0.991,72
0.983,66
0.991,72
1.016,72
1.013,70
0.986,69
0.988,70
1.014,71
0.958,65
0.958,65
1.007,59
0.956,46
1.009,34
1.036,14
0.880,41
0.906,50
0.933,62
0.910,68
0.914,71
0.888,70
0.861,69
0.908,62
0.883,60
0.908,64
0.863,70
0.888,70
0.863,70
0.833,65
0.808,62
0.834,67
0.867,73
0.847,76
0.866,72
0.866,72
0.866,72
0.888,70
0.869,74
0.911,69
0.888,70
0.914,71
0.911,69
0.939,71
0.966,72
0.961,69
0.933,65
0.958,64
0.956,51
0.980,38
19.185,91
19.185,96
19.235,96
19.280,95
19.298,89
19.341,92
19.331,86
19.248,84
19.273,84
19.273,84
19.284,81
19.393,83
19.413,82
19.368,83
19.309,81
19.343,78
19.438,75
19.459,72
0.910,14
19.532,71
0.811,24
0.884,18
0.989,19
0.909,18
0.985,16
1.060,18
0.901,21
1.026,21
1.085,23
0.913,29
0.832,22
1.013,25
0.911,24
1.012,30
0.958,61
0.959,67
0.994,74
0.922,76
0.908,85
0.935,90
0.954,89
0.798,88
0.833,85
0.775,78
0.758,65
0.808,61
0.808,60
0.858,65
0.933,64
0.958,64
1.008,65
1.033,62
1.135,65
1.210,63
1.312,65
1.312,63
1.338,62
1.363,66
1.338,64
1.391,69
1.364,67
1.368,70
1.417,69
1.364,67
1.416,68
1.371,72
1.365,68
1.417,69
1.388,64
1.365,68
1.415,67
1.415,67
1.403,76
1.414,66
1.397,72
1.395,71
1.395,71
1.372,73
1.425,74
1.397,72
1.467,68
1.448,73
1.417,69
1.425,74
1.502,82
1.429,88
1.465,85
1.429,88
1.378,88
1.335,79
1.279,83
1.251,77
1.168,72
1.067,72
1.040,71
1.037,69
0.917,73
0.810,68
0.708,65
0.658,65
0.558,64
0.489,71
0.433,62
0.359,67
0.308,63
0.358,63
0.283,60
0.258,64
0.308,62
0.308,60
0.307,58
0.333,62
0.358,61
0.458,60
0.533,65
0.558,64
0.661,69
0.710,68
0.714,71
0.713,70
0.769,74
0.761,69
0.819,74
0.794,74
0.822,76
0.795,75
0.772,76
0.714,71
0.564,71
0.464,71
0.310,68
0.286,69
0.285,68
0.283,65
0.258,65
0.258,65
0.333,64
0.408,64
0.484,67
0.611,69
0.742,73
0.823,77
0.872,76
0.880,79
0.875,78
0.920,82
0.873,77
0.922,76
0.889,71
0.867,73
0.889,71
0.914,71
0.894,74
0.859,67
0.858,65
0.883,65
0.908,64
0.941,72
0.917,73
0.911,69
0.916,72
0.967,73
0.969,74
1.011,69
0.966,72
0.942,73
0.966,72
0.970,75
0.970,75
0.970,75
0.964,71
0.935,68
0.991,72
1.014,71
1.016,72
1.033,66
1.062,69
1.059,66
1.062,69
0.985,68
1.010,68
0.958,65
0.958,66
0.959,67
0.960,68
0.960,68
0.959,67
0.984,67
0.961,69
0.958,62
1.013,70
0.959,67
0.933,63
0.933,64
0.958,62
0.959,67
0.961,69
0.933,64
0.658,61
0.483,66
0.466,72
0.484,67
0.508,63
0.783,66
1.022,76
1.081,79
1.074,77
1.169,73
1.220,73
1.317,70
1.365,68
1.391,69
1.442,69
1.444,70
1.470,70
1.519,69
1.550,73
1.521,70
1.521,70
1.519,69
1.549,72
1.575,72
1.567,67
1.619,68
1.592,66
1.617,65
1.617,65
1.617,63
1.617,62
1.645,80
1.696,90
1.757,97
1.696,90
1.689,89
1.598,71
1.623,71
1.677,73
1.626,73
1.622,70
1.603,74
1.628,74
1.623,71
1.673,70
1.676,72
1.673,70
1.622,70
1.694,66
1.646,69
1.645,68
1.622,70
1.651,72
1.652,73
1.646,69
1.652,73
1.674,71
1.625,72
1.671,69
1.697,69
1.745,67
1.905,72
2.053,68
1.973,66
1.871,61
1.770,61
1.821,61
1.821,62
1.795,65
1.795,63
1.795,61
1.770,64
1.770,66
1.720,67
1.744,64
1.744,63
1.745,67
1.770,63
1.795,65
1.795,66
1.849,69
1.821,63
1.795,63
1.821,64
1.821,60
1.821,65
1.871,66
3.157,78
3.241,80
3.122,81
2.838,71
2.603,70
2.493,63
2.493,62
2.545,65
2.493,64
2.574,69
2.604,71
2.656,71
2.714,75
2.765,74
2.759,70
2.664,76
2.607,73
2.554,72
2.470,69
2.472,70
2.472,70
2.498,70
2.524,70
2.521,68
2.494,67
2.545,64
2.545,66
2.495,68
2.547,68
2.546,67
2.573,68
2.974,74
3.394,81
3.426,76
2.571,62
2.597,65
2.600,68
2.571,65
2.519,64
2.548,69
2.598,67
2.573,68
2.551,70
2.546,67
2.651,67
2.705,69
3.027,75
3.379,78
3.515,86
3.498,82
3.531,89
3.526,88
3.543,91
3.562,90
3.538,95
3.562,90
3.555,93
3.574,92
3.609,94
3.543,91
3.605,93
3.574,92
3.621,97
3.568,91
3.580,93
3.587,90
3.617,91
3.587,90
3.642,91
3.610,85
3.612,90
3.662,95
0.197,92
0.274,98
0.429,112

0.427,105
3.642,102
3.667,96
3.581,89
3.535,85
3.599,92
3.543,91
3.574,92
3.550,88
3.568,91
3.587,90
3.599,92
3.606,89
3.648,92
3.610,85
3.643,87
3.666,81
3.693,87
3.668,87
3.630,89
3.564,86
3.325,82
2.949,75
2.864,71
2.860,68
2.757,69
2.811,70
2.782,68
2.782,68
2.783,69
2.835,69
2.812,71
2.812,71
2.786,71
2.809,69
2.833,67
2.806,65
2.910,66
2.939,68
2.864,71
2.834,68
2.811,70
2.755,67
2.842,73
2.871,75
2.868,73
2.864,71
2.945,72
3.154,92
3.684,100
3.782,100
3.663,86
3.693,87
3.668,87
3.708,85
3.704,84
3.651,83
3.542,81
3.251,75
3.142,68
3.176,74
3.120,70
3.120,70
3.123,72
3.120,70
3.118,68
3.120,70
3.120,70
3.066,62
3.038,43
3.187,39
3.189,55
3.142,68
3.121,71
3.121,71
3.118,68
3.142,68
3.142,68
3.165,65
3.165,61
3.164,59
3.213,59
3.164,54
3.213,56
3.164,58
3.164,58
3.140,60
3.140,62
3.170,70
3.118,68
3.091,66
3.118,68
3.118,68
3.066,65
3.116,64
3.116,63
3.116,64
3.116,64
3.094,69
3.141,67
3.123,72
3.148,72
3.146,71
3.146,71
3.170,70
3.149,73
3.176,74
3.176,74
3.173,72
3.214,64
3.212,49
3.267,24
20.030,81
20.073,85
20.088,88
20.094,89
20.100,90
20.165,83
20.331,91
20.307,87
20.162,92
20.200,90
20.368,93
20.327,86
20.305,81
20.255,81
20.252,86
20.273,85
20.250,90
20.231,96
20.206,96
20.225,90
20.262,92
20.200,90
20.207,87
20.152,86
20.182,87
20.122,94
20.269,89
20.281,91
20.263,88
20.112,92
20.572,94
20.512,92
20.498,85
20.719,84
20.656,91
1.742,37
1.818,44
1.742,48
1.768,47
1.819,46
1.792,42
1.802,27
24.029,82
23.922,86
23.922,86
5.145,19
5.213,58
5.298,87
5.304,88
5.248,87
5.285,89
5.256,83
5.272,91
5.297,91
5.284,93
5.322,91
5.405,83
5.452,92
5.471,91
5.375,97
5.368,101
5.319,101
5.375,103
5.319,101
5.335,99
5.326,97
5.314,100
5.326,103
5.319,101
5.322,102
5.314,100
5.314,100
5.350,97
5.338,94
5.346,91
5.384,84
5.384,89
5.427,92
5.404,98
5.421,91
5.415,90
5.565,90
5.527,92
5.437,94
5.446,96
5.446,91
5.447,87
5.466,95
5.402,92
5.458,93
5.421,91
5.433,93
5.421,91
5.433,93
5.433,93
5.471,91
5.521,91
5.437,94
5.446,91
5.509,89
5.852,88
5.939,90
6.385,94
6.652,98
6.318,102
5.627,92
5.949,97
5.584,84
5.628,88
5.547,87
5.475,82
5.537,94
5.471,96
5.458,93
5.496,91
5.502,92
5.565,90
5.737,100
5.883,99
5.671,102
5.659,99
5.682,93
5.770,91
5.776,92
5.790,95
5.770,91
5.766,86
5.687,85
5.851,92
5.647,87
5.563,85
5.714,90
5.676,92
5.637,94
5.757,93
5.842,101
5.787,100
1.877,108
1.953,108
1.895,106
1.885,110
1.848,107
2.008,109
1.942,105
1.909,103
1.902,108
1.877,101
5.774,103
5.758,99
5.758,99
5.774,97
5.828,104
2.023,106
1.948,100
1.902,101
1.752,102
5.761,94
5.745,91
5.715,95
5.686,94
5.690,95
5.708,99
5.767,101
5.740,95
5.703,98
5.703,98
5.728,98
5.762,100
5.728,104
5.695,96
5.720,91
5.714,90
5.687,85
5.704,83
5.721,87
5.741,86
5.746,87
5.776,92
5.770,91
5.776,92
5.765,95
5.786,94
5.824,97
5.883,99
5.862,100
5.892,101
5.870,96
5.842,101
5.858,99
5.824,97
5.845,96
5.836,94
5.808,89
5.841,86
5.808,84
5.820,91
5.836,94
5.828,98
2.390,100
2.412,99
2.376,97
2.285,94
2.295,87
2.222,76
2.180,58
2.206,59
2.181,60
2.181,62
2.180,59
2.233,63
2.181,60
2.155,61
2.180,53
2.231,49
2.256,45
2.231,48
2.205,46
2.230,43
2.236,32
18.389,87
18.342,97
18.313,91
18.394,92
18.384,86
18.467,97
18.442,97
18.333,95
18.368,110
18.446,98
18.442,82
18.430,85
18.682,95
18.625,89
18.533,86
18.484,86
18.463,91
18.544,88
18.668,92
18.604,66
24.193,34
18.734,71
18.725,79
18.544,88
18.644,88
1.553,20
1.690,44
1.820,55
1.770,61
1.821,63
1.795,65
1.822,67
1.801,71
1.824,69
1.827,71
1.824,69
1.798,69
1.770,63
1.772,68
1.822,67
1.719,66
1.670,68
1.724,70
1.695,67
1.719,66
1.771,67
1.772,68
1.827,71
1.829,72
1.796,67
1.801,71
1.745,67
1.643,65
1.546,70
1.346,72
1.292,70
1.320,72
1.270,73
1.301,76
1.317,70
1.317,70
1.318,71
1.321,73
1.298,74
1.272,74
1.321,73
1.326,76
1.343,70
1.349,74
1.346,72
1.340,68
1.374,74
1.422,72
1.378,77
1.425,74
1.422,72
1.419,70
1.473,72
1.527,74
1.552,74
1.582,77
1.629,75
1.584,78
1.530,76
1.502,75
1.476,74
1.266,70
1.070,74
0.897,76
0.866,72
0.872,76
0.816,72
0.786,69
0.809,67
0.813,70
0.817,73
0.792,73
0.816,72
0.817,73
0.813,70
0.764,71
0.835,68
0.838,70
0.808,66
0.858,65
0.908,64
1.010,68
1.135,61
1.210,64
1.261,65
1.287,62
1.312,65
1.338,64
1.312,64
1.312,65
1.363,63
1.363,63
1.388,63
1.465,63
1.541,65
1.595,69
1.668,66
1.694,66
1.744,63
1.795,63
1.770,61
1.794,58
1.820,57
1.820,56
1.820,54
1.845,53
1.820,58
1.846,63
1.820,58
1.846,60
1.821,60
1.821,63
1.845,59
1.821,60
1.794,59
1.821,63
1.821,62
1.770,62
1.770,62
1.795,63
1.821,63
1.795,64
1.821,62
1.821,64
1.821,63
1.772,68
1.770,65
1.795,64
1.770,62
1.770,66
1.770,64
1.744,66
1.744,64
1.769,59
1.744,66
1.719,64
1.821,65
1.770,65
1.770,63
1.771,67
1.770,62
1.770,63
1.769,59
1.770,60
1.718,59
1.743,57
1.769,57
1.769,55
1.742,52
1.769,53
1.718,55
1.743,55
1.769,56
1.743,54
1.719,61
1.667,59
1.642,59
1.592,63
1.541,65
1.516,61
1.465,61
1.414,61
1.414,62
1.439,61
1.439,64
1.414,60
1.414,65
1.414,64
1.414,63
1.414,63
1.414,60
1.465,62
1.465,63
1.490,62
1.516,62
1.516,66
1.518,68
1.491,67
1.467,68
1.468,69
1.467,68
1.467,68
1.490,64
1.439,65
1.465,66
1.413,59
1.466,67
1.465,66
1.414,63
1.465,62
1.465,62
1.465,62
1.490,62
1.490,65
1.566,61
1.566,60
1.542,67
1.619,68
1.592,63
1.566,66
1.617,63
1.566,61
1.617,60
1.592,60
1.591,57
1.565,58
1.617,61
1.619,68
1.566,64
1.617,65
1.566,65
1.542,67
1.567,67
1.547,71
1.569,69
1.598,71
1.592,66
1.567,67
1.617,63
1.566,60
1.565,59
1.516,62
1.592,61
1.540,58
1.541,66
1.516,61
1.543,68
1.680,97
1.800,108
1.786,104
5.016,80
1.564,37
1.614,40
1.513,48
1.541,62
1.465,65
1.440,67
1.391,69
1.344,71
1.290,69
1.264,69
1.217,71
1.216,70
1.210,66
1.135,66
1.163,69
1.187,68
1.185,65
1.162,68
1.165,70
1.168,72
1.136,67
1.144,73
1.140,70
1.138,69
1.144,73
1.141,71
1.141,71
1.138,69
1.162,68
1.143,72
1.111,67
1.110,66
1.112,68
1.110,65
1.111,67
1.110,64
1.084,66
1.110,63
1.135,64
1.110,65
1.110,63
1.084,63
1.059,62
1.110,61
1.109,55
1.134,54
1.109,58
1.184,58
1.185,63
1.293,71
1.335,79
1.350,82
1.346,91
1.269,91
1.245,87
1.214,86
1.127,83
1.100,77
1.125,77
1.118,72
1.112,68
1.110,60
1.140,70
1.211,100
1.262,100
1.267,108
1.279,104
1.245,102
1.258,99
1.271,109
1.295,102
1.290,95
1.238,90
1.195,87
1.161,85
1.124,76
1.112,68
1.061,68
1.059,65
1.112,68
1.084,64
1.059,65
1.064,70
1.110,63
1.084,66
1.084,61
1.016,72
1.102,83
1.036,80
1.059,85
3.856,85
3.901,89
3.106,88
3.017,90
2.928,83
2.902,78
2.873,76
2.815,73
1.141,71
1.172,75
1.074,77
1.099,76
1.146,74
1.269,72
1.190,70
1.245,73
1.119,73
1.193,72
1.169,73
2.814,72
2.812,71
2.812,71
2.788,72
2.819,75
2.792,75
2.762,72
2.783,69
2.756,68
2.786,71
2.754,63
2.844,74
2.858,85
2.854,84
2.848,88
2.854,84
2.836,86
2.868,87
2.796,77
2.763,73
2.788,72
2.766,75
2.766,75
2.777,79
2.777,79
2.777,79
2.751,79
2.787,81
2.802,84
2.780,85
2.787,81
2.777,79
2.739,74
2.759,70
2.810,86
2.836,86
2.997,91
4.499,90
4.448,85
2.902,78
2.873,76
2.833,67
2.809,69
2.759,70
2.760,71
2.834,90
2.897,97
4.414,98
4.351,90
4.344,93
2.952,88
2.881,79
2.874,77
2.746,78
2.089,75
1.847,67
1.846,63
1.821,62
1.795,63
1.821,63
1.797,68
1.821,62
1.846,66
1.821,64
1.846,63
1.826,70
1.866,93
4.566,93
4.427,86
4.462,92
4.542,93
4.634,92
4.699,86
4.654,87
4.499,90
4.391,83
4.440,83
4.723,86
2.085,96
2.027,107
1.960,103
2.037,103
2.011,103
1.948,100
1.985,103
1.877,108
1.687,105
1.611,105
1.495,101
1.451,97
1.358,93
1.337,94
1.308,89
1.282,93
1.311,94
1.338,100
1.333,99
1.338,100
1.258,99
1.283,99
1.169,96
1.362,94
1.161,85
1.404,77
4.229,69
4.251,64
4.300,64
4.250,58
4.299,59
4.300,66
4.300,64
4.281,71
4.272,79
4.264,76
4.282,81
4.300,85
4.300,85
4.321,84
4.456,91
4.496,94
4.388,92
4.369,93
4.287,97
4.291,98
4.255,101
4.213,97
4.234,102
1.791,99
2.142,103
1.862,104
1.935,103
1.935,103
1.960,103
1.829,96
1.860,92
1.829,96
-99999999
2.068,98
2.063,103
1.893,99
1.956,96
1.964,98
2.015,104
2.021,99
1.972,94
1.904,81
1.871,62
1.871,64
1.871,66
1.897,66
1.897,64
1.880,72
1.938,88
1.951,95
1.816,93
4.229,95
4.213,97
4.247,99
4.229,95
4.271,89
4.302,90
4.338,92
4.289,92
4.277,90
4.299,94
2.063,103
2.139,109
2.075,106
2.011,103
2.033,102
2.004,101
2.025,100
1.943,93
1.962,92
1.988,88
2.047,89
2.133,86
2.173,83
2.320,91
2.411,93
2.378,92
2.378,92
2.364,85
2.300,76
2.286,64
2.260,61
2.286,64
2.207,63
2.233,60
2.207,62
2.286,61
2.286,66
2.286,63
2.260,62
2.233,60
2.260,63
2.233,60
2.260,65
2.207,62
2.207,60
2.245,74
2.353,88
2.341,95
2.402,97
2.346,96
2.398,102
2.407,104
2.376,103
4.719,100
4.715,99
4.765,99
4.517,93
4.320,93
4.210,87
4.216,88
4.197,89
4.201,85
4.216,88
4.183,81
4.205,86
4.205,86
4.201,85
4.197,84
4.173,89
4.173,84
4.210,87
4.339,88
4.536,92
0.208,85
0.304,89
0.204,84
0.170,82
0.147,76
0.150,78
0.173,77
0.160,80

0.169,74
0.158,66
0.133,61

0.157,55
0.107,56
0.157,55

0.157,53

0.157,54
0.156,52

0.106,48
0.156,52

0.155,44

0.158,61

0.164,71
0.172,76
0.155,79
0.147,76
0.185,80
0.195,82

0.117,73
0.113,70
0.158,63
0.155,45
0.155,44
0.157,53
0.156,52

0.131,50
0.132,55
0.182,54
0.132,56
0.181,49
0.130,45
0.106,51

0.156,51

0.156,52
0.131,52
0.131,52
0.131,50


0.157,59
0.157,56
0.158,60
0.158,62
0.150,78
0.161,69
0.132,59
0.158,60
0.132,59
0.158,60
0.183,63
0.157,55


0.183,62
0.133,62
0.133,62
0.208,60
0.158,64
0.158,61
0.183,62

0.133,64
0.133,63
0.141,72
0.185,80
0.175,83
0.192,87

0.212,86
0.183,85
0.175,78
0.164,71
0.133,63


0.158,64
0.158,61
0.132,55

0.160,32

0.107,36
0.210,32
0.155,42
0.157,57
0.208,63
0.135,68
0.163,70
0.189,71

0.204,84

0.215,81
0.180,79

0.172,76
0.190,81
0.120,75


0.167,73
0.167,73
0.170,75
0.120,75
0.144,74
0.190,81
0.215,81
0.235,80
0.148,77
0.155,79
0.190,81
0.120,75

0.173,77
0.122,76
0.148,77
0.197,76
0.150,78
0.147,76
0.155,79
0.122,76
0.147,76

0.145,75


0.135,80
0.160,80
0.150,78
0.155,79
0.150,78
0.200,83
0.165,81
0.230,79
0.155,79


0.166,72
0.219,74


0.175,78
0.223,77
0.185,80
0.123,77
0.147,76

0.185,80
0.175,78
0.162,86
0.282,94
0.235,90
0.274,98
0.236,95
0.261,95

0.192,87
0.260,90
0.316,96
0.204,89
0.217,87
0.160,80

0.170,82
0.145,82
0.200,83
0.204,84
0.337,86
0.187,86
0.150,83
0.140,81
0.215,81

0.145,75
0.172,76
0.147,76
0.144,74
0.195,75
0.150,78
0.183,85
0.217,87

0.162,86
0.223,88
0.179,89
0.229,89
0.241,91
0.198,88
0.260,90
0.229,89
0.217,87
0.229,89
0.208,85
0.187,86
0.229,89
0.217,87
0.282,94
0.216,91
0.253,93
0.212,86
0.204,89
0.212,86
0.165,81

0.145,75
0.147,76
0.173,77
0.167,73
0.172,76
0.145,75

0.148,77


0.140,81
0.190,81
0.170,82
0.208,85
0.155,79
0.208,85
0.228,93
0.216,91
0.162,86
0.173,88
0.172,76
0.145,75
0.170,75
0.165,81
0.130,79
0.173,77
0.147,76
0.164,71
0.155,79
0.245,82
0.229,84
0.179,84
0.223,88
0.160,80

0.169,74
0.164,71
0.139,71
0.158,63
0.158,64
0.158,60
0.157,57
0.133,61
0.108,64
0.111,69
0.133,62
0.158,64

0.158,64
0.183,61
0.158,64

0.158,61
0.108,63
0.133,64

0.158,64
0.110,68

