0.111,38
0.162,37

0.160,38
0.163,36

0.160,39

0.160,39

0.111,37
0.161,40
0.114,35


0.160,44
0.136,48

0.136,52
0.838,58
1.063,57
1.141,65
1.192,68
1.222,70
1.223,71
1.227,74
1.231,77
1.231,77
1.180,76
1.225,72
1.197,71
1.222,70
1.202,75
1.245,69
1.225,73
1.222,70
1.217,67
1.193,69
1.217,65
1.243,68
1.242,67
1.218,67
1.217,64
1.216,63
1.241,62
1.216,64
1.216,65
1.190,61
1.216,66
1.216,61
1.266,62
1.241,63
1.267,62
1.217,62
1.266,64
1.292,64
1.219,68
1.191,66
1.166,66
1.217,63
1.267,64
1.241,62
1.216,62
1.344,62
1.267,65
1.298,70
1.279,74
1.247,71
1.335,78
1.263,79
1.485,88
1.398,86
1.357,92
5.165,99
5.157,97
5.123,95
5.150,101
5.156,97
5.122,95
5.128,91
5.153,96
5.114,93
5.122,90
5.122,90
5.144,94
5.140,93
5.121,90
5.134,88
5.152,91
5.134,92
5.122,90
5.121,90
5.147,90
5.121,90
5.124,86
5.195,85
5.348,86
5.533,88
5.668,94
5.801,96
7.077,96
7.018,100
7.026,102
7.068,100
7.094,100
6.968,100
5.970,95
5.982,92
5.912,93
5.814,84
5.842,85
5.876,91
5.869,90
5.975,91
5.846,95
5.867,100
5.796,95
5.859,98
5.801,91
5.796,86
5.813,89
5.764,89
5.813,93
5.831,92
5.814,79
5.766,55
13.426,113
13.512,116
13.417,98
12.104,57
12.321,78
12.482,90
12.438,102
12.390,116
12.436,115
12.381,107
12.424,105
12.452,106
12.442,103
12.412,102
12.432,107
12.396,111
12.411,115
12.418,110
12.379,85
12.416,97
12.413,102
12.450,99
12.564,97
12.470,88
18.073,103
18.026,104
5.789,42
5.843,64
5.875,81
5.876,91
5.904,97
5.933,98
5.904,97
5.895,95
5.851,96
5.859,98
5.829,97
5.876,102
5.872,101
1.537,104
1.441,99
1.358,92
1.313,89
1.281,76
1.242,67
1.271,70
1.304,75
1.250,73
1.248,71
1.250,72
1.244,68
1.245,69
1.269,68
1.225,73
1.278,74
1.294,68
1.247,71
1.274,72
1.253,74
1.276,72
1.272,71
1.247,71
1.283,77
1.279,75
1.280,75
1.279,74
1.246,70
1.276,73
1.251,73
1.267,67
1.241,66
1.267,65
1.292,60
1.292,58
1.225,72
1.258,83
1.230,76
1.266,62
1.266,58
1.317,54
1.317,59
1.318,64
1.344,61
1.343,63
1.292,66
1.294,68
1.292,65
1.273,71
1.289,79
1.329,82
1.332,88
1.321,86
1.340,89
1.403,91
1.427,91
1.409,92
1.414,93
1.439,93
1.441,89
1.385,78
1.368,66
1.419,59
1.366,52
1.341,48
1.266,59
1.291,55
1.293,65
1.329,75
1.319,80
1.310,83
1.339,84
1.360,83
1.332,77
1.377,72
1.371,69
1.343,62
1.317,63
1.292,61
1.318,62
1.318,66
1.322,70
1.349,71
1.324,71
1.301,72
1.351,72
1.327,73
1.324,71
1.352,72
1.332,77
1.329,75
1.331,76
1.304,74
1.352,73
1.325,72
1.329,74
1.333,77
1.329,74
1.328,74
1.307,76
1.355,74
1.329,74
1.357,76
1.329,75
1.329,75
1.300,72
1.381,75
1.306,76
1.323,71
1.329,75
1.332,76
1.326,72
1.329,74
1.349,71
1.333,77
1.333,77
1.328,74
1.357,76
1.346,80
1.351,81
1.314,79
1.335,78
1.357,76
1.360,78
1.332,77
1.358,76
1.355,75
1.331,76
1.326,73
1.356,75
1.330,75
1.350,71
1.327,73
1.353,73
1.323,70
1.323,71
1.329,75
1.375,71
1.323,70
1.324,71
1.351,72
1.328,74
1.361,78
1.353,73
1.357,76
1.351,72
1.359,77
1.330,75
1.325,72
1.361,78
1.377,73
1.329,74
1.377,73
1.355,74
1.380,75
1.375,71
1.304,74
1.379,74
1.374,70
1.377,73
1.328,74
1.328,74
1.353,73
1.358,77
1.365,79
1.327,73
1.353,73
1.326,73
1.341,79
1.358,76
1.335,78
1.370,80
1.329,75
1.350,81
1.359,77
1.340,79
1.346,80
1.309,78
1.307,77
1.303,74
1.360,78
1.305,75
1.331,76
1.332,76
1.304,75
1.331,76
1.307,76
1.335,78
1.365,79
1.329,74
1.301,73
1.279,74
1.282,77
1.303,74
1.332,77
1.324,81
1.282,77
1.284,78
1.282,77
1.331,76
1.346,80
1.289,79
1.329,75
1.279,75
1.306,76
1.309,78
1.329,75
1.328,74
1.276,72
1.304,75
1.326,72
1.269,69
1.317,65
1.318,62
1.292,61
1.317,59
1.317,54
1.290,50
1.289,45
1.264,42
1.263,41
1.214,47
5.967,65
5.904,74
-99999999
5.926,73
5.998,71
5.942,57
5.918,64
5.946,69
5.975,81
5.939,89
5.938,93
5.900,96
5.831,92
1.428,87
1.393,100
1.436,98
1.452,102
1.410,98
1.416,99
1.397,95
1.422,95
1.384,98
1.371,95
1.339,93
1.332,92
1.277,87
1.360,83
1.272,70
5.792,62
5.817,58
5.741,55
5.767,55
5.767,57
5.842,55
5.741,48
5.839,41
5.915,50
5.965,52
5.967,57
5.941,59
5.991,57
5.965,51
5.915,37
13.648,106
13.449,94
13.342,104
5.942,58
5.914,79
5.913,89
5.895,95
5.894,90
5.866,94
5.875,102
1.486,98
1.142,90
1.504,102
1.440,99
1.368,100
1.389,99
1.316,94
1.266,85
5.851,87
5.819,80
5.747,70
5.743,66
5.747,70
5.721,69
5.643,56
7.043,63
7.006,76
6.996,95
6.908,98
6.904,97
6.933,98
6.914,99
6.943,100
6.879,97
6.900,91
6.863,89
6.832,88
6.819,90
6.826,87
6.824,81
6.807,77
6.779,75
6.748,70
6.743,65
6.692,58
6.640,56
6.690,52
6.690,52
6.742,58
6.742,63
6.769,67
6.799,71
6.759,78
6.765,79
6.764,79
6.756,76
6.789,79
6.756,76
6.754,82
6.784,83
6.817,85
6.818,85
6.825,91
6.813,89
6.926,96
6.964,99
6.997,101
6.950,96
6.933,98
6.938,99
6.925,102
6.632,98
5.813,89
5.813,89
5.758,88
5.797,86
5.858,88
6.866,94
7.162,105
7.139,99
7.068,100
7.014,99
6.904,97
6.864,99
7.030,97
6.931,92
6.056,88
5.942,85
5.962,93
5.963,93
5.989,99
5.983,98
5.966,94
5.981,92
5.962,93
5.937,93
5.975,96
5.970,95
6.001,96
6.008,98
6.016,100
6.008,98
6.022,101
6.017,100
6.012,99
5.979,97
5.956,92
5.946,86
5.913,84
5.901,87
5.902,87
5.901,87
5.882,88
5.975,91
5.944,90
6.066,100
6.018,90
5.951,73
12.340,116
12.830,127
13.396,125
13.413,123
13.488,123
13.235,122
13.486,129
13.386,116
13.454,114
13.313,97
13.210,87
13.247,84
4.589,20
4.703,17
4.623,42
4.684,72
4.739,92
4.699,94
4.720,93
4.711,82
4.752,69
4.659,73
4.783,87
4.731,81
4.758,73
4.821,49
12.282,107
4.600,46
4.626,60
4.703,69
4.763,76
4.722,79
4.819,84
4.794,84
4.794,84
4.825,90
4.880,91
4.863,98
3.940,101
3.806,93
3.759,89
3.782,84
3.715,80
3.734,79
3.705,78
3.710,79
3.695,81
3.705,83
3.729,78
3.644,70
3.638,55
3.687,37
4.699,55
4.758,73
4.672,79
4.726,80
4.756,81
4.785,82
4.736,82
4.770,89
4.728,86
3.700,75
3.617,69
3.648,73
3.850,92
3.901,104
3.877,98
3.814,95
3.823,97
3.831,93
3.800,92
3.819,96
3.801,92
3.836,94
3.819,96
3.810,94
3.844,91
3.893,91
3.801,88
3.827,88
3.826,88
3.845,87
3.840,86
3.801,88
3.820,87
3.819,91
3.800,92
3.825,92
3.825,92
3.839,90
3.806,93
3.815,95
3.815,95
3.801,92
3.844,96
3.810,94
3.814,95
3.790,95
3.777,88
3.782,89
3.782,89
3.766,86
3.771,87
3.771,87
3.759,89
3.693,86
3.664,85
3.635,84
3.623,87
3.611,84
3.627,82
3.607,83
3.612,84
3.607,83
3.631,83
3.607,83
3.602,82
3.622,81
3.602,82
3.623,87
3.679,88
3.617,95
3.630,98
3.613,94
3.604,92
3.598,91
3.602,82
3.528,82
3.536,89
3.525,87
3.525,87
3.512,84
3.488,79
3.478,82
3.508,83
3.512,84
3.512,84
3.540,85
3.525,87
3.520,86
3.508,83
3.491,85
3.503,82
3.516,85
3.516,85
3.525,87
3.536,89
3.516,85
3.513,79
3.536,84
3.530,88
3.610,93
3.622,96
3.561,84
3.516,85
3.530,88
3.530,88
3.530,88
3.542,90
3.521,86
3.544,86
3.532,83
3.579,76
4.292,82
4.690,88
4.695,93
4.689,92
4.690,92
4.708,91
4.690,88
4.715,88
4.720,99
4.752,95
4.111,86
3.710,79
3.680,77
3.695,71
3.872,97
4.049,104
4.757,102
6.037,84
3.765,90
3.868,102
3.941,101
4.465,103
6.087,99
5.959,98
5.324,101
4.922,94
4.819,99
4.502,100
4.111,86
4.182,61
14.694,106
12.444,117
13.790,104
3.769,26
3.808,44
3.762,56
3.737,53
3.735,46
3.760,47
3.759,41
3.759,38
3.734,43
3.709,38
3.687,37
3.761,36
3.762,36
3.710,37
3.759,43
3.709,44
3.760,48
3.735,52
3.762,56
3.761,57
3.762,54
3.762,55
3.761,51
3.736,53
3.762,59
3.687,49
3.711,52
3.808,44
3.957,49
4.230,58
4.405,67
4.356,68
4.294,76
4.118,74
3.970,74
3.860,63
3.860,64
3.836,62
3.810,59
3.811,60
3.809,50
3.912,33
13.331,101
13.245,105
13.517,111
13.274,106
13.211,109
12.893,98
12.241,97
12.241,103
12.243,110
12.615,110
13.028,107
12.911,109
12.327,106
12.217,110
12.198,105
12.179,100
12.317,110
12.720,111
13.768,118
12.504,126
12.425,125
12.425,125
12.440,129
12.428,126
12.453,126
12.440,129
12.388,122
12.392,123
12.357,127
12.413,122
12.519,117
12.306,107
13.729,108
13.596,112
13.540,117
3.808,41
3.860,58
3.823,74
3.823,82
3.769,81
3.783,84
3.778,83
3.766,86
3.771,87
3.801,88
3.766,86
3.771,87
3.788,90
3.791,86
3.771,87
3.786,85
3.764,80
3.729,78
3.734,79
3.720,72
3.738,67
3.761,56
3.785,36
12.369,117
12.316,103
12.267,103
12.149,93
12.212,91
12.270,98
12.285,101
12.352,106
12.291,103
12.250,99
12.203,94
12.199,93
12.216,97
12.234,101
12.224,93
12.193,92
12.229,100
12.191,103
12.227,106
12.259,108
12.340,116
12.404,113
12.368,110
12.326,112
12.332,114
12.300,112
12.275,112
12.206,107
12.184,108
12.242,110
12.199,105
12.209,101
12.209,101
12.205,100
12.237,102
12.237,102
12.419,117
12.386,115
12.263,109
12.220,104
12.228,106
12.245,104
12.250,99
12.245,98
12.302,106
12.359,108
12.348,105
12.463,109
12.359,108
12.302,106
12.317,110
12.373,118
12.455,120
12.479,113
12.386,115
12.890,110
13.314,110
13.242,104
12.927,113
7.306,110
7.319,113
7.138,93
7.145,90
7.184,88
7.089,84
7.288,93
7.291,106
7.341,106
7.298,108
7.260,111
7.220,107
7.223,101
7.189,99
7.055,75
7.065,79
7.125,81
7.060,78
7.026,72
7.051,72
7.101,72
7.218,66
7.081,82
7.082,92
7.027,87
7.018,85
6.967,85
7.070,90
7.132,92
7.138,93
7.092,94
12.266,97
12.268,92
12.927,100
13.247,99
13.254,107
7.067,54
12.309,101
12.243,92
12.320,98
12.384,101
12.603,113
13.233,115
13.394,105
13.515,117
12.434,121
12.521,124
12.237,96
12.271,111
12.254,113
12.531,114
17.293,101
16.997,91
13.378,114
13.274,106
13.303,107
13.246,93
13.238,75
5.177,27
5.020,34
5.094,64
5.159,88
5.133,92
5.108,92
5.160,98
5.135,98
5.153,96
5.169,100
5.160,98
5.165,99
5.160,98
5.159,88
5.240,84
5.227,91
5.206,103
5.236,104
5.197,95
5.256,97
5.239,93
5.223,86
5.236,83
5.226,81
5.236,83
5.241,79
5.231,82
5.236,83
5.215,84
5.256,82
5.246,80
5.261,83
5.236,83
5.248,86
5.211,78
5.147,69
5.105,74
5.121,80
5.186,83
5.111,78
5.128,73
5.116,79
5.134,88
5.133,92
5.150,101
5.171,107
5.140,99
5.131,103
5.119,100
5.185,104
5.152,102
5.135,104
5.127,102
5.131,103
5.138,105
5.106,97
5.164,105
5.106,97
5.169,100
5.131,103
5.128,102
5.144,100
5.156,97
5.131,103
5.127,102
5.127,102
5.131,103
5.124,101
5.150,101
5.157,97
5.209,88
5.155,74
5.192,47
12.512,87
12.496,83
12.481,80
12.735,102
13.442,111
13.682,115
13.644,105
13.698,94
13.774,100
13.808,109
13.921,106
14.199,107
14.402,108
14.256,109
17.165,107
17.159,112
17.243,108
17.248,109
17.179,104
17.132,105
17.157,105
14.973,107
5.191,38
5.143,57
5.153,73
5.126,81
5.159,88
5.090,84
5.084,88
5.115,89
5.121,90
5.103,87
5.090,89
5.090,89
5.127,91
5.109,88
5.115,89
5.144,85
5.148,86
5.100,71
5.069,62
5.041,40
17.569,81
17.551,88
17.513,100
17.504,104
5.092,50
5.124,70
5.059,77
5.098,86
5.103,87
5.098,95
5.089,93
5.089,93
5.081,97
5.043,94
5.102,96
5.071,90
5.044,85
5.094,85
5.070,67
5.093,58
12.417,123
5.143,58
5.198,86
5.197,95
5.174,101
5.131,103
5.169,100
5.181,103
5.131,103
5.169,100
5.142,106
5.178,102
5.177,102
5.181,103
5.152,102
5.152,102
5.174,101
5.177,102
5.169,100
5.152,102
5.181,103
5.156,103
5.144,100
5.169,100
5.124,101
5.131,103
5.188,105
5.106,97
5.169,100
5.102,96
5.144,100
5.149,101
5.160,104
5.144,100
5.185,104
5.144,100
5.181,103
5.174,101
5.170,100
5.149,101
5.177,102
5.160,104
5.160,104
5.124,101
5.177,102
5.171,107
5.135,104
5.188,105
5.138,105
5.181,103
5.188,105
5.135,104
5.167,106
5.157,103
5.174,101
5.160,98
5.135,98
5.169,100
5.156,103
5.174,101
5.216,112
5.160,104
5.156,103
5.199,108
5.124,101
5.174,101
5.160,98
5.156,97
5.160,98
5.147,95
5.105,74
5.169,64
5.144,85
5.177,102
5.124,101
5.177,102
5.156,97
5.122,95
5.099,101
5.119,100
5.110,98
5.111,98
5.090,99
5.152,96
5.086,83
5.103,73
5.144,54
5.194,60
5.146,67
5.145,65
5.147,69
5.183,92
9.187,91
9.180,90
9.211,96
9.217,92
9.294,77
9.303,59
9.302,48
9.282,32
9.283,24
9.355,23
9.133,19
9.155,33
9.151,50
9.203,63
9.204,67
9.200,79
9.207,86
9.269,98
9.252,94
9.243,88
9.268,88
9.281,80
9.258,70
9.279,62
9.276,45
9.250,43
9.251,37
12.149,93
12.467,123
12.465,116
9.202,58
9.233,70
9.210,81
9.180,90
9.211,96
9.211,96
9.211,91
9.207,86
9.253,85
9.224,84
9.225,79
9.242,76
9.250,79
9.250,79
9.326,79
9.315,74
9.279,66
9.279,64
9.380,67
12.431,107
17.524,103
17.254,98
17.421,96
18.479,105
18.717,91
19.153,99
18.447,103
18.300,88
18.413,95
18.646,97
18.609,100
18.235,100
18.130,105
18.135,94
18.205,93
18.384,94
18.438,95
18.226,98
18.193,96
18.205,105
18.268,102
18.301,98
18.306,99
18.265,108
12.474,93
12.462,96
12.400,89
12.371,83
12.456,107
12.450,112
12.357,95
12.345,104
12.323,105
12.387,102
12.470,98
12.388,87
12.504,100
12.491,103
12.482,114
12.417,110
12.371,111
12.359,108
12.379,100
12.278,94
12.306,107
12.291,103
12.262,102
12.262,96
12.279,100
12.341,103
12.479,113
12.469,117
12.467,110
12.531,114
16.978,110
16.826,103
16.908,105
17.075,103
17.286,106
12.486,115
12.432,114
12.273,105
12.248,105
12.271,111
12.302,106
12.391,103
12.402,106
12.490,116
12.475,112
12.445,104
12.381,107
12.323,105
12.270,104
12.262,102
12.457,114
17.340,107
16.652,103
16.548,102
16.627,103
16.617,107
16.592,107
16.511,112
16.513,106
16.577,103
16.733,105
16.980,104
17.209,99
17.027,92
16.985,89
16.966,90
16.955,98
16.913,94
16.914,100
16.936,99
16.897,96
16.905,98
16.910,99
16.934,93
16.966,90
17.147,96
17.127,92
17.284,99
17.699,110
17.780,105
17.763,107
17.773,103
17.798,97
17.817,101
17.816,101
17.852,98
18.148,110
18.197,103
18.201,98
12.358,86
12.394,88
12.399,93
12.418,92
12.466,103
12.363,109
12.345,104
12.350,99
18.614,101
18.932,94
19.031,94
19.684,95
19.397,104
18.680,99
18.746,97
12.304,62
12.326,79
12.275,89
12.202,37
17.291,114
17.271,96
17.103,88
17.025,82
17.006,78
17.070,81
17.109,89
9.330,34
21.069,98
9.306,33
12.293,76
12.275,84
12.329,63
9.303,55
9.281,80
9.282,95
9.269,98
9.265,97
9.313,87
9.306,80
9.262,87
9.256,95
9.284,101
9.252,94
9.270,83
9.254,63
9.229,23
18.438,95
9.252,53
9.205,68
9.184,71
9.214,74
9.156,69
9.203,63
9.150,44
9.282,24
18.162,80
18.222,97
9.347,21
19.675,93
9.227,56
9.278,55
9.234,71
9.215,75
9.203,66
9.254,67
9.260,81
9.255,90
9.248,93
9.269,98
9.284,101
9.231,95
9.243,88
9.224,89
9.252,94
9.242,92
9.236,91
5.321,90
5.396,95
5.309,88
5.246,90
5.246,90
5.239,93
5.277,96
5.274,101
5.247,95
5.243,94
5.237,83
5.261,78
5.253,73
5.220,67
5.191,40
9.326,45
17.040,107
17.051,110
9.327,49
9.304,62
5.407,76
5.492,94
5.534,104
5.539,112
5.525,115
5.568,113
5.525,115
5.498,108
5.514,99
5.427,87
5.415,79
5.368,63
5.350,27
5.275,28
5.366,37
5.143,36
5.168,50
5.245,67
5.230,74
5.276,81
5.321,90
5.322,95
5.359,98
5.368,100
5.393,100
5.376,102
5.373,101
5.426,102
5.401,102
5.364,99
5.392,94
5.286,83
5.258,76
5.271,80
5.271,80
5.278,87
5.277,91
5.260,98
5.277,96
5.265,99
5.260,98
5.265,99
5.281,97
5.272,95
5.277,91
5.387,105
5.387,105
5.456,110
5.452,109
9.261,91
9.313,73
9.357,31
21.429,90
21.368,77
21.494,78
9.103,23
9.099,39
9.151,49
9.253,66
9.233,70
9.264,74
9.212,73
9.270,78
9.265,75
9.239,74
9.240,82
9.250,79
9.230,80
9.261,91
9.224,84
9.255,80
9.240,82
9.267,76
9.239,74
9.233,70
9.267,76
9.261,72
9.253,63
9.225,45
9.225,45
9.201,50
9.124,44
9.106,30
9.301,41
9.302,50
9.352,52
9.329,62
9.379,62
9.379,62
9.405,60
9.430,65
9.455,62
9.430,64
9.455,66
9.379,63
9.354,65
9.304,60
9.304,64
9.304,60
9.253,66
9.228,65
9.209,71
9.230,68
9.212,72
9.215,75
9.168,77
9.164,74
9.186,72
9.203,63
9.279,65
9.502,42
9.453,49
9.455,66
9.414,73
9.412,81
9.422,78
9.445,77
9.460,70
9.543,75
9.527,84
9.551,93
9.500,93
9.421,98
9.405,100
9.463,96
9.504,94
9.509,86
9.502,79
9.505,65
19.713,96
9.326,40
9.495,88
9.551,93
9.580,53
9.530,36
9.452,42
9.542,74
9.435,70
9.422,78
9.383,30
9.283,30
9.228,60
9.409,86
9.351,79
9.405,58
17.441,95
17.262,94
17.084,89
16.947,91
16.876,97
16.910,99
16.520,101
16.427,103
16.402,103
16.503,110
16.741,107
16.573,102
16.453,110
16.472,115
16.420,108
16.681,104
17.788,107
17.713,90
17.768,81
17.840,86
17.670,87
17.560,94
17.552,98
17.500,103
17.396,96
17.329,104
17.082,105
16.772,102
16.891,107
16.952,110
17.118,101
16.129,103
16.108,98
16.667,107
16.998,109
17.029,104
16.983,105
16.697,102
16.511,99
16.552,103
16.855,104
17.032,105
17.029,104
17.002,110
16.706,111
16.208,104
16.025,96
12.865,110
12.798,112
12.807,108
12.817,117
12.750,106
17.400,97
17.479,104
17.488,100
17.707,99
17.738,107
17.707,112
17.669,96
17.673,103
17.677,104
17.678,111
17.673,103
17.648,97
17.598,97
17.635,94
17.660,94
17.540,86
17.641,101
17.798,103
17.989,114
16.325,87
16.319,95
16.359,105
16.384,105
16.456,104
16.509,105
16.488,106
16.495,101
16.523,102
16.460,93
18.144,87
18.077,83
18.064,86
18.080,93
18.081,99
18.091,101
16.577,97
16.527,103
18.047,103
17.886,100
18.005,105
17.321,102
16.726,103
16.434,105
16.365,100
16.527,103
16.283,104
9.306,68
9.426,89
9.370,98
9.337,102
9.269,98
9.261,102
9.291,103
9.275,99
9.309,101
9.256,95
9.252,94
9.242,92
9.303,94
9.199,89
9.261,96
9.256,95
9.243,88
9.270,78
9.256,69
9.220,78
9.253,85
9.232,86
9.260,81
9.178,65
9.405,65
9.338,87
9.261,102
9.261,102
9.293,92
9.310,71
9.200,45
9.556,65
9.539,91
9.514,87
9.476,84
9.477,79
9.454,54
9.545,76
9.487,81
9.467,82
9.404,94
9.363,87
9.350,89
9.433,95
9.435,101
9.463,102
9.439,87
9.445,88
9.432,80
9.413,72
9.419,76
9.447,83
9.496,104
9.485,101
9.453,106
9.459,86
9.522,78
9.487,81
9.460,101
9.451,89
9.455,61
9.430,85
9.438,102
9.391,103
9.375,99
9.408,95
9.332,95
9.316,97
9.375,99
9.401,84
9.419,76
9.412,81
9.382,69
9.230,68
9.381,80
9.310,71
9.340,74
9.374,93
9.379,100
9.329,100
9.325,99
9.504,94
9.442,103
9.349,93
9.334,101
9.323,105
9.279,100
9.240,103
9.186,91
9.240,82
9.228,64
16.304,103
16.574,109
16.467,107
16.267,113
16.409,105
16.279,103
16.434,105
15.873,108
15.668,100
15.433,92
15.421,90
15.390,99
15.277,102
15.274,108
15.274,108
15.263,105
15.299,101
15.296,107
15.346,107
15.374,101
15.668,100
15.662,105
15.360,104
15.281,97
15.655,97
15.526,102
15.600,115
13.124,132
13.072,99
13.152,120
13.166,117
13.283,128
13.291,130
13.275,126
13.183,115
13.264,123
13.170,118
12.950,119
15.612,105
15.523,108
15.660,111
15.941,106
15.937,105
15.976,102
16.009,104
16.151,109
16.449,109
16.717,114
16.848,109
16.251,109
16.105,110
16.033,104
15.976,102
13.026,113
13.033,115
13.045,118
13.005,114
13.000,119
13.045,118
13.072,112
12.984,115
17.143,108
15.660,111
15.564,112
15.552,109
15.595,107
15.643,113
15.643,113
15.900,115
17.707,112
16.061,105
16.045,95
17.652,98
17.685,94
17.694,96
17.698,97
17.777,98
17.816,101
17.852,104
16.567,107
17.221,102
17.014,100
17.101,110
17.254,98
17.196,96
16.701,97
17.397,87
17.167,86
16.910,99
17.065,90
15.876,102
16.258,104
16.283,104
16.179,97
16.359,105
16.461,99
16.361,99
16.254,97
16.251,109
16.233,104
16.236,105
16.377,103
16.328,97
15.588,93
15.494,100
15.465,99
15.397,95
15.413,105
15.442,106
15.427,102
15.410,98
15.399,101
15.435,104
15.449,101
15.465,99
15.510,104
15.494,100
15.481,103
15.410,98
15.347,95
15.369,100
15.392,106
15.415,112
15.380,116
15.453,109
15.552,109
15.891,106
15.452,102
15.396,107
15.399,101
16.233,104
16.305,110
16.484,105
16.602,103
16.470,108
16.540,100
17.200,103
13.200,126
13.214,123
15.627,109
15.771,114
15.656,110
15.750,115
15.513,105
15.702,109
16.941,107
16.265,119
16.186,118
13.120,118
13.087,116
13.110,122
15.676,96
15.507,110
13.202,120
13.199,119
12.911,109
13.076,113
15.541,119
17.002,110
17.015,107
17.104,104
17.284,99
17.113,100
15.438,105
15.205,116
15.058,110
14.967,99
14.963,111
15.005,109
15.025,101
15.140,112
15.217,119
15.217,119
15.211,111
17.440,107
17.493,108
17.539,107
14.996,113
15.096,120
15.100,121
15.145,120
15.089,118
15.100,121
15.137,124
15.133,123
15.182,123
17.554,111
17.546,109
17.451,110
17.307,105
17.175,103
17.075,103
17.086,106
17.071,102
17.082,105
16.969,101
17.010,99
16.869,101
16.760,99
16.797,102
16.797,96
17.293,108
17.509,99
17.644,102
17.509,99
15.693,113
15.571,114
15.591,119
13.187,129
13.183,128
13.019,111
12.915,110
13.000,106
13.002,113
13.052,120
13.126,113
13.175,126
13.179,127
13.045,118
15.843,100
15.998,101
16.944,108
13.133,115
13.091,117
12.988,116
12.923,112
12.882,108
12.854,107
12.910,102
13.045,118
13.085,122
13.075,126
13.003,120
12.873,125
12.807,121
12.777,113
12.665,110
9.640,122
9.604,132
9.514,122
9.269,98
9.287,96
9.236,96
9.275,99
9.249,84
9.262,87
9.363,109
9.604,132
9.329,100
12.627,113
12.603,113
9.600,118
9.609,133
9.506,120
9.396,111
9.381,90
9.332,95
9.320,98
9.303,94
9.306,90
9.357,95
9.362,96
9.496,104
9.514,122
9.429,126
9.296,111
9.231,95
9.205,90
9.327,106
9.418,123
12.545,111
12.553,113
12.568,117
12.646,118
12.692,117
12.502,119
12.382,114
12.667,117
12.700,119
12.771,118
12.759,115
12.727,113
12.607,108
12.623,112
12.607,101
12.657,108
12.707,108
12.655,114
12.490,116
12.386,115
12.455,120
12.379,113
12.306,107
12.290,116
12.282,114
12.275,112
12.302,106
12.387,102
12.477,119
12.773,112
12.480,120
12.541,123
12.521,124
12.502,119
12.455,120
12.463,122
12.448,118
12.452,119
12.486,115
12.361,115
12.402,119
12.404,113
12.406,107
12.373,105
12.334,108
12.359,108
12.377,119
12.479,113
12.528,113
12.338,109
12.325,99
12.262,102
12.263,109
12.302,106
12.288,109
12.337,102
12.454,113
12.517,123
12.585,115
12.782,121
12.857,121
12.869,124
15.868,113
15.860,111
15.960,111
12.541,123
12.390,116
12.267,110
12.256,107
12.295,98
12.323,105
12.467,123
12.317,110
12.234,108
12.302,106
12.296,111
12.281,107
12.337,102
12.639,129
12.614,129
12.521,124
12.271,111
12.259,108
12.241,103
12.406,90
12.145,104
12.109,108
12.107,95
12.126,79
12.256,107
12.317,110
12.288,109
12.801,94
13.028,107
12.952,113
12.873,112
12.827,113
12.857,108
12.806,86
12.589,97
12.150,84
12.133,86
12.564,97
12.685,102
12.843,104
12.735,102
12.757,108
12.746,105
12.761,109
12.768,98
12.651,94
12.079,100
12.070,104
12.066,103
12.052,106
12.048,105
12.146,111
12.694,111
12.868,104
12.174,93
12.148,105
12.152,106
12.421,111
12.569,104
12.334,101
12.203,94
12.402,106
12.125,99
12.187,102
12.124,93
12.166,103
12.195,104
12.263,109
12.429,113
12.241,103
12.279,113
12.363,109
12.267,110
12.284,108
12.344,117
12.250,99
12.323,118
15.816,119
12.661,109
12.611,109
12.911,122
12.819,124
13.072,125
12.973,125
15.752,109
13.019,124
13.102,120
12.877,113
13.058,115
13.116,130
12.852,113
12.818,104
13.158,128
16.342,113
16.290,106
16.332,104
16.267,100
16.267,100
16.328,97
16.511,112
16.515,100
16.439,94
16.438,106
17.252,76
16.664,94
16.585,93
16.423,102
16.751,97
16.167,100
15.530,103
16.087,93
16.324,102
16.233,104
16.502,97
16.263,99
16.213,112
16.213,99
16.581,104
16.581,104
16.615,100
16.610,93
16.465,100
16.465,100
16.442,90
16.701,97
16.665,100
16.659,105
16.567,107
16.855,98
16.685,99
16.697,96
16.689,100
16.751,103
16.922,91
16.960,89
17.359,89
17.371,91
17.077,92
17.140,90
17.050,97
17.014,100
17.033,93
17.317,86
17.347,87
17.133,93
16.976,103
16.976,103
17.008,105
17.128,88
17.277,92
16.837,106
16.930,98
16.947,102
16.236,105
16.040,106
15.973,101
16.486,99
17.275,103
16.577,103
16.281,88
16.552,103
16.797,102
16.910,89
16.764,100
17.014,100
16.683,118
16.513,106
16.431,104
16.495,108
12.671,118
12.677,113
12.623,112
16.346,108
16.340,94
16.589,94
16.984,93
17.594,96
17.641,108
17.761,113
17.673,103
17.684,106
17.680,105
17.673,103
17.661,100
17.673,97
17.627,98
17.611,100
17.627,104
12.754,107
12.759,115
12.771,118
12.742,117
12.727,113
12.585,102
12.568,98
12.525,99
12.523,105
12.528,100
12.562,109
12.549,112
12.537,109
12.553,113
12.555,107
12.664,103
12.842,117
12.761,122
12.765,110
12.757,108
12.654,107
12.734,115
12.646,105
12.619,111
12.646,105
12.750,119
12.636,109
12.593,117
12.615,110
12.629,107
12.734,128
12.556,114
12.661,109
12.583,121
12.492,110
12.498,105
12.434,108
12.482,114
12.475,112
12.506,107
12.432,114
12.434,101
12.407,95
12.417,110
12.227,106
12.209,108
12.332,114
12.212,96
12.125,84
12.156,80
12.262,102
12.498,105
12.123,105
12.216,97
12.319,88
12.615,110
12.099,93
12.003,106
12.127,106
15.614,112
12.367,110
12.259,108
12.231,107
12.323,105
12.400,112
12.370,104
12.166,103
12.166,103
12.352,119
12.291,103
15.365,112
15.485,104
15.452,96
15.435,104
15.397,95
15.343,94
14.933,103
14.717,112
14.651,108
14.449,107
15.117,106
14.343,99
14.452,108
14.477,108
14.484,103
14.309,97
14.659,110
14.156,109
14.175,114
14.084,103
14.059,103
14.218,112
14.125,114
14.156,109
14.349,107
14.147,113
14.241,105
14.817,112
15.451,115
14.833,97
14.859,110
14.898,107
14.921,113
14.944,106
14.921,113
14.874,114
14.853,115
14.909,110
14.936,117
14.980,109
15.004,102
15.025,108
15.037,111
15.033,110
14.992,112
15.017,112
14.982,116
14.873,107
14.909,110
14.863,111
14.849,114
14.863,111
14.934,110
14.944,106
14.898,107
14.963,111
15.249,108
13.642,124
13.478,114
13.386,116
13.400,113
13.400,113
13.586,116
13.534,109
13.484,109
13.559,109
13.671,112
13.448,106
13.463,110
13.491,104
13.525,100
13.483,91
19.531,85
19.534,95
19.514,96
19.483,107
19.301,105
14.475,114
14.472,113
14.406,109
14.127,108
14.070,106
13.978,101
13.969,112
13.994,112
13.953,108
14.118,112
14.592,112
14.592,112
14.524,114
14.449,107
14.424,107
14.405,102
14.502,108
14.491,105
14.405,102
14.399,107
14.514,111
14.508,116
14.586,117
18.799,98
18.996,110
15.131,103
14.698,107
14.823,107
14.709,110
14.712,104
14.787,104
14.934,110
14.969,106
15.099,108
15.068,94
15.172,114
14.354,115
14.137,117
14.093,112
14.243,112
14.147,113
14.135,110
14.213,104
14.418,112
14.277,108
14.427,108
14.590,118
14.462,117
14.640,105
14.430,102
14.742,112
14.936,117
15.036,104
14.216,105
14.150,114
14.118,112
14.114,111
14.210,110
14.341,118
19.440,109
13.948,100
14.248,120
14.218,112
14.241,105
14.687,104
14.164,111
14.179,115
14.147,113
14.068,112
14.022,113
14.043,112
14.007,109
14.089,111
14.093,112
14.091,105
14.406,109
15.199,108
15.135,98
15.182,110
15.199,108
15.177,96
15.246,107
15.447,95
15.159,117
15.397,114
15.472,114
14.439,111
14.463,98
14.854,102
15.240,112
15.432,110
14.733,103
15.170,120
15.197,114
15.294,113
15.269,113
15.322,114
15.276,115
15.338,118
15.276,115
15.265,112
15.272,114
15.242,119
15.226,115
15.257,110
15.201,115
15.226,115
15.253,109
15.259,117
15.330,116
15.319,113
15.303,109
15.396,107
15.440,99
15.474,101
15.415,112
15.122,114
14.624,114
12.915,123
12.938,116
12.884,115
12.840,110
12.807,108
12.815,110
12.832,108
12.832,108
12.909,115
13.052,120
13.074,132
13.045,118
14.524,114
14.422,113
14.464,111
14.431,109
14.472,113
14.483,116
14.538,111
14.621,113
14.678,115
15.320,120
15.517,119
15.463,118
15.386,111
15.303,109
15.257,110
15.301,115
15.315,112
15.369,113
15.511,111
15.478,109
15.440,99
15.431,103
15.474,108
15.523,101
12.494,130
12.279,113
15.488,105
12.367,110
12.502,119
12.431,107
12.379,100
12.356,107
12.371,111
12.423,105
12.467,110
12.445,104
12.403,94
12.334,101
12.284,101
12.259,108
12.223,105
12.250,99
12.325,99
12.295,104
12.295,104
12.275,112
12.263,109
12.246,111
12.250,112
12.217,110
12.282,114
12.200,112
12.221,111
12.238,109
12.386,115
12.932,121
13.011,122
13.007,121
12.934,115
13.013,116
13.033,115
13.081,121
13.145,118
12.827,113
13.049,119
13.002,113
12.852,113
12.861,109
12.961,122
13.114,123
13.007,108
15.648,108
15.785,111
15.823,108
15.573,108
15.492,106
13.017,130
13.149,132
13.085,122
17.637,120
15.546,114
15.505,116
15.583,117
15.762,118
17.038,113
17.195,115
17.313,113
17.359,112
17.388,113
17.390,107
17.401,110
17.434,112
17.447,109
17.668,115
17.527,117
15.791,119
15.531,110
15.446,107
15.729,116
13.114,123
13.150,126
15.418,94
15.492,106
15.515,112
15.534,104
15.526,102
15.456,103
15.371,107
15.349,108
15.506,103
15.499,101
15.399,101
15.446,107
15.571,114
15.548,121
15.447,114
15.327,102
15.252,102
15.276,115
15.472,114
15.199,108
15.426,115
15.436,111
15.449,121
15.149,101
15.163,105
15.365,112
14.277,108
14.256,109
15.156,75
15.118,94
14.395,50
14.296,58
14.259,82
14.243,99
14.201,86
14.224,90
14.213,98
14.127,101
14.093,99
14.147,100
14.313,98
14.863,111
15.099,108
15.146,107
15.128,109
15.075,108
15.103,109
15.157,110
15.111,111
14.755,109
14.213,98
14.113,98
14.113,98
14.109,97
14.184,103
14.156,109
14.284,103
14.762,104
14.213,98
14.188,104
14.191,105
14.322,113
14.555,109
14.306,109
14.322,113
14.285,110
14.284,103
14.234,103
14.252,108
14.224,107
14.241,105
14.295,106
14.260,110
14.302,108
14.295,106
14.288,104
14.310,110
14.310,110
14.252,108
14.338,104
14.352,108
14.364,111
14.452,101
14.608,97
14.608,97
14.940,118
15.321,107
15.007,116
14.873,107
15.344,100
15.281,103
15.131,103
14.464,111
14.233,116
14.247,113
14.504,115
14.871,113
14.237,117
14.114,111
14.093,112
14.114,111
14.110,110
14.160,110
14.316,105
15.178,109
15.203,109
15.096,107
14.563,111
14.391,105
14.238,104
14.149,107
14.180,102
14.106,109
14.099,107
14.091,105
14.091,105
14.189,111
14.324,107
14.452,108
14.291,105
14.149,107
14.339,111
14.510,110
14.965,105
14.180,102
14.110,110
14.189,111
14.250,114
14.122,113
14.064,111
14.127,108
14.306,109
14.425,114
14.514,111
14.500,114
14.474,107
14.549,114
14.464,111
14.277,108
14.074,107
14.060,110
14.139,111
15.124,101
15.215,99
15.334,117
14.441,118
14.260,110
14.266,118
14.189,111
14.214,111
14.809,110
15.371,107
15.338,105
15.263,105
15.199,108
15.232,110
15.203,109
15.274,108
15.222,114
14.861,117
14.475,114
14.374,107
14.263,104
14.249,107
14.280,102
14.327,108
14.425,114
14.628,115
15.484,117
15.349,108
15.091,112
14.435,110
14.368,112
14.420,106
14.391,105
14.402,108
14.414,111
14.460,110
14.509,103
14.844,106
15.001,108
14.974,114
14.767,112
14.823,107
14.844,106
15.140,112
15.130,116
14.857,116
14.648,107
14.458,116
14.435,110
14.391,105
14.540,105
14.506,109
14.352,108
14.388,104
14.563,111
14.824,114
15.019,126
15.052,115
15.219,113
14.948,107
14.869,119
14.603,115
14.349,107
14.149,107
14.170,106
14.227,108
14.224,107
14.195,106
14.138,104
14.180,102
14.349,107
13.994,99
14.068,112
18.122,103
15.003,115
15.017,112
15.045,113
15.085,117
15.033,110
14.979,102
15.085,117
15.011,117
14.951,121
14.842,99
14.823,107
14.804,102
14.862,104
14.837,104
14.871,100
14.921,100
14.954,102
14.948,107
14.937,104
14.901,101
14.898,107
14.865,105
14.851,101
14.946,113
17.588,107
17.695,109
17.436,106
17.325,103
17.297,109
17.175,103
17.286,119
19.000,111
17.201,110
17.130,111
17.188,113
17.168,101
17.175,103
17.218,101
17.504,98
18.094,109
18.533,94
17.520,102
17.393,101
17.259,99
17.309,99
17.343,101
17.263,100
17.293,101
17.397,109
17.326,110
17.329,104
17.297,109
17.318,101
17.268,101
16.955,104
16.956,111
17.015,107
17.097,109
17.159,112
17.205,111
17.190,107
17.268,108
17.193,108
17.193,108
17.079,104
17.025,103
16.966,107
16.901,103
16.873,109
16.880,104
16.894,108
16.880,104
16.905,98
17.175,97
17.202,92
17.379,104
17.388,100
17.363,113
17.393,108
17.584,106
17.282,105
17.390,107
17.370,115
19.375,105
19.228,99
19.194,97
19.198,98
17.213,113
17.055,111
17.034,99
17.140,107
17.172,109
17.268,108
18.237,107
18.190,108
17.184,112
17.091,114
17.082,105
17.032,105
17.163,113
16.966,107
19.593,103
17.078,117
16.950,116
16.819,108
16.827,110
14.638,124
14.590,118
14.521,113
14.493,112
14.573,107
14.523,107
14.485,110
14.569,106
14.460,110
14.449,107
14.530,109
14.565,105
14.596,113
19.232,113
14.601,108
18.655,99
6.288,51
6.305,77
6.265,85
6.215,64
6.291,23
6.289,57
6.305,77
6.282,83
6.240,85
6.279,92
6.261,89
6.253,97
6.296,101
6.271,101
6.241,100
6.266,100
6.265,94
6.289,94
6.253,97
6.255,92
6.218,90
6.240,94
6.286,89
6.273,91
6.240,94
6.240,94
6.271,101
6.310,105
6.307,104
6.266,100
6.266,100
6.282,98
6.289,94
6.323,96
6.298,96
6.344,95
6.323,91
6.363,79
6.341,67
6.371,70
6.296,71
6.345,86
6.344,95
6.349,96
6.298,96
6.304,92
6.289,94
6.299,87
6.280,77
6.295,70
6.305,77
6.327,82
6.290,85
6.330,88
6.305,88
6.292,90
6.323,96
6.318,95
6.302,97
6.369,95
6.299,87
6.292,90
6.307,83
6.282,83
6.336,84
6.315,85
6.277,82
6.286,84
6.252,82
6.290,85
6.274,87
6.269,86
6.299,87
6.305,88
6.267,90
6.279,92
6.261,93
6.293,95
6.311,99
6.265,94
6.261,93
6.285,93
6.249,87
6.244,86
6.282,83
6.212,84
6.249,87
6.237,89
6.279,92
6.262,79
6.290,60
6.262,38
17.147,109
17.180,111
17.234,112
19.045,110
18.450,117
19.323,104
17.205,111
19.231,94
19.244,97
19.109,90
19.077,93
19.103,89
19.197,88
19.144,97
19.023,104
19.030,106
18.949,98
18.963,108
17.257,105
17.332,105
17.357,105
17.225,103
17.236,106
17.271,102
17.300,103
17.082,105
17.075,103
17.368,101
17.594,96
17.479,104
17.723,103
18.759,100
17.255,111
17.129,104
17.111,106
17.082,105
17.165,107
18.591,115
18.603,105
17.179,104
16.964,100
16.917,114
16.900,116
16.894,108
16.748,109
16.656,104
16.683,105
16.714,100
16.876,103
17.146,102
17.001,103
16.905,104
16.855,104
16.797,102
16.764,100
16.760,99
16.885,99
16.905,98
17.075,103
16.983,105
16.848,109
16.862,106
17.096,96
17.304,104
18.009,106
17.375,103
17.347,109
17.556,105
17.184,112
17.165,107
6.346,25
6.240,63
6.232,78
6.220,86
6.236,93
6.224,91
6.212,89
6.240,85
6.232,83
6.232,83
6.217,80
6.201,74
6.190,66
6.113,39
16.411,112
16.428,110
16.428,110
16.449,109
16.486,112
16.453,110
16.407,111
16.413,106
16.607,111
5.979,20
6.139,46
6.240,63
6.223,72
6.277,82
6.272,81
6.277,82
6.242,80
6.252,75
6.243,69
6.249,73
6.229,76
6.204,76
6.203,82
6.236,84
6.178,82
6.191,85
6.183,83
6.173,81
6.240,85
6.173,81
6.232,83
6.222,81
6.212,79
6.217,80
6.255,88
6.236,84
6.206,88
6.243,90
6.265,94
6.193,90
6.224,91
6.236,93
6.262,99
6.282,104
6.266,100
6.282,104
6.257,104
6.228,103
6.232,104
6.257,104
6.235,105
6.257,98
6.200,87
6.230,77
6.237,79
6.207,78
6.277,82
6.267,90
6.237,89
6.267,90
6.286,84
6.251,74
6.248,72
6.292,68
6.264,53
6.238,49
6.118,32
6.118,33
6.146,29
6.241,34
6.287,42
6.338,48
6.240,64
6.249,73
6.200,87
6.261,93
6.240,94
6.218,90
6.218,90
6.249,87
6.212,79
6.232,83
6.207,78
6.146,70
6.116,60
6.147,71
6.080,76
5.959,83
5.884,83
5.838,89
5.819,90
5.813,89
5.831,92
5.845,95
5.838,99
5.847,108
5.829,103
5.842,100
5.854,97
5.819,90
5.849,81
5.872,70
5.865,47
17.146,91
17.401,110
17.366,114
17.384,99
17.291,95
5.743,34
5.742,61
5.757,77
5.775,91
5.766,94
5.741,94
5.794,90
5.776,87
5.819,90
5.769,90
5.813,89
5.825,91
5.809,83
5.831,76
5.751,73
5.706,76
5.728,74
5.692,66
5.666,50
18.832,94
18.797,92
18.811,95
18.822,92
18.787,86
5.620,17
5.715,47
5.716,54
5.741,56
5.742,64
5.742,60
5.765,50
5.715,49
5.841,36
5.890,50
5.841,57
5.892,63
5.881,76
5.853,74
5.851,73
5.839,79
5.892,85
5.829,82
5.854,82
5.804,82
5.859,83
5.817,85
5.856,92
5.809,83
5.796,86
5.813,84
5.809,83
5.846,86
5.842,85
5.846,86
5.863,84
5.859,83
5.854,75
5.854,75
5.892,63
5.839,43
17.505,111
17.484,112
17.372,109
17.204,104
17.154,104
17.211,106
17.350,103
17.418,101
17.059,99
16.852,110
16.831,111
16.876,103
17.111,106
17.479,104
17.143,101
17.163,100
16.910,99
16.869,101
16.855,98
16.805,98
17.029,98
17.265,107
17.301,110
17.293,108
16.772,102
16.726,103
16.705,98
16.661,99
16.719,101
17.225,103
17.371,102
17.234,99
17.059,99
16.919,101
16.973,109
17.079,104
16.987,106
16.994,101
17.018,101
16.947,96
16.869,101
17.018,101
17.075,103
18.331,84
18.485,100
16.966,80
17.120,81
18.072,97
17.015,107
16.944,101
16.880,98
16.985,99
16.997,102
16.905,104
16.891,107
16.985,99
18.318,96
18.210,100
17.948,97
16.897,96
16.814,100
16.801,97
16.810,99
16.819,101
16.797,96
16.814,100
16.814,100
16.822,91
16.851,97
16.830,104
16.851,97
16.830,98
16.810,89
16.898,73
16.845,71
16.823,87
16.867,95
16.851,97
16.872,96
16.898,87
16.906,78
16.909,93
16.892,95
16.941,90
17.001,97
17.034,99
17.038,100
16.972,102
16.869,101
16.841,107
16.852,110
16.923,109
16.994,108
16.917,114
18.530,99
18.484,94
18.497,97
18.499,92
18.579,93
18.721,97
18.807,94
18.807,94
18.791,91
18.804,89
18.810,80
18.848,77
18.820,82
18.705,89
18.680,99
18.489,86
18.456,89
18.452,78
18.584,65
18.585,67
18.543,87
18.567,102
18.575,104
17.043,108
17.016,114
17.026,110
16.994,108
17.015,107
16.919,101
16.926,103
16.833,105
16.822,102
16.891,107
16.894,108
16.937,106
16.894,108
16.534,105
16.523,102
16.461,99
16.442,107
16.438,106
16.442,107
16.415,100
16.434,105
16.456,104
16.459,105
16.553,110
16.503,110
16.453,110
16.395,108
16.434,105
16.701,103
16.640,113
16.453,110
16.457,111
16.453,110
16.540,113
16.656,104
17.200,103
17.190,107
17.257,105
17.315,107
17.247,109
17.301,110
17.355,111
17.313,113
17.226,110
17.193,108
17.195,115
17.075,97
17.079,98
17.136,106
17.196,102
17.213,100
17.254,104
17.246,96
17.079,98
17.025,103
16.983,105
17.046,96
17.537,113
18.031,112
17.363,113
17.313,113
17.162,94
17.316,95
18.060,100
18.365,108
18.933,100
19.236,86
19.057,100
19.099,83
19.011,86
19.127,93
18.828,93
18.878,93
18.714,101
18.742,96
18.709,100
18.700,98
18.692,102
18.728,105
18.730,99
18.754,93
18.747,76
18.808,85
18.872,92
18.810,80
18.791,91
18.798,88
18.835,80
18.742,73
18.626,83
18.617,96
18.579,93
18.617,102
18.717,96
18.789,101
18.796,103
18.662,95
18.687,95
18.742,96
18.705,99
18.661,90
18.633,94
18.579,93
18.583,94
18.542,96
18.505,93
18.539,101
18.659,100
18.792,102
18.655,99
18.684,100
18.857,94
18.755,99
18.891,91
18.870,97
18.829,89
18.696,97
18.785,90
18.682,106
16.847,102
16.885,99
16.942,95
17.143,108
17.186,106
17.115,107
17.025,103
16.922,102
16.883,105
16.864,100
17.026,110
17.036,106
18.905,79
19.112,29
16.990,67
16.972,91
17.006,78
17.030,78
17.188,100
17.079,104
17.263,100
18.326,98
17.082,105
17.117,86
17.141,95
18.584,100
17.010,99
17.051,110
18.554,93
18.561,80
18.633,57

18.733,63
18.680,84
18.722,76
18.707,57









18.680,44
18.609,60
18.632,51
19.378,45
19.405,36
19.455,56
19.429,49
19.429,51
19.503,45
19.453,45
19.430,36
19.453,44
19.478,43
19.325,21
19.429,46
19.428,45
19.479,50
19.454,49
19.440,73
19.430,53
19.331,56
19.266,73
19.380,58
19.852,40
19.727,39
19.804,56
19.829,59
19.779,59
19.830,63




13.051,63
13.034,96
13.096,93
13.137,74
13.042,98
13.079,114
13.067,104
13.031,108
13.056,108
13.022,93
12.950,52
12.901,56

12.924,40

12.403,53
12.400,89
12.403,94
12.375,99
12.387,96
12.393,92
12.261,27







19.553,43
19.530,59
19.509,31
19.637,28
19.532,23
19.379,37
19.378,44
19.379,47
19.380,54
19.431,63
19.414,72
19.407,67
19.381,65
19.332,61
19.332,65
19.335,69
19.337,70
19.333,67
19.282,61
19.255,48
19.280,47
19.330,46
19.329,45
19.383,33
19.403,39
19.408,33
19.403,39
19.353,45
19.354,51
19.304,45
19.305,49
19.304,42
19.305,49
19.330,48
19.354,48
19.354,51
19.331,54
19.331,59
19.330,47
19.329,45
19.329,43
19.330,46
19.330,47
19.010,14

19.927,48

20.075,44
20.077,58






18.833,61
18.616,81
18.581,79
18.593,73
18.516,81
18.517,91
18.494,87
18.497,97
18.488,95
18.537,95
18.542,96
18.500,88
18.499,92
18.465,101
18.483,106
18.532,106
18.539,101
18.608,94
18.514,101
18.447,103
18.447,97
18.438,95
18.474,92
18.432,79
18.339,86
18.247,97
18.305,93
18.335,85
18.362,90
19.943,76
19.306,58
19.581,60
19.906,13
20.092,76
19.888,72
19.965,74
19.993,76
19.956,80
19.653,79
19.940,74
19.922,78
18.077,83
18.184,94
19.598,83
20.560,81
19.697,83
20.562,73
20.292,76
19.996,78
18.194,73
18.335,62
19.523,83
20.087,73
20.053,85
18.832,94
18.679,93
18.362,90
18.567,91
18.807,94
18.924,98
21.672,93
19.252,93
18.910,90
18.972,92
19.103,99
19.044,97
18.555,99
18.642,96
19.336,86
19.162,101
19.665,87
19.488,81
19.204,79
19.157,85
19.331,94
18.860,90
18.979,89
19.206,94
19.376,93
19.202,93
18.797,92
18.748,92
18.680,84
18.680,89
18.674,88
18.711,90
18.866,91
18.882,94
19.296,92
18.995,97
18.480,93
18.418,91
18.642,91
18.567,91
19.889,73
20.193,77
20.150,79
20.193,77
20.081,69
19.257,63
19.488,81
19.241,73
19.658,80
19.648,78
19.758,69
19.648,78
19.872,78
19.164,81
19.228,84
19.208,67
19.540,73
20.128,65
19.954,66
18.905,41
19.088,71
19.147,77
19.228,84
19.269,75
19.637,71
19.645,76
19.583,68
19.778,47
19.957,69
19.639,72
19.929,65
19.852,79
19.648,83
19.348,83
19.955,67
19.304,79
19.257,63
19.232,61
19.305,50

19.934,25
19.927,51
19.903,46

20.076,51
















19.158,23
19.305,52
19.355,59
19.379,46
19.355,58
19.255,52
19.381,66
19.405,56
19.329,39
19.431,35

19.232,61
19.257,65
19.330,47
19.404,46
19.407,34
19.305,47
19.393,20

19.429,46
19.429,49
12.453,63
12.493,77
12.457,95
12.504,100
12.544,104
12.551,106
12.530,107
12.502,106
12.544,104
12.533,101
12.540,103
12.573,99
12.525,79
12.552,85
12.533,101
12.536,102
12.528,100
12.544,98
12.591,92
12.589,82
12.617,77
12.564,75
12.602,66
12.551,54
12.602,65
19.139,81
19.091,73
19.562,71
19.461,70
19.573,83
19.283,67
19.281,54
19.454,52
19.380,57
19.404,46
19.655,56
19.578,42
19.480,56
19.356,61
19.405,54
19.187,70
19.247,77
19.313,71
19.287,70
19.332,62
19.330,51
19.354,47
19.430,54
19.459,69
19.382,67
19.387,71
19.617,74
19.731,67
20.186,72
20.224,84
18.001,77
19.583,80
19.782,68
19.910,70
20.277,55
18.246,74
20.845,78
19.131,94
20.139,74
19.427,84
19.965,74
19.742,75
19.819,76
20.278,66
20.817,76
20.786,72
21.529,68
21.554,68
21.507,70
21.508,71
21.578,67
21.008,70
20.909,71
19.509,69
20.274,84
19.988,73
19.987,72
19.732,68
19.943,76
20.142,76
20.077,59
19.571,77
19.553,79
19.508,80
19.537,71
19.530,55
19.631,66
19.505,55
19.505,54
19.677,42
19.702,39
19.628,40
19.677,44
19.578,44
19.528,43
19.656,66
19.630,58
19.540,73
19.581,63
19.567,74
19.498,83
19.348,78
19.219,75
20.025,43
19.828,52
19.781,67
20.078,66
19.856,67
19.565,73
19.853,52
17.861,61
20.251,50
19.536,70
19.398,78
20.068,77
20.182,86
19.166,87
20.578,100
18.060,100
19.701,89
19.675,93
19.434,95
19.533,90
19.559,95
19.389,91
19.552,84
20.332,86
19.577,89
19.564,96
19.430,94
19.447,98
19.464,91
19.291,87
18.895,82
18.655,89
18.732,106
18.667,102
21.254,90
21.174,84
20.875,79
21.050,79
21.426,94
17.677,104
17.985,94
18.112,80
17.786,64
17.650,92
19.822,83
19.776,84
19.919,92
19.769,92
19.285,69
19.310,69
19.034,68
18.863,70
4.600,22
4.430,16
4.471,21
4.507,25
4.503,18
20.600,40
4.603,16
19.735,70
21.150,79
20.803,66
20.627,53
19.032,60
19.008,64
18.966,72
19.012,70
18.909,67
18.933,60
18.956,49
19.137,25
20.078,63
19.938,73
19.769,76
19.680,64
21.076,50
20.028,62
20.078,62
21.077,59
20.953,65
20.884,71
4.455,15
4.380,34
4.450,42
4.452,56
4.502,63
4.528,67
4.504,68
4.527,65
4.552,60
4.452,55
4.452,55
4.500,50
4.550,52
4.573,45
4.569,21
20.055,90
20.187,87
20.200,79
20.214,74
20.753,66
20.628,65
20.203,66
20.130,68
20.078,66
20.077,55
19.555,55
19.580,59
19.584,69
19.562,71
19.540,73
19.555,58
19.586,70
4.652,15
4.825,32
19.579,49
19.379,49
19.580,58
19.607,67
19.567,74
19.332,65
19.281,58
5.321,16
4.942,42
4.897,64
4.948,80
4.995,94
4.991,93
4.995,94
4.922,100
4.958,97
4.954,96
4.979,91
4.987,83
4.960,77
4.933,74
4.961,88
4.967,89
4.999,95
4.998,90
4.942,84
4.966,93
4.962,98
5.004,87
4.978,72
4.874,68
4.942,84
4.934,97
4.937,98
4.967,99
4.962,98
4.976,101
5.020,100
5.047,95
5.083,92
5.103,87
5.076,81
5.066,79
5.007,82
4.995,85
4.987,83
4.995,85
4.986,88
4.995,85
4.975,86
4.995,85
4.929,81
4.938,78
4.956,74
4.946,67
4.995,64
5.024,70
5.081,82
5.064,93
5.036,104
4.976,101
4.962,104
4.962,98
4.961,88
4.919,79
4.912,77
5.009,76
4.967,79
4.962,78
4.959,76
4.873,67
4.871,59
5.004,73
5.036,83
4.991,84
4.912,77
4.886,76
4.844,84
4.785,82
4.764,77
4.831,72
5.053,87
5.027,91
4.976,101
4.958,97
4.991,93
4.950,86
4.936,77
4.897,65
4.896,54
4.895,47
4.895,46
4.848,64
4.716,78
4.645,93
4.590,92
4.628,90
4.844,99
4.892,93
4.807,87
4.950,86
4.829,71
4.679,86
4.726,90
4.810,82
4.822,59
4.779,25
4.706,28
4.748,58
4.687,75
4.665,77
4.642,83
4.626,85
4.667,83
4.646,84
4.659,87
4.646,84
4.637,82
4.637,82
4.646,84
4.692,83
4.603,80
4.647,79
4.708,87
4.657,81
4.682,81
4.618,78
4.642,83
4.667,83
4.677,80
4.672,79
4.671,84
4.704,86
4.671,89
4.671,84
4.654,86
4.654,86
4.646,84
4.659,87
4.616,88
4.610,87
4.622,89
4.634,87
4.616,88
4.605,86
4.588,82
4.623,79
4.590,76
4.601,62
4.604,69
4.654,86
4.633,96
4.625,94
4.603,90
4.566,88
4.616,88
4.598,79
4.477,56
4.551,22
4.654,30
4.648,49
4.631,70
4.615,76
4.578,80
4.529,68
4.524,42
4.608,27
4.599,37
4.606,70
4.560,87
4.536,87
4.517,88
4.578,80
4.450,39
4.383,30
4.502,61
4.559,72
4.568,83
4.568,83
4.559,72
4.550,47
4.524,39
4.526,58
4.558,81
4.536,87
4.535,91
4.529,90
4.541,92
4.522,93
4.523,89
4.468,88
4.514,82
4.527,65
4.451,48
4.499,45
4.549,44
4.552,35
4.573,40
4.600,58
4.562,74
4.571,93
4.522,93
4.539,97
4.541,92
4.523,89
4.547,93
4.484,81
4.510,72
4.501,55
4.574,51
4.599,48
4.599,47
4.606,29
19.742,82
19.508,80
19.780,63
19.033,67
18.502,78
18.584,64
4.555,24
19.570,76
4.573,43
4.675,65
4.675,64
4.700,63
4.700,63
4.699,55
4.673,51
4.673,52
4.675,64
4.615,76
4.650,85
4.630,86
4.597,84
4.645,93
4.639,92
4.622,89
4.677,90
4.657,81
4.661,74
4.649,58
4.574,52
4.602,67
-99999999
4.639,76
4.610,73
4.665,88
4.666,104
4.691,104
4.683,102
4.648,106
4.671,99
4.658,96
4.637,82
4.672,79
4.609,72
4.623,79
4.593,83
4.544,83
4.536,87
4.492,88
4.485,91
4.468,88
4.497,93
4.548,89
4.524,79
4.453,85
4.465,97
4.442,92
4.448,93
4.437,87
4.436,91
4.443,88
4.462,87
4.437,87
4.437,87
4.473,93
4.485,91
4.497,93
4.453,85
4.437,87
4.468,88
4.457,86
4.430,80
4.484,81
4.468,77
4.491,76
4.462,73
4.488,74
4.480,80
4.509,81
4.498,84
4.492,88
4.478,85
4.486,87
4.527,85
4.507,70
4.501,53
4.552,66
4.554,80
4.541,92
4.517,77
4.527,66
4.623,79
4.621,93
4.632,81
4.650,85
4.631,70
4.593,78
4.600,94
4.628,90
4.630,86
4.603,80
4.626,85
4.640,88
4.664,92
4.639,92
4.625,94
4.689,92
4.671,84
4.702,80
4.713,76
4.711,75
4.702,68
4.675,64
4.748,58
4.698,52
4.698,47
4.672,45
4.698,46
4.698,51
4.700,60
4.655,70
4.683,72
4.702,80
4.682,81
4.677,90
4.646,84
4.609,91
4.646,89
4.640,88
4.639,92
4.639,92
4.633,96
4.622,99
4.566,88
4.565,92
4.502,85
4.552,85
4.548,84
4.502,85
4.506,86
4.536,87
4.548,89
4.575,94
4.588,97
4.596,93
4.609,91
4.593,83
4.653,69
4.599,51
4.602,23
4.532,29
4.598,38
4.573,42
4.553,34




























21.350,52
21.279,68
21.026,46
20.900,43
20.909,28
20.933,25
20.905,32
21.130,32
21.234,26

21.080,33
21.051,47
21.028,65
21.151,49
21.139,74
19.887,81
19.894,92
21.100,79
21.128,85
19.713,91
19.726,84
19.752,79
19.728,46
19.402,89
21.456,86
21.285,91
21.679,68
19.725,93
18.798,77
20.237,73
19.297,77
19.660,86
17.751,77
21.143,77
21.028,63
18.733,85
20.267,92
21.289,82
18.957,94
18.941,96
18.787,86
20.460,81
20.214,74
20.228,66
20.228,65
20.078,66
20.310,81
18.822,92
18.928,93
18.925,83
18.975,83
19.069,82
19.228,89
20.530,90
20.587,87
18.571,97
18.600,98
18.596,97
20.699,89
18.212,90
17.686,85
17.669,102
19.336,86
19.638,81
21.564,75
20.068,77
18.840,81
18.783,65
19.885,70
18.880,79
19.044,82
18.982,94
21.604,90
20.517,92
21.043,88
20.006,80
19.782,68
20.158,70
20.492,76
20.787,73
20.529,67
19.953,57
20.053,65
19.854,53
19.879,57
21.150,79
21.213,74
21.026,48
20.642,76
20.043,88
20.032,86
20.025,79
20.015,82
21.764,75
21.702,62
19.820,77
19.829,55
20.751,47
19.079,39
21.175,46
20.706,69
20.231,69
19.679,58
20.702,58
20.628,65
20.495,83
19.286,86
19.207,85
19.216,87
19.174,83
19.163,71
19.218,74
19.271,76
19.316,73
19.484,69
19.583,80
19.688,72
19.804,56
19.830,61
19.829,54
19.853,51
19.828,46
19.828,49
19.878,47
19.853,46
19.778,48
19.877,44
19.879,36

19.892,20
19.728,48
19.780,63
19.785,70
19.814,73
19.804,57
19.853,47


19.778,49
19.808,31
19.827,41







19.808,31
19.906,14
19.885,29
19.928,22




















19.755,35
19.753,37
19.777,43
19.677,38









19.256,56
19.207,62
19.116,73
21.626,59
21.576,57
21.575,46
21.424,42
21.227,61
21.178,67
21.555,69
21.533,71
19.646,88
19.614,96
19.488,81
19.526,93
21.100,79
21.153,65
21.225,52
21.300,52
21.325,52
19.706,67
19.744,76
19.680,66
21.077,55
21.027,57
21.153,61
21.576,53
21.525,52
21.377,61
21.251,58
21.043,77
21.180,90
19.521,88
19.639,96
19.480,94
19.851,89
19.720,88
19.842,97
19.795,88
19.900,93
21.423,89
21.277,85
21.277,66
21.159,71
21.258,71
21.227,64
21.151,51
21.076,46
20.976,48
20.976,49
20.951,47
20.926,48
21.027,55
21.182,25
21.155,33
21.324,40
21.201,57
21.201,59
21.228,67
21.202,60
21.226,53
21.302,61
21.227,64
21.254,68
21.232,70
21.210,72
21.185,72
21.129,67
21.003,60
21.003,61
21.027,55
21.078,65
21.207,70
21.082,86
19.979,85
19.872,83
19.826,84
19.830,85
19.825,93
19.901,99
19.833,95
19.689,87
19.717,82
19.822,83
21.231,86
21.253,67
21.548,89
19.555,94
19.259,90
19.358,90
19.319,82
19.438,81
19.707,80
19.792,97
19.468,103
19.430,94
19.683,95
20.040,97
19.788,91
19.656,85
21.203,67
21.092,76
21.160,81
19.784,86
19.707,80
19.920,77
20.842,76
20.665,75
20.470,78
16.901,103
16.933,105
19.839,87
16.792,95
16.801,97
16.948,109
16.548,96
18.374,92
20.886,72
20.881,69
20.795,78
20.636,72
20.674,84
18.892,87
18.754,93
18.624,88
20.820,78
20.737,73
20.699,84
19.688,91
19.640,73
19.627,89
20.707,86
20.990,75
19.159,80
19.294,82
19.274,83
19.353,79
19.244,75
21.182,70
20.937,73
21.325,52
19.331,57
19.583,32
19.232,63
19.319,82
20.928,64
19.384,95
20.967,92
19.406,100
19.285,69
21.109,71
19.701,89
19.820,88
21.419,83
21.442,88
21.331,86
21.115,82
21.235,72
21.227,60
21.077,58
21.078,63
21.153,65
21.352,62
21.207,70
21.284,81
19.935,71
21.441,76
21.799,79
21.559,81
19.739,87
21.316,76
21.229,68
19.864,73
20.149,89
20.331,95
20.131,95
20.027,94
19.951,79
19.986,81
20.010,81
20.060,81
20.024,84
19.939,87
19.608,80
19.961,81
20.924,84
20.893,77
21.150,79
21.153,85
20.078,85
19.902,79
19.966,82
19.902,79
19.836,71
19.887,81
20.031,95
19.769,92
19.576,93
19.652,89
19.658,90
19.772,83
19.867,82
21.552,63
21.752,65
21.727,65
21.205,69
21.594,78
21.457,70
21.732,70
21.776,57
21.775,51









19.532,18
19.555,22
19.563,27



























































































18.609,35
18.682,58
18.659,62
18.633,56
18.582,50
18.632,51
18.582,48









19.777,40
19.605,56
19.580,57
19.389,72
18.732,59
18.760,68
18.733,64
18.757,59
18.757,54
18.730,41








18.483,49
18.485,63
18.607,48
18.833,35
20.075,45
20.077,57
18.656,44
18.531,40
18.531,42
18.596,75
18.632,51
18.649,77
18.680,84
18.733,85
18.701,83
20.025,42
20.025,43
19.785,29

20.328,35
20.375,38
20.177,56
19.976,39
19.880,35
20.627,36
20.680,33
20.700,41
20.575,39

18.510,66
18.735,80
18.754,84
18.694,74
21.350,52
21.751,54
21.779,32
21.824,45
21.576,53
21.702,66
17.997,74
17.986,62

18.140,29


21.351,57
18.534,60
20.401,50
20.308,25
20.328,60
20.427,58
20.427,53
20.411,72
20.433,70
20.484,71
20.428,64
20.211,72
20.284,71
20.128,61
20.276,51
20.128,61
16.598,96
16.430,77
16.494,86
16.449,73
16.421,71
16.487,79
16.414,58
16.463,50
16.487,44
16.622,26
19.633,68
19.557,67
19.430,54
20.228,65
20.480,68
20.549,89
20.594,98
20.532,86
20.528,62
20.502,22
20.703,63
20.730,68
20.776,50
20.825,42
20.801,37













20.800,45
20.854,34







































































20.175,42
20.177,53
20.201,49
20.175,40
20.226,51
20.277,58
20.175,44
20.375,44









20.229,34
20.177,54
20.077,53
20.101,48




























13.173,42
13.155,86
13.184,91
13.238,82
13.212,74
13.204,69
13.198,43
13.150,56







12.930,31
12.874,39
12.849,41
12.874,41
12.900,47
12.925,49
12.950,48
12.900,50
12.877,64
12.916,76
12.889,75
12.854,80
12.881,86
12.906,86
12.935,91
12.961,87
13.017,88
13.017,77
13.054,69
13.025,54
13.075,36







12.982,29
12.874,41
12.902,61
12.853,67
12.891,76
12.824,79
12.824,41
12.839,20
12.858,71
12.823,99
12.826,94
12.885,96
12.936,109
12.927,100
12.882,108
12.907,101
12.977,100
12.950,106
12.935,72
13.014,97
12.936,87
13.002,64
13.001,94
13.007,101
13.002,85
12.997,93
13.157,71
13.097,89
13.031,101
12.893,98
12.661,109
12.632,108
13.179,114
12.690,110
12.746,105
12.600,106
12.141,103
12.167,110
12.292,110
12.463,109
12.141,103
12.363,109
12.840,110
12.819,111
12.729,107
12.823,84
13.046,93
13.050,94
12.929,32
19.673,83
21.377,85
19.701,99
19.589,91
21.133,70
21.259,81
21.319,78
19.484,95
19.511,101
19.346,77
19.345,76
19.338,71
19.365,73
19.421,88
19.446,88
19.496,88
19.446,88
19.552,89
19.423,78
19.609,95
19.558,90
19.734,86
19.695,77
19.680,65

19.754,55

22.427,33
22.499,54
19.971,83
20.018,88
12.951,57
13.002,62
20.045,83
13.001,55
19.975,84
20.128,85
19.971,78
20.025,79
20.328,62
20.527,58
20.128,61
20.278,66
20.428,64
20.410,81
20.186,72
20.006,80
20.207,86
20.593,88
20.560,81
20.565,75
12.800,48
12.961,73
12.961,73
12.911,73
12.992,88
12.969,78
12.773,89
12.746,105
12.819,111
12.861,109
12.907,108
12.846,105
12.757,108
12.815,110
12.871,105
12.851,94
12.864,103
12.966,92
12.989,103
13.134,102
13.070,105
13.095,105
13.118,111
13.011,109
12.782,108
12.558,108
12.576,106
12.589,103
12.657,101
12.650,106
12.685,102
12.689,103
12.773,99
12.893,104
12.790,110
12.715,110
12.723,112
12.704,107
12.739,103
12.761,109
12.725,106
12.907,108
13.042,104
12.807,108
12.686,109
12.688,116
12.738,116
12.973,112
13.129,114
13.224,106
13.210,109
13.129,114
12.704,107
12.607,108
12.650,106
12.857,108
12.754,107
12.743,104
13.209,96
13.114,110
12.698,112
12.765,110
12.818,104
12.721,105
12.819,111
12.914,97
13.047,112
13.015,110
12.921,105
12.334,101
12.441,103
13.103,107
12.354,100
12.321,111
12.356,107
12.359,108
12.381,107
12.387,102
12.377,106
12.387,102
12.377,106
12.363,109
12.359,108
12.585,115
12.838,116
12.942,117
13.037,116
13.064,110
13.164,110
13.686,116
13.114,110
12.990,110
13.023,112
13.079,114
13.034,102
13.070,105
13.168,111
13.193,111
13.018,98
13.253,107
13.655,108
13.726,107
13.708,109
13.768,105
13.749,113
13.783,109
13.678,114
13.513,110
13.652,107
13.602,107
13.688,110
13.724,113
13.708,109
13.743,105
13.747,106
13.790,104
13.748,94
13.083,81
13.099,106
13.096,93
13.160,87
13.115,92
13.115,92
13.138,82
13.071,93
13.109,96
13.071,93
13.046,93
13.084,91
13.085,87
13.107,71
13.100,53
13.294,21
13.227,18
20.075,39
13.099,48
13.201,62
13.198,41

12.825,48
12.869,83
12.882,101
12.935,102
12.939,97
13.034,102
13.002,100
13.050,94
13.058,81
13.055,86
13.084,102
13.063,103
13.088,103
13.084,96
13.113,75
12.858,71
12.344,77
12.366,97
12.359,108
12.384,108
12.412,96
12.541,92
12.437,96
12.393,92
12.416,97
12.437,102
12.477,106
12.452,106
12.431,107
12.441,103
12.448,105
12.416,103
12.452,106
12.470,104
12.466,103
12.434,101
12.434,101
12.420,104
12.452,106
12.441,103
12.437,102
12.407,95
12.425,99
12.437,102
12.400,99
12.525,99
12.536,96
12.400,99
12.384,101
12.402,106
12.420,98
12.535,91
12.927,64
13.159,72
13.104,95
13.176,100
13.113,103
13.117,98
13.115,92
13.093,83
13.057,71
13.058,81
13.023,84
13.046,93
13.053,90
13.041,77
13.104,69
13.150,94
13.126,85
21.899,41
21.924,45
13.300,54
12.815,110
12.761,109
12.904,107
12.654,107
12.707,108
13.049,119
13.056,108
12.935,102
12.875,106
12.954,107
12.968,98
13.074,106
13.126,113
12.961,109
12.955,114
12.994,111
12.938,116
12.977,113
12.988,116
12.973,112
12.965,110
13.029,114
13.154,114
13.034,102
12.985,102
12.957,108
13.101,113
12.993,104
13.019,111
13.191,117
13.122,112
13.047,112
12.907,108
12.907,108
12.980,114
13.081,121
12.610,96
12.573,99
12.618,104
12.673,89
12.623,84
12.585,96
12.580,107
12.547,105
12.513,109
12.547,105
12.503,85
12.580,107
12.634,115
12.459,108
12.467,110
12.459,108
12.536,102
12.834,81
13.051,63
13.151,66
13.177,67
13.150,59
13.178,80
13.155,86
13.142,104
13.045,105
13.076,100
13.040,92
13.051,60
13.100,58
12.926,53
13.050,58
12.981,86
13.002,85
12.877,61










20.075,41
20.075,39






20.005,34
19.926,45
19.927,47
19.928,54
15.321,68
15.303,73
15.253,73
15.252,72
15.200,71
15.222,69
15.196,68
15.169,65
15.250,71
15.311,83
15.303,87
15.276,81
15.284,88
15.240,99
15.177,102
15.181,103
15.188,105
15.181,103
15.313,105
15.324,101
15.297,95
15.189,93
12.685,102
12.702,100
12.718,104
12.785,102
12.739,103
12.635,102
12.917,117
12.857,108
12.835,91
12.835,102
12.910,96
12.861,73
13.049,119
12.873,112
13.054,114
13.072,112
13.148,79
13.051,113
13.010,102
13.046,93
13.317,104
13.405,108
13.542,78
13.340,92
13.419,105
13.491,104
13.575,100
13.553,95
13.562,97
13.616,98
12.320,104
12.341,103
12.284,101
13.380,101
13.491,104
13.525,113
13.473,119
13.482,115
13.517,111
13.711,103
12.593,117
12.961,122
12.817,117
12.593,104
12.865,110
13.051,113
13.038,103
13.898,113
13.268,111
12.790,110
12.894,111
12.730,114
12.498,105
12.459,108
12.456,107
12.406,107
5.317,51
5.243,55
5.294,60
5.244,64
5.344,67
5.396,69
5.371,69
5.492,58
12.469,117
12.527,126
12.492,123
15.324,108
15.426,115
15.616,106
13.137,116
13.064,110
13.116,117
13.214,123
13.199,119
13.095,105
13.153,107
13.131,101
12.764,97
12.879,107
12.404,100
5.241,38
5.142,37
5.121,32
13.172,99
13.228,107
13.079,114
13.279,114
13.260,122
13.141,117
13.050,94
13.140,92
13.104,95
13.023,99
13.014,103
12.989,103
13.126,113
13.050,94
13.038,97
5.191,41
5.244,64
5.253,73
5.309,77
5.309,88
5.316,79
5.281,82
5.303,87
5.358,77
13.187,116
5.216,44
5.302,72
5.303,73
5.295,67
5.242,50
5.243,53
5.245,67
5.259,77
5.297,95
5.338,105
5.294,100
5.318,94
5.352,87
5.357,76
5.393,63
5.391,48
5.341,42
5.391,50
5.367,58
5.351,72
5.355,82
5.382,92
5.339,93
5.296,90
5.265,89
5.265,89
5.327,91
5.271,80
5.194,62
5.343,36
5.394,23
5.441,46
5.367,58
5.426,72
5.425,81
5.425,81
5.397,86
5.422,86
5.349,71
5.392,57
5.402,73
5.360,78
5.324,70
5.399,71
5.404,74
5.393,63
5.448,70
5.435,83
5.409,98
5.430,103
5.393,100
5.380,103
5.384,104
5.434,104
5.430,103
5.423,101
5.432,92
5.464,89
5.472,86
5.501,96
5.437,105
5.473,108
5.442,94
5.450,81
5.385,83
5.420,80
5.483,77
5.518,100
5.446,95
5.451,96
5.464,89
5.419,67
5.490,79
5.514,99
5.476,102
5.405,97
5.446,95
5.396,95
5.434,98
5.473,101
5.392,94
5.464,99
5.448,101
5.442,94
5.438,93
5.414,89
5.413,93
5.451,96
5.446,95
5.402,87
5.435,83
5.464,84
5.551,96
5.471,95
5.505,97
5.488,93
5.464,89
5.464,84
5.477,87
5.539,84
5.498,70
5.390,45
5.349,71
5.430,82
5.414,84
5.414,89
5.432,92
5.451,96
5.476,96
5.388,93
5.402,87
5.383,88
5.435,83
5.390,79
5.432,76
5.475,81
5.477,87
5.501,96
5.451,96
5.464,99
5.434,98
5.455,97
5.459,98
5.430,97
5.451,91
5.440,79
5.401,72
5.460,78
5.514,89
5.496,95
5.498,101
5.484,98
5.484,98
5.451,91
5.483,88
5.508,88
5.435,83
5.452,87
5.470,90
5.432,92
5.426,91
5.480,97
5.414,89
5.410,83
5.435,83
5.415,79
5.390,79
5.430,82
5.489,89
5.483,88
5.470,90
5.463,93
5.442,94
5.446,95
5.421,95
5.464,99
5.414,99
5.443,100
5.401,96
5.383,88
5.385,78
5.430,82
5.398,70
5.440,38
12.650,106
13.824,113
13.222,112
12.636,109
13.126,113
13.197,112
13.118,111
13.056,108
13.072,112
13.254,114
14.500,114
14.713,111
14.913,111
14.717,112
14.696,113
14.608,103
13.765,98
5.344,64
5.339,93
5.385,111
5.405,97
5.369,67
5.343,59
5.446,95
5.438,93
5.434,98
5.451,96
5.452,73
5.393,61
5.344,60
5.454,74
5.457,76
5.455,75
5.460,83
5.426,91
5.459,98
5.551,91
5.367,58
5.435,78
5.446,95
5.446,95
5.430,82
5.407,92
5.457,92
5.472,86
5.464,89
5.452,87
5.455,97
5.451,96
5.509,98
5.508,88
5.539,84
5.543,100
5.438,93
5.451,96
5.482,92
5.460,83
5.452,87
5.464,99
5.430,103
5.451,96
5.464,89
5.489,84
5.490,79
5.479,74
5.458,77
5.474,71
5.519,67
5.443,61
5.468,64
5.443,60
5.444,67
5.520,80
5.495,90
5.492,94
5.480,97
5.501,96
5.492,94
5.514,89
5.539,84
5.602,87
5.515,79
5.520,80
5.533,77
5.540,79
5.550,81
5.483,77
5.480,75
5.457,76
5.435,83
5.470,90
5.513,93
5.523,101
5.496,95
5.470,90
5.496,95
5.480,103
5.526,96
5.510,78
5.427,73
5.405,82
5.463,93
5.401,96
5.408,88
5.414,84
5.410,83
5.372,86
5.443,100
5.459,104
5.445,107
5.476,102
5.468,100
5.455,97
5.452,87
5.375,81
5.327,72
5.293,58
5.216,41
5.350,26
5.441,52
5.468,62
5.471,69
5.482,76
5.415,79
5.464,89
5.493,100
5.480,103
5.509,104
5.455,97
5.458,88
5.455,82
5.446,69
5.442,57
5.415,43
5.371,31
15.530,82
13.612,103
5.373,25
5.491,49
5.507,76
5.475,81
5.414,84
5.420,80
5.445,80
5.447,86
5.400,81
5.410,83
5.392,58
5.269,35
5.396,24
13.198,79
13.191,88
13.303,107
13.276,113
13.277,120
13.019,111
12.852,100
12.952,113
5.543,60
5.593,63
5.521,31
15.075,108
15.394,113
5.669,34
5.516,52
5.543,66
5.620,80
5.632,92
5.620,90
5.595,80
5.570,80
5.551,72
5.543,60
5.599,71
5.558,88
5.567,94
5.548,101
5.573,101
5.534,98
5.551,96
5.568,100
5.592,94
5.558,88
5.547,86
5.593,85
5.560,78
5.505,75
5.502,73
5.493,63
5.466,49
5.472,30
12.705,127
14.112,130
13.880,115
13.801,107
13.816,111
15.121,107
14.268,112
13.990,111
14.275,114
13.536,116
12.879,107
13.357,115
13.218,111
13.268,111
12.646,118
12.513,109
12.572,118
13.880,115
13.630,121
13.279,114
12.692,117
12.467,110
12.600,106
13.122,112
12.769,111
12.513,109
12.549,112
12.848,112
13.151,113
13.276,113
13.192,104
13.189,110
13.074,106
13.023,112
13.154,114
12.627,100
12.506,107
12.523,105
12.935,102
12.823,112
12.655,114
12.541,110
12.528,113
12.517,110
12.562,109
1.345,15
1.170,29
1.242,34
1.163,37
1.238,43
1.239,50
1.213,52
1.264,52
1.265,55
1.216,60
1.216,61
1.266,66
1.266,64
1.214,59
1.241,65
1.266,61
1.242,67
1.216,62
1.266,61
1.266,63
1.265,57
1.266,60
1.243,68
1.284,78
1.325,91
1.371,95
1.329,97
1.393,100
1.446,107
1.362,105
1.343,100
1.250,87
1.318,67
1.243,33
12.495,98
12.576,106
12.583,108
12.669,111
12.865,110
13.031,108
13.253,107
13.774,100
13.640,117
5.601,72
5.658,88
5.580,97
5.564,99
5.634,98
5.642,94
5.687,93
5.691,94
5.687,93
5.750,96
5.731,92
5.719,90
5.738,89
5.756,92
5.744,90
5.756,92
5.741,94
5.737,93
5.756,92
5.706,92
5.676,91
5.676,91
5.658,88
5.696,86
5.688,84
5.679,82
5.644,67
5.641,52
13.270,105
13.322,112
13.168,111
12.930,114
13.770,99
5.441,46
5.530,82
5.567,94
5.596,95
5.622,86
5.547,86
5.577,87
5.514,84
5.526,91
5.557,92
5.576,91
5.555,75
5.520,68
5.542,56
5.467,57
5.471,69
5.502,87
5.548,101
5.580,103
5.614,99
5.583,77
5.474,71
5.514,99
5.551,102
5.584,104
5.534,104
5.587,105
5.564,89
5.607,76
5.592,58
5.640,40
5.722,25
15.222,95
15.252,102
15.319,100
15.099,101
14.987,104
14.954,102
14.949,95
13.297,112
13.375,113
13.345,118
13.398,119
14.994,119
15.083,110
15.172,114
15.068,119
5.543,65
5.533,88
5.470,90
5.454,74
5.497,86
5.421,95
5.512,105
5.473,101
5.451,102
5.448,108
5.423,101
5.451,102
5.452,73
5.545,68
15.165,112
14.690,118
5.495,32
5.449,71
12.615,110
13.091,117
12.711,109
5.693,23
5.689,79
5.692,85
5.688,84
5.660,78
5.640,40
12.648,112
5.391,48
5.401,72
5.415,79
5.447,86
5.463,93
5.468,100
5.473,101
5.495,107
5.502,109
5.462,105
5.441,106
5.434,104
5.437,105
5.470,107
5.470,107
5.487,105
5.484,104
5.459,98
5.463,93
5.488,93
5.473,101
5.459,98
5.476,102
5.484,104
5.470,107
5.468,100
5.491,106
5.455,103
5.480,103
5.473,101
5.473,101
5.446,95
5.439,89
5.495,80
5.443,64
5.554,74
5.520,90
5.501,96
5.505,97
5.505,97
5.464,99
5.526,102
5.484,104
5.480,103
5.487,105
5.459,98
5.435,83
5.451,72
5.417,57
5.390,44
5.442,36
5.495,68
5.588,93
5.464,99
5.473,101
5.413,93
5.396,95
5.418,100
5.437,105
5.473,108
5.506,110
5.481,110
5.481,110
5.506,110
5.487,105
5.491,106
5.482,92
5.429,74
5.495,68
5.535,83
5.558,88
5.505,97
5.559,104
5.523,101
5.512,105
5.523,108
5.516,106
5.495,107
5.514,112
5.487,105
5.534,104
5.530,103
5.493,100
5.501,102
5.518,100
5.545,107
5.491,106
5.495,107
5.516,106
5.498,108
5.491,106
5.506,110
5.526,102
5.514,99
5.517,94
5.557,92
5.567,94
5.532,92
5.513,93
5.509,98
5.480,97
5.517,94
5.496,95
5.518,100
5.523,101
5.521,95
5.602,87
5.555,82
5.547,86
5.497,86
5.488,93
5.548,101
5.545,90
5.618,85
6.600,87
6.717,85
6.681,76
6.764,79
6.832,88
6.845,95
6.954,97
6.850,96
5.683,98
5.596,95
5.676,102
6.318,95
5.646,95
5.555,97
5.591,106
5.620,107
5.627,109
5.641,106
5.659,98
5.738,99
6.562,99
7.026,102
6.895,95
6.704,97
6.536,93
5.883,98
5.642,94
5.630,97
5.648,108
5.648,108
5.648,108
5.652,109
5.648,108
5.634,104
5.612,105
5.641,106
5.598,101
5.651,102
5.614,99
5.630,103
5.626,102
5.641,106
5.686,105
5.769,107
5.888,99
5.850,96
5.708,98
5.655,97
5.655,103
5.614,99
5.646,95
5.742,100
5.883,104
6.037,99
5.967,100
5.822,101
5.722,101
5.618,100
5.593,100
5.576,102
5.568,100
5.564,99
5.555,97
5.598,101
5.605,97
5.668,100
5.712,93
5.795,95
5.922,101
5.992,100
6.024,102
5.992,100
5.917,100
5.820,95
5.664,89
5.621,95
5.596,95
5.664,99
5.630,103
5.725,102
5.754,103
5.794,107
5.983,104
7.184,104
7.180,103
6.808,104
6.315,100
6.144,95
6.094,95
5.986,105
5.915,106
5.897,101
5.869,107
5.890,106
5.997,101
6.089,106
6.078,103
6.124,102
6.110,105
6.116,100
6.068,90
6.046,101
5.858,98
5.668,100
5.626,102
5.668,100
5.659,98
5.671,95
5.813,89
6.269,95
6.430,92
6.382,98
5.963,99
5.767,100
5.659,98
5.664,99
5.651,96
5.634,98
5.676,102
5.648,101
5.596,95
5.614,89
5.614,89
5.720,95
5.888,99
6.132,98
6.016,100
5.941,94
5.913,99
5.858,98
5.900,102
5.763,99
5.767,100
5.663,93
5.592,94
5.621,95
5.695,95
5.750,96
5.791,94
5.804,97
5.804,97
5.791,94
5.742,100
5.729,103
5.715,106
5.709,111
5.697,108
5.676,109
5.676,102
5.686,105
5.754,97
5.979,97
6.362,99
6.494,95
6.466,100
6.428,103
6.346,101
6.282,98
6.315,100
6.236,93
6.249,96
6.057,104
5.915,106
5.820,114
5.851,109
5.833,104
5.704,97
5.664,99
5.676,102
5.668,100
5.690,106
5.645,107
5.662,105
5.950,96
6.733,104
6.507,98
6.257,98
5.854,97
5.781,92
5.844,90
5.819,90
5.621,95
5.601,102
5.601,96
5.667,94
5.671,95
5.568,100
5.596,95
5.598,101
5.584,104
5.591,106
5.534,104
5.555,97
5.573,101
5.551,96
5.468,63
5.447,30
5.545,32
5.915,48
6.506,77
6.516,85
6.506,88
6.544,95
6.632,98
6.649,91
6.782,88
6.618,80
6.719,90
6.913,99
7.023,101
7.018,100
7.148,101
7.225,115
5.658,77
5.658,88
5.707,88
5.731,92
5.719,90
5.741,94
5.683,104
5.709,111
5.694,107
5.740,106
5.725,102
5.775,102
5.940,106
6.851,109
6.961,105
6.983,104
6.992,100
7.056,110
6.975,102
6.528,97
6.386,93
6.403,97
6.471,101
6.512,99
6.528,97
6.436,93
6.380,92
6.695,95
6.856,92
6.866,94
6.867,100
6.904,97
6.894,90
6.896,86
6.995,95
7.014,99
6.958,98
7.000,96
7.000,96
7.018,100
7.026,102
7.064,99
7.087,105
7.098,101
7.130,103
7.168,100
7.126,102
7.173,101
7.126,102
7.173,101
7.163,93
7.176,96
7.209,98
7.209,98
7.243,100
7.264,99
7.273,101
7.318,100
7.271,95
7.259,98
7.148,101
7.109,98
7.076,102
7.068,100
7.059,98
7.126,96
7.109,98
7.146,95
7.151,96
7.163,93
7.132,92
7.189,89
7.189,84
7.272,86
7.308,88
7.283,88
7.365,89
7.468,94
7.546,95
7.592,94
7.555,97
7.601,96
7.552,87
7.589,99
7.614,99
7.596,95
7.626,96
7.596,95
7.557,92
7.434,88
7.518,94
7.659,98
7.724,101
7.681,103
7.690,99
7.646,95
7.607,92
7.576,96
7.601,96
7.623,101
7.601,102
7.618,100
7.630,97
7.592,94
7.618,100
7.626,96
7.614,89
7.651,91
7.676,91
7.671,95
7.685,98
7.702,96
7.576,102
7.431,103
7.427,96
7.502,96
7.510,98
7.402,96
7.313,93
7.226,91
7.107,92
7.013,93
7.013,93
7.008,98
6.997,101
7.004,97
6.995,95
7.021,95
7.051,96
7.026,102
7.051,102
7.008,98
6.999,81
7.060,78
6.998,71
7.082,76
7.077,87
7.055,97
7.064,99
7.080,97
7.101,96
7.051,91
7.048,70
7.199,71
7.460,104
7.298,101
7.301,96
7.282,92
7.288,93
7.270,90
7.158,88
7.071,95
7.059,98
7.068,100
7.038,93
7.026,96
7.020,90
7.076,96
7.046,95
7.009,78
6.966,57
7.182,92
7.291,119
7.170,107
7.092,94
7.139,99
7.123,101
7.008,98
7.004,103
6.950,96
7.055,97
7.063,93
7.038,93
7.030,103
7.042,94
7.076,91
7.089,89
7.093,85
7.080,82
6.996,86
6.991,94
7.013,93
7.018,100
6.992,100
6.983,98
6.958,98
6.954,97
6.924,81
7.102,73
7.122,86
7.051,91
6.839,79
6.796,86
6.779,82
6.675,73
6.588,79
6.606,77
6.794,80
6.838,89
6.794,90
6.795,95
6.756,92
6.795,95
6.808,98
6.841,94
6.937,93
7.026,102
7.043,113
6.997,108
7.034,104
7.118,100
7.148,108
7.055,97
7.004,97
6.997,101
6.954,103
6.975,102
6.904,103
6.829,103
6.717,100
4.379,100
4.229,106
4.260,108
4.287,115
6.932,117
6.905,110
4.336,115
4.134,107
4.061,95
4.049,98
4.041,91
4.141,109
4.196,117
7.023,101
7.043,113
5.591,106
5.534,104
5.595,107
5.551,96
5.541,106
5.576,102
5.684,111
5.763,112
7.123,101
7.151,91
7.214,89
7.176,91
7.102,87
7.083,88
7.101,96
7.126,102
7.130,97
7.176,102
7.280,103
7.282,92
7.390,99
7.353,87
7.260,83
7.239,84
7.193,85
7.120,90
7.182,92
7.146,95
7.193,100
7.171,95
7.167,94
7.146,95
7.192,94
7.146,95
7.176,91
7.170,90
7.207,92
7.208,88
7.214,89
7.221,95
7.271,95
7.449,108
7.265,79
7.222,86
7.321,95
7.396,107
7.232,92
7.230,97
7.321,114
7.474,121
7.348,86
7.394,100
7.385,104
7.438,105
7.388,105
7.374,108
7.369,100
7.381,97
7.365,89
7.325,81
7.439,93
7.402,96
7.438,105
7.428,109
7.438,105
7.486,111
7.492,106
7.477,102
12.915,110
12.913,116
11.560,108
11.406,100
11.452,99
11.551,99
11.626,99
11.726,112
12.986,122
11.726,112
7.087,105
7.152,122
7.100,115
6.941,94
6.904,97
6.954,103
6.929,103
6.972,101
6.972,101
6.929,97
6.951,87
7.068,100
7.057,92
7.022,86
6.884,83
7.008,98
6.979,103
7.064,112
7.084,104
6.956,92
6.957,88
6.987,93
6.954,97
6.958,98
6.958,98
6.925,96
6.881,92
6.913,99
6.936,105
6.983,104
7.137,105
6.847,70
6.937,93
6.913,99
6.933,98
6.929,103
7.008,98
7.087,105
6.996,86
7.051,102
7.095,107
7.155,97
7.125,81
6.917,65
6.950,72
6.919,80
7.013,93
6.987,93
6.994,90
7.092,94
7.001,87
7.067,94
7.034,98
7.032,92
7.057,92
7.089,99
7.039,99
6.969,90
6.941,94
6.958,98
6.942,100
6.942,100
6.958,98
6.986,105
6.954,97
6.933,98
6.931,92
6.914,79
6.893,67
7.070,90
7.023,101
7.004,97
6.963,99
6.983,98
6.950,102
6.931,92
6.942,100
6.929,82
6.741,57
13.214,110
13.231,101
13.272,112
13.135,109
7.180,103
7.101,96
6.988,89
6.979,82
6.909,78
6.979,82
7.160,111
7.187,118
7.125,115
7.071,114
7.068,113
6.972,101
7.048,108
6.938,99
6.926,87
13.377,107
13.513,110
13.471,112
13.281,121
13.195,118
13.162,116
13.172,112
13.176,113
13.214,110
13.183,115
13.160,109
13.092,104
13.056,108
13.114,110
13.092,104
13.203,107
11.500,118
11.436,108
11.404,106
11.393,103
11.479,106
11.549,118
11.581,120
11.618,123
11.635,121
11.595,117
11.595,117
13.135,109
13.179,114
13.214,110
13.278,107
13.103,107
13.110,109
13.023,112
12.678,120
12.179,113
12.938,116
11.899,105
11.707,107
11.676,99
11.755,113
12.016,116
11.722,111
11.714,109
6.358,78
6.227,75
6.031,77
5.817,60
5.642,57
11.539,109
11.414,96
11.608,114
11.641,129
11.585,121
11.372,98
11.327,99
5.904,75
5.916,94
6.028,103
6.005,110
5.958,98
5.967,100
5.931,92
5.950,102
5.979,103
5.875,91
5.950,96
6.004,97
5.938,99
5.925,91
11.090,91
11.244,103
6.286,84
6.305,88
6.323,102
6.178,97
11.112,101
11.107,100
11.040,102
11.032,100
11.016,91
11.120,110
11.074,111
12.889,103
12.911,109
12.900,106
6.294,86
6.323,102
6.299,102
8.566,83
8.545,89
8.579,101
8.658,96
8.687,97
8.636,97
8.532,102
7.422,95
7.301,96
7.283,88
7.289,84
7.392,106
8.637,110
8.655,108
8.884,109
8.787,116
7.490,112
7.469,113
7.397,95
7.410,98
7.365,99
7.334,98
7.301,96
7.280,97
7.232,92
7.326,96
7.406,97
7.519,100
7.406,103
7.346,107
7.289,99
7.289,99
7.321,95
7.352,102
7.377,102
7.381,103
7.406,97
7.321,95
7.301,91
7.314,99
7.374,101
7.467,106
7.724,101
8.374,107
8.568,105
8.582,96
8.655,101
8.738,110
8.752,107
8.700,100
2.800,76
2.699,78
2.641,82
2.579,80
2.614,74
2.655,85
2.781,89
2.780,93
6.446,121
6.350,109
6.311,99
6.298,96
6.364,106
6.404,110
6.412,112
6.496,121
6.427,116
8.738,110
8.822,112
8.784,96
7.385,104
7.421,107
7.346,107
2.754,93
2.740,81
2.803,83
2.884,93
2.852,92
6.219,114
6.166,100
6.162,89
7.399,101
7.457,110
2.820,72
2.782,79
2.792,81
2.818,71
2.811,64
2.731,49
2.732,55
2.707,65
2.715,72
2.715,72
2.719,75
2.709,80
2.704,79
2.719,75
2.712,70
2.734,67
2.785,65
2.759,66
2.733,66
2.736,69
2.718,74
2.713,71
2.718,74
2.690,73
2.719,75
2.699,78
2.722,76
2.722,76
2.735,80
2.704,79
2.718,74
2.716,73
2.713,71
2.764,70
2.733,60
2.757,51
2.756,40
2.824,20
13.019,111
13.026,113
12.946,105
12.907,108
12.957,108
12.932,108
12.905,95
13.135,109
13.174,119
2.792,26
2.730,40
2.756,43
2.757,49
2.758,56
2.809,52
2.783,51
2.757,50
2.783,50
2.783,47
2.783,49
2.756,42
2.756,43
2.812,34
2.843,29
2.680,22
11.486,101
11.514,96
11.560,101
11.560,108
11.599,105
11.585,101
11.655,113
12.967,117
13.235,122
15.518,100
5.640,43
5.666,46
5.670,80
5.744,90
11.468,97
11.464,96
11.431,100
11.406,100
11.468,103
11.532,107
11.576,112
11.618,110
11.583,114
11.616,116
11.620,117
11.616,116
11.679,126
11.651,125
11.631,120
11.614,122
11.564,122
11.553,119
11.545,117
11.603,119
11.549,118
11.433,107
11.372,104
11.343,103
11.408,107
11.352,99
11.336,101
11.386,108
11.468,103
11.555,113
11.483,107
11.377,112
11.309,107
11.307,100
11.386,101
11.419,110
11.473,111
11.511,121
11.530,113
2.967,22
3.018,47
2.888,58
2.846,72
2.800,76
2.794,72
2.771,74
2.768,73
2.774,76
2.824,75
2.850,75
2.827,77
2.827,77
2.878,76
2.876,75
2.907,78
2.919,69
2.967,59
2.941,53
2.966,46
2.966,48
2.887,50
2.835,49
2.782,44
2.809,49
2.782,44
2.860,41
2.887,47
2.862,53
2.863,60
2.811,63
2.787,68
2.840,69
2.812,67
2.814,69
2.812,67
2.785,64
2.811,64
2.867,69
2.901,74
2.901,74
2.959,78
2.898,72
2.879,77
2.907,78
2.860,79
2.902,82
2.911,84
2.876,82
2.894,86
2.879,88
2.827,88
2.892,90
2.859,89
2.873,87
2.863,85
2.850,82
2.853,77
2.849,74
2.863,63
2.836,53
2.869,29
2.975,27
3.025,29
2.835,37
2.864,34
2.808,43
2.756,39
2.704,43
2.704,45
2.705,48
2.810,53
2.784,55
2.785,63
2.759,65
2.764,70
2.735,68
2.764,70
2.736,69
2.734,67
2.709,68
2.760,67
2.709,68
2.657,68
2.634,70
2.603,60
2.551,62
2.655,61
2.758,59
2.758,54
2.733,61
2.759,65
2.738,70
2.719,75
2.746,75
2.718,74
2.718,74
2.746,75
2.719,75
2.725,78
2.709,80
2.740,81
2.709,80
2.735,80
2.781,84
2.723,77
2.756,79
2.725,78
2.774,76
2.756,79
2.775,77
2.772,75
2.777,78
2.719,75
2.774,76
2.798,75
2.807,84
2.772,75
2.777,78
2.792,81
2.821,87
2.811,85
2.815,86
2.811,85
2.807,84
2.811,85
2.801,77
2.813,80
2.792,81
2.787,80
2.839,80
2.826,76
2.895,70
2.863,64
2.847,73
2.853,77
2.803,78
2.827,77
2.834,79
2.839,80
2.800,76
2.824,75
2.813,80
2.842,86
2.886,79
2.845,81
2.834,79
2.845,81
2.819,81
2.834,79
2.807,84
2.808,79
2.834,79
2.837,85
2.885,84
2.855,83
2.850,82
2.863,85
2.833,84
2.863,85
2.878,76
2.918,68
2.864,67
2.893,69
2.811,64
2.816,70
2.820,72
2.824,75
2.827,77
2.834,79
2.829,78
2.839,80
2.845,81
2.839,80
2.834,79
2.834,79
2.876,82
2.855,78
2.897,81
2.933,78
3.012,83
3.001,81
2.985,78
3.006,82
2.905,77
2.803,78
2.689,72
2.661,71
2.609,71
2.632,69
2.608,70
2.707,66
2.715,72
2.683,68
2.713,71
2.689,72
2.712,70
2.690,73
2.735,68
2.762,69
2.820,72
2.928,75
2.983,77
3.027,81
3.060,76
3.079,72
3.036,77
3.100,86
3.068,79
3.093,79
3.085,76
3.110,76
3.057,74
3.083,75
3.073,80
3.038,78
3.068,79
3.038,78
2.928,75
2.847,73
2.713,71
2.689,72
2.712,70
3.156,74
3.330,82
3.364,89
3.351,91
3.308,88
3.273,86
3.228,87
3.166,84
3.103,81
3.083,82
3.117,84
3.086,88
3.092,89
3.075,86
3.135,88
3.075,86
3.088,83
3.124,86
3.111,88
3.096,85
3.105,87
3.058,82
3.096,85
3.120,85
3.152,81
3.160,77
3.199,86
3.179,87
3.209,88
3.132,82
3.132,82
3.120,85
3.075,86
3.063,83
3.066,93
3.071,85
3.046,85
3.071,85
3.012,83
2.991,79
3.012,78
3.053,81
3.137,83
3.185,88
3.253,87
3.215,84
3.053,81
3.053,81
3.240,89
3.339,84
3.382,88
3.412,93
3.401,87
3.381,76
3.419,68
3.366,56
3.439,43
3.537,44
3.489,46
3.465,54
3.416,56
3.466,61
3.417,60
3.465,58
3.420,69
3.466,65
3.466,65
3.417,64
3.467,67
3.467,67
3.422,70
3.447,70
3.480,76
3.453,75
3.468,80
3.478,82
3.493,80
3.466,85
3.456,88
3.458,83
3.413,84
3.456,88
3.456,88
3.417,85
3.466,85
3.426,87
3.466,85
3.417,85
3.421,86
3.426,87
3.462,89
3.446,86
3.419,90
3.450,87
3.480,92
3.465,94
3.469,95
3.438,89
3.438,89
3.465,94
3.455,92
3.494,95
3.438,89
3.475,87
3.438,89
3.438,89
3.394,90
3.388,89
3.333,88
3.395,95
3.363,93
3.339,89
3.375,91
3.351,96
3.351,91
3.326,91
3.326,91
3.351,91
3.333,88
3.330,82
3.333,88
3.333,88
3.339,89
3.347,86
3.364,89
3.364,89
3.407,88
3.416,94
3.461,93
3.445,95
3.453,97
3.465,94
3.449,96
3.382,88
3.369,90
3.326,91
3.327,87
3.345,90
3.301,91
3.314,89
3.307,92
3.265,84
3.276,81
3.320,80
3.280,74
3.258,76
3.259,77
3.251,81
3.251,81
3.236,83
3.269,85
3.219,85
3.271,90
3.248,86
3.246,80
3.270,67
3.291,49
3.465,54
3.474,72
3.473,81
3.448,81
3.463,79
3.447,70
3.426,73
3.468,80
3.475,87
3.470,86
3.438,89
3.450,87
3.475,87
3.458,83
3.462,84
3.462,84
3.493,80
3.525,87
3.516,85
3.525,87
3.491,85
3.519,95
3.519,95
3.480,92
3.480,92
3.444,90
3.432,88
3.466,85
3.462,84
3.453,82
3.458,83
3.475,87
3.461,93
3.469,95
3.496,101
3.499,96
3.524,102
3.491,100
3.529,110
3.525,109
3.536,112
3.540,113
3.532,111
3.518,107
3.545,101
3.493,90
3.379,82
3.350,81
3.340,79
3.673,87
3.914,86
3.881,89
3.586,89
3.512,84
3.618,86
3.815,86
3.869,87
3.700,82
3.281,82
3.241,79
3.241,79
3.241,79
3.192,79
3.256,82
3.236,78
3.241,79
3.185,77
3.211,78
3.221,80
3.261,83
3.246,80
3.197,80
3.256,82
3.246,80
3.241,79
3.226,81
3.236,78
3.231,82
3.231,82
3.226,81
3.246,80
3.246,80
3.226,81
3.236,78
3.211,78
3.209,77
3.209,77
3.241,79
3.399,81
3.542,80
3.607,83
3.635,84
3.660,89
3.618,86
3.629,88
3.577,82
3.611,89
3.569,86
3.544,86
3.586,84
3.532,83
3.561,84
3.473,81
3.374,81
3.367,85
3.314,84
3.310,83
3.305,82
3.271,80
3.276,81
3.256,82
3.322,86
3.322,86
3.293,85
3.322,86
3.327,87
3.293,85
3.308,88
3.302,87
3.285,83
3.236,78
3.276,81
3.236,78
3.259,77
3.300,81
3.310,78
3.327,73
3.278,73
3.329,74
3.280,74
3.278,73
3.258,76
3.241,79
3.241,79
3.251,81
3.261,83
3.248,86
3.234,88
3.272,95
3.228,87
3.246,90
3.283,92
3.264,93
3.259,88
3.283,92
3.269,85
3.253,87
3.265,84
3.246,90
3.223,86
3.228,87
3.265,89
3.219,85
3.273,86
3.261,83
3.187,78
3.192,79
3.159,76
3.185,77
3.201,81
3.241,79
3.276,81
3.345,80
3.259,77
3.230,74
3.175,70
3.120,66
3.445,69
3.770,72
3.803,83
3.766,86
3.786,94
3.746,91
3.647,91
3.629,88
3.611,89
3.712,94
3.746,91
3.737,94
3.758,93
3.733,93
3.806,93
3.856,93
3.875,88
3.962,95
3.899,92
3.838,90
3.794,91
3.759,89
3.752,92
3.716,95
3.518,90
3.236,78
3.236,78
3.240,84
3.290,79
3.826,88
4.079,99
3.996,103
3.823,97
3.727,92
3.557,83
3.518,90
3.562,79
3.992,91
4.091,96
4.057,94
4.070,97
4.036,95
4.028,93
4.066,96
4.048,88
4.005,89
3.782,89
3.565,85
3.364,84
3.314,84
3.269,85
3.248,86
3.273,86
3.265,89
3.259,88
3.248,86
3.244,85
3.265,84
3.283,88
3.289,84
3.228,87
3.244,85
3.278,87
3.244,85
3.248,86
3.228,87
3.240,84
3.281,82
3.290,79
3.360,83
3.807,89
3.912,90
3.782,93
3.586,89
3.449,91
3.401,87
3.310,83
3.314,84
3.273,86
3.265,84
3.269,85
3.305,82
3.273,86
3.265,84
3.244,85
3.265,84
3.289,89
3.244,85
3.289,89
3.259,88
3.234,88
3.264,93
3.264,93
3.252,91
3.264,93
3.277,96
3.260,98
3.284,98
3.264,93
3.218,94
3.277,96
3.247,95
3.252,91
3.208,92
3.214,93
3.258,92
3.227,91
3.246,90
3.252,91
3.259,88
3.199,86
3.313,93
3.247,95
3.218,94
3.179,87
3.221,90
3.191,89
3.166,89
3.202,91
3.202,91
3.202,91
3.265,89
3.283,92
3.301,96
3.277,96
3.289,84
3.256,75
3.236,83
3.259,88
3.258,92
3.252,91
3.211,83
3.228,87
3.219,85
3.259,88
3.273,86
3.240,84
3.219,85
3.253,87
3.248,86
3.240,84
3.345,90
3.530,92
3.971,97
4.177,99
4.227,99
4.202,99
4.285,101
4.310,108
4.373,118
4.356,107
4.375,112
4.359,108
4.348,105
4.370,104
4.419,104
4.384,101
4.444,104
4.447,105
4.415,103
4.395,98
4.433,101
4.406,95
4.403,94
4.393,92
4.375,84
4.350,84
4.327,79
4.322,78
4.270,77
4.272,78
4.270,77
4.297,78
4.312,81
4.322,78
4.401,79
4.418,88
4.442,92
4.453,85
4.453,85
4.455,90
4.497,93
4.461,91
4.461,91
4.499,79
4.502,64
4.500,49
4.402,52
4.404,65
4.415,75
4.516,92
4.469,98
4.465,97
4.455,90
4.420,83
4.386,81
4.524,79
4.632,71
4.600,59
4.551,55
4.467,76
4.511,87
4.485,91
4.524,79
4.511,73
4.527,63
4.551,56
4.601,64
4.527,66
4.563,75
4.568,78
4.588,82
4.593,83
4.593,83
4.598,79
4.568,78
4.587,74
4.587,74
4.610,73
4.587,74
4.610,73
4.612,74
4.616,77
4.585,73
4.587,74
4.562,74
4.566,77
4.566,77
4.565,76
4.616,77
4.573,79
4.593,83
4.591,88
4.610,87
4.628,90
4.597,84
4.583,81
4.563,75
4.562,74
4.560,73
4.613,75
4.613,75
4.628,80
4.598,79
4.603,80
4.578,80
4.573,79
4.568,78
4.573,79
4.587,74
4.593,78
4.613,75
4.560,73
4.615,76
4.563,75
4.554,68
4.528,67
4.528,67
4.553,67
4.528,67
4.502,66
4.527,61
4.502,64
4.527,61
4.502,61
4.551,55
4.600,58
4.606,70
4.566,77
4.596,93
4.575,94
4.541,92
4.609,96
4.571,93
4.524,79
4.556,70
4.551,55
4.476,52
4.504,68
4.464,74
4.458,70
4.517,77
4.563,82
4.597,89
4.600,94
4.559,91
4.596,93
4.596,93
4.563,97
4.613,97
4.563,97
4.637,103
4.584,102
4.576,100
4.555,95
4.606,108
4.606,108
4.556,108
4.521,105
4.527,100
4.507,101
4.461,96
4.412,87
4.468,88
4.470,78
4.530,95
4.523,99
4.507,101
4.480,107
4.447,105
4.436,102
4.427,94
4.442,92
4.440,97
4.436,102
4.428,100
4.415,97
4.406,95
4.393,92
4.411,91
4.388,87
4.356,80
4.362,72
4.304,59
4.432,30
4.434,19
22.524,56
14.995,65
12.726,58
12.738,74
-99999999
12.864,103
12.907,108
12.821,105
12.803,120
12.657,108
12.723,112
12.750,106
12.867,117
12.917,117
12.819,111
12.715,110
12.750,106
12.739,97
12.871,105
3.044,50
3.046,64
3.080,73
3.118,79
3.137,83
3.098,80
3.113,83
3.147,80
3.113,83
3.098,80
3.120,85
3.120,85
3.177,81
3.182,82
3.191,84
3.182,82
3.152,81
3.172,80
3.201,81
3.147,80
3.177,81
3.252,91
3.320,90
3.721,96
4.070,103
4.186,101
4.140,102
4.144,103
4.193,103
4.211,108
4.225,105
4.231,100
4.231,100
4.271,98
4.269,92
4.255,85
4.218,75
4.159,80
4.119,97
4.162,101
4.153,99
4.132,100
4.123,98
4.169,97
4.243,103
4.236,101
4.214,102
4.214,96
4.222,98
4.197,98
4.218,97
4.231,100
4.231,100
4.201,93
4.165,91
4.183,90
4.136,86
4.166,87
4.183,80
4.119,75
4.083,61
4.056,49
4.108,34
4.164,26
4.205,22
4.205,22
4.209,24
12.667,77
4.065,27
4.090,26
4.156,22
4.285,25
4.256,23
4.164,27
4.011,33
4.006,40
4.055,40
3.957,52
4.009,63
3.943,73
3.948,76
3.974,88
3.828,83
3.715,90
3.555,88
3.466,85
3.367,85
3.345,90
3.297,86
3.269,85
3.253,87
3.244,85
3.265,84
3.219,85
3.236,83
3.278,87
3.261,83
3.269,85
3.283,88
3.289,89
3.248,86
3.295,90
3.259,88
3.253,87
3.301,91
3.277,91
3.289,89
3.271,90
3.278,87
3.264,93
3.301,91

0.221,91


0.234,89
0.217,86
0.197,87


0.177,76
0.171,72
0.163,66
0.162,57
0.162,55

0.162,54




0.160,44

0.160,39

0.160,38
0.160,39

0.160,40
0.165,32

0.110,40
0.135,38
0.135,40
0.162,36
0.163,35
0.135,39



0.136,37
0.161,37
0.135,38
0.210,40

0.136,37

0.185,39
0.160,38

0.164,34
0.185,41
0.110,39


0.135,41






0.160,39



0.135,41

0.114,34
0.135,38


0.160,39
0.160,38




0.135,38

0.110,39

0.160,38


0.137,36
0.135,44




0.135,38
0.162,36

0.135,39
0.161,37
0.163,35

0.135,38
0.160,41



0.111,37
0.160,43

0.110,39

0.135,39
0.135,39

0.160,40
0.112,36




