0.159,37

0.158,39

0.209,37
0.161,35



0.137,34
0.186,35
0.135,36
0.159,37





0.158,38

0.134,37


0.133,38

0.160,36

0.159,37
0.184,37

0.134,37






0.111,35


0.158,38



0.160,36
0.159,37


0.158,43





0.158,38
0.110,36
0.110,36

0.137,34

0.159,37
0.185,36
0.159,37
0.134,37

0.158,40

0.162,34
0.109,37
0.183,38



0.108,43
0.160,36
0.133,38

0.160,36
0.133,41

0.159,37



0.161,35
0.158,40
0.133,38

0.110,36
0.160,36
0.133,39
0.162,34




0.162,34
0.184,37
0.158,38

0.161,35


0.158,38
0.158,39


0.108,39
0.108,38




0.134,37
0.158,38
0.162,34


0.209,37

0.158,39


0.158,40




0.159,48
0.109,52
0.160,55
0.185,53
0.111,62
0.136,63

0.170,73
0.175,76
0.178,83
0.232,84
5.119,90
5.091,94
5.112,93
5.056,92
5.075,96
5.054,97
5.026,102
5.051,102
5.023,101
5.079,103
5.034,104
5.037,105
5.010,104
5.037,105
5.037,105
5.026,102
5.012,105
5.023,101
5.012,105
5.026,102
5.037,105
5.023,101
5.045,95
4.997,95
5.063,99
5.031,92
5.075,96
5.062,93
5.031,92
5.106,92
5.087,93
5.057,88
5.100,91
5.087,93
5.066,94
5.100,96
5.066,94
5.091,94
5.104,97
5.063,99
5.083,98
5.108,98
5.104,97
5.113,99
5.063,99
5.092,100
5.075,96
5.075,91
5.081,92
5.119,90
5.094,90
5.107,88
5.079,82
5.134,83
5.142,85
5.125,91
5.200,96
5.167,100
5.122,101
5.117,100
5.075,102
4.999,101
4.985,104
4.790,105
3.913,108
3.808,106
3.818,102
3.755,105
3.748,103
3.744,102
3.678,98
3.687,100
3.620,96
3.640,95
3.682,93
3.636,94
3.657,93
3.649,97
3.640,95
3.661,94
3.657,93
3.609,89
3.651,92
3.632,93
3.695,96
3.632,93
3.651,92
3.651,92
3.639,90
3.689,90
3.657,93
3.614,90
3.590,90
3.632,93
3.636,94
3.661,94
3.636,94
3.626,92
3.632,93
3.657,93
3.632,93
3.670,96
3.645,91
3.596,91
3.657,93
3.657,93
3.657,93
3.636,94
3.626,92
3.692,101
3.665,95
3.670,96
3.661,94
3.651,92
3.689,90
3.649,82
3.634,79
3.654,78
3.654,83
5.042,85
5.000,81
5.054,82
5.029,82
5.029,82
4.997,86
5.017,85
5.019,90
5.045,95
5.054,97
5.075,102
5.083,104
5.070,107
5.109,111
5.097,108
5.090,106
5.125,102
5.138,99
5.133,98
5.141,94
5.137,93
5.120,95
5.112,93
5.154,97
5.100,96
5.083,98
5.113,99
5.119,107
5.097,108
5.094,107
5.122,101
5.108,98
5.138,99
5.138,99
5.183,104
5.154,103
5.179,103
5.165,106
5.186,105
5.154,103
5.183,104
5.154,103
5.172,101
5.179,103
5.197,101
5.192,100
5.150,102
5.158,98
5.158,98
5.116,94
5.150,96
5.120,95
5.145,95
5.179,97
5.192,100
5.208,98
3.719,96
3.769,96
3.736,100
3.723,97
3.766,101
3.736,100
3.769,102
3.736,100
3.698,103
3.678,98
3.687,100
3.624,97
3.645,102
3.624,97
3.591,95
3.587,94
3.612,94
3.577,92
3.612,94
3.558,93
3.591,95
3.604,104
3.579,98
3.628,98
3.637,100
3.637,100
3.615,95
3.624,97
3.639,90
3.641,86
3.752,104
3.804,105
3.755,105
3.769,102
3.834,100
3.818,87
3.752,83
3.720,87
3.725,92
3.676,92
3.665,95
3.676,92
3.690,95
3.645,91
3.723,97
3.723,97
3.710,94
3.750,92
3.739,95
3.744,91
3.732,89
3.726,88
3.694,81
3.707,84
3.703,83
3.639,80
3.674,82
3.662,85
3.654,83
3.654,83
3.649,82
3.641,86
3.639,90
3.613,85
3.645,91
3.676,92
3.616,86
3.665,95
3.645,91
3.661,94
3.626,92
3.661,94
3.661,94
3.657,93
3.639,90
3.645,96
3.645,96
3.620,96
3.661,94
3.665,95
3.620,96
3.636,94
3.695,102
3.658,99
3.674,97
3.670,96
3.674,97
3.665,95
3.661,94
3.657,93
3.676,92
3.645,91
3.695,96
3.645,91
3.665,95
3.670,96
3.695,102
3.678,98
3.633,99
3.642,101
3.642,101
3.637,100
3.649,103
3.667,101
3.658,99
3.628,98
3.649,103
3.612,94
3.608,93
3.603,88
3.616,86
3.677,88
3.633,89
3.627,88
3.626,92
3.661,94
3.665,95
3.645,96
3.649,97
3.645,96
3.615,95
3.651,92
3.706,93
3.652,88
3.641,86
3.641,86
3.666,86
3.658,89
3.666,86
3.662,85
3.649,82
3.652,77
3.673,74
3.665,69
3.694,81
3.703,78
3.676,76
3.644,81
3.721,74
3.634,79
3.715,86
3.695,91
3.649,82
3.713,90
3.689,90
3.738,90
3.695,91
3.666,86
3.671,87
3.633,89
3.670,91
3.603,88
3.613,85
3.575,82
3.580,83
3.621,87
3.614,90
3.627,88
3.652,88
3.662,85
3.646,87
3.689,90
3.671,87
3.670,91
3.664,90
3.676,92
3.677,88
3.666,86
3.666,86
3.662,85
3.629,83
3.683,84
3.726,88
3.713,90
3.720,87
3.707,89
3.695,87
3.671,87
3.715,86
3.677,88
3.666,86
3.720,87
3.664,90
3.671,87
3.686,94
3.700,92
3.657,93
3.710,94
3.657,93
3.695,91
3.651,92
3.676,92
3.639,90
3.646,87
3.624,82
3.600,82
3.473,73
2.836,67
2.548,66
2.548,65
2.469,58
2.495,59
2.469,55
2.469,56
2.496,60
2.548,64
2.627,66
3.303,75
3.567,86
3.677,88
3.695,91
3.670,91
3.723,97
3.687,100
3.653,98
3.692,101
3.678,98
3.723,97
3.719,91
3.738,90
3.687,85
3.720,87
3.713,90
3.744,91
3.726,88
3.701,88
3.738,90
3.732,89
3.726,88
3.683,84
3.732,89
3.707,89
3.695,87
3.687,85
3.677,88
3.720,87
3.683,84
3.669,81
3.703,83
3.708,79
3.752,78
3.718,72
3.687,64
3.710,63
3.710,65
4.267,76
4.586,82
2.641,92
2.563,92
2.543,93
2.552,95
2.540,104
2.606,101
2.573,94
2.496,85
2.574,85
2.679,85
2.601,85
2.622,89
2.681,90
2.616,88
2.717,97
2.743,97
2.762,101
2.887,100
2.797,110
2.658,108
2.775,111
2.831,112
2.766,109
2.684,108
2.699,105
2.703,106
2.739,102
2.691,103
2.707,107
2.669,104
2.636,109
2.636,109
2.634,115
2.651,119
2.615,123
2.607,121
2.577,120
2.630,114
2.613,97
2.544,84
5.717,80
5.705,88
5.119,90
4.829,102
4.586,103
4.400,106
4.157,107
3.987,101
3.870,97
3.757,89
3.798,92
3.738,90
3.764,95
3.740,86
3.662,85
3.694,81
3.654,78
3.623,74
3.599,74
3.599,74
3.618,71
3.618,71
3.645,72
3.614,68
3.615,69
3.640,69
-99999999
3.643,71
3.667,70
3.808,94
3.860,107
3.838,114
3.866,115
3.831,112
3.823,110
3.797,103
3.764,95
3.720,87
3.707,89
3.689,90
3.662,85
3.658,84
3.677,88
3.689,90
3.662,85
3.654,83
3.683,84
3.679,83
3.687,85
3.732,89
3.689,90
3.707,89
3.706,93
3.711,85
3.711,85
3.695,87
3.726,88
3.744,91
3.695,87
3.738,90
3.726,88
3.691,86
3.698,82
3.703,78
3.684,79
3.629,78
3.695,87
3.714,95
3.732,89
3.715,86
3.627,88
3.725,92
3.700,92
3.720,87
3.666,86
3.671,87
3.662,85
3.658,84
3.703,83
3.713,80
3.713,80
3.697,74
3.671,73
3.671,73
3.613,67
3.643,71
3.588,61
3.538,60
3.463,54
2.939,54
2.546,50
2.494,49
2.391,50
2.495,55
3.414,59
3.612,59
3.613,63
3.667,70
3.722,75
3.684,79
3.694,81
3.679,83
3.637,85
3.706,93
3.732,99
3.678,98
3.682,93
3.695,91
3.613,85
3.528,76
3.390,66
2.815,71
2.989,79
2.571,79
2.759,80
3.404,76
3.478,76
3.479,77
3.358,78
2.609,72
2.508,74
2.447,69
2.532,73
2.719,76
2.931,78
3.288,79
3.430,77
3.506,83
3.538,85
3.605,83
3.658,84
3.613,85
3.662,85
3.662,85
3.715,86
3.720,87
3.713,80
3.698,82
3.658,84
3.654,78
3.627,77
3.602,76
3.605,78
3.629,78
3.664,80
3.595,81
3.654,83
3.619,81
3.677,88
3.637,85
3.641,86
3.654,83
3.633,84
3.652,88
3.732,89
3.701,88
3.741,101
3.812,107
3.835,113
3.770,109
3.695,102
3.503,92
3.199,71
2.989,44
5.665,58
5.641,65
5.675,73
5.702,82
5.752,82
5.786,84
5.761,84
5.612,84
2.132,85
2.119,82
2.046,78
2.043,76
2.072,78
2.082,80
3.764,86
2.219,91
3.732,89
3.723,82
3.736,85
3.694,81
3.723,82
3.732,79
3.740,86
3.764,86
3.780,89
4.373,99
4.817,99
4.821,100
4.854,96
4.785,92
4.804,102
4.798,90
4.676,69
4.701,31
18.498,88
18.553,99
18.544,75
18.678,41

18.456,49
18.440,81
18.420,103
3.694,27
3.610,43
3.760,35
18.421,110
18.360,107
4.105,64
4.208,86
4.184,70
4.176,40
19.216,74
20.159,91
3.666,30
3.762,32
20.579,95
1.927,33
1.948,41
1.948,41
1.952,34
1.927,32
20.526,64
20.408,26
3.566,24
3.536,37
3.560,43
3.560,39
3.610,44
3.560,43
3.567,30
3.612,36
3.742,27
3.889,28
3.810,34
3.807,37
3.836,32
3.833,36
1.973,41
1.922,42
1.948,45
1.950,54
2.030,68
2.034,71
1.951,64
3.709,53
3.660,49
3.659,39
3.659,42
3.614,32
3.612,36
4.893,37
5.040,47
3.636,54
5.066,59
5.042,61
5.072,70
5.057,77
5.028,74
3.742,81
3.697,74
3.723,82
3.652,77
3.654,78
3.659,79
3.623,74
5.067,66
4.992,56
4.919,56
4.450,53
4.202,51
4.128,49
4.105,35
4.106,23
20.524,49
20.475,56
20.525,53
20.626,63
20.629,69
2.130,37
2.181,38
2.132,35
2.132,35
2.190,25
20.347,89
4.257,30
4.227,47
4.304,67
4.241,75
4.246,83
4.204,85
4.194,88
4.216,97
4.203,94
4.225,99
4.220,104
4.177,106
3.941,96
3.941,91
4.034,95
4.142,103
4.163,102
4.077,99
4.030,94
4.100,93
4.212,96
4.237,102
4.212,96
4.166,74
4.080,55
3.842,72
3.848,92
3.741,101
3.736,100
3.752,98
3.769,96
3.804,93
3.836,90
3.769,87
3.780,89
3.848,92
4.108,95
4.385,102
4.404,95
4.484,73
4.334,81
4.319,98
4.324,84
4.367,88
4.393,104
4.404,107
4.364,103
4.368,104
4.389,103
4.351,94
4.342,88
4.391,92
4.347,93
4.393,98
4.404,107
4.385,102
4.406,108
4.410,109
4.404,107
4.382,108
4.386,109
4.393,104
4.404,107
4.389,103
4.389,103
4.360,102
4.368,104
4.343,104
4.375,106
4.360,102
4.368,104
4.354,107
4.339,103
4.375,106
4.368,104
4.396,105
4.335,102
4.377,100
4.357,101
4.319,98
4.315,97
4.318,88
4.285,81
4.264,74
4.258,70
4.203,58
4.256,31
21.242,78
4.405,30
4.402,60
4.408,81
4.398,99
4.382,101
4.368,98
4.329,90
4.364,103
4.357,108
4.400,106
4.339,103
4.377,100
4.373,84
4.341,76
4.357,70
4.303,62
4.303,64
4.328,64
4.328,64
4.304,67
4.311,72
4.329,80
4.354,90
4.357,101
4.410,109
4.373,112
4.404,107
4.409,96
4.416,77
4.353,67
4.320,83
4.306,95
4.343,104
4.361,109
4.406,101
4.438,82
4.357,70
4.312,87
4.326,106
4.324,112
4.373,112
4.373,112
4.340,110
4.365,110
4.316,110
4.324,112
4.336,109
4.329,107
4.336,109
4.328,113
4.324,112
4.320,111
4.354,107
4.297,105
4.326,106
4.343,104
4.335,102
4.326,106
4.339,103
4.298,93
4.290,82
4.258,70
4.229,66
4.155,63
4.154,57
4.153,49
4.152,44
20.577,34
20.573,38

4.353,23
4.305,68
4.373,99
4.364,97
4.360,96
4.348,89
4.257,86
4.335,91
4.400,106
4.299,89
4.324,84
4.409,91
4.422,99
4.385,102
4.426,100
4.468,83
4.476,60
15.220,114
4.356,30
4.402,65
4.367,77
4.416,88
4.404,95
4.393,98
4.413,97
4.398,99
4.376,94
4.391,92
4.401,94
4.404,95
4.391,92
4.364,97
4.426,100
4.398,99
4.385,96
4.380,95
4.389,97
4.409,96
4.398,84
4.402,66
4.448,39
15.257,117
15.322,121
15.259,124
15.261,118
15.386,118
15.199,115
15.268,120
15.293,120
15.192,113
15.081,110
15.003,109
15.023,108
15.001,115
15.079,116
15.046,114
15.021,114
15.046,114
15.079,116
15.094,120
15.123,121
15.136,118
15.153,116
15.178,116
15.048,108
14.965,112
14.969,113
15.087,118
15.311,131
15.299,128
16.547,122
16.605,111
16.790,114
18.615,102
18.598,104
18.526,105
18.199,98
18.024,98
17.817,102
17.797,110
17.811,107
17.800,104
17.771,97
17.899,88
18.782,67
18.928,44
18.929,47
18.931,63
18.980,58
18.907,67
18.839,72
18.803,79
18.823,78
18.848,78
18.815,87
18.877,89
19.063,91
19.192,97
19.259,86
19.313,91
19.208,95
19.221,104
19.271,104
19.310,101
19.263,102
19.213,91
19.319,92
19.518,92
19.574,93
19.557,95
19.428,94
19.320,88
19.295,88
19.219,92
19.201,89
19.201,89
19.169,92
19.182,90
19.176,89
19.175,93
19.188,91
19.175,93
19.169,92
19.201,89
19.170,88
19.138,91
19.157,90
19.179,94
19.169,92
19.233,95
19.169,92
19.170,88
19.205,85
19.232,90
19.232,90
19.219,92
19.518,92
19.288,96
4.473,38
4.499,57
4.601,33
18.565,91
17.832,106
17.846,97
14.913,105
15.003,109
15.064,112
15.119,120
15.220,114
10.020,110
9.877,112
9.847,104
9.897,104
9.948,98
5.964,94
5.985,93
6.054,88
6.018,86
6.016,80
6.023,87
5.999,87
6.010,89
5.973,91
6.002,97
5.968,95
6.022,102
6.008,105
6.041,107
6.019,101
6.014,100
6.017,95
6.019,101
5.934,105
5.936,112
5.920,108
6.007,111
6.033,105
5.984,105
6.039,113
6.054,117
6.087,106
6.094,108
6.067,114
6.048,109
6.035,99
6.055,98
6.044,101
6.055,104
6.073,109
6.094,108
6.098,109
6.139,113
6.087,106
6.083,105
6.129,117
6.165,120
6.154,117
6.121,115
6.091,107
6.035,99
6.026,97
6.055,104
5.952,103
5.802,103
5.599,102
5.496,101
5.471,101
5.457,98
5.416,100
5.499,102
5.510,105
5.496,101
5.550,109
5.688,106
5.757,111
5.842,107
5.920,108
5.952,97
6.022,91
6.021,81
5.967,80
6.080,104
6.029,117
5.949,109
5.823,96
5.743,95
5.374,91
5.416,100
5.394,114
5.435,118
5.286,105
5.140,106
5.108,98
5.067,100
5.111,105
5.055,103
5.030,103
5.067,100
5.058,98
5.195,95
5.453,97
5.594,95
5.681,98
5.714,94
5.723,91
5.729,92
5.685,93
5.662,89
5.494,95
5.187,93
5.100,96
5.079,103
5.062,105
5.045,107
5.094,107
5.034,104
5.140,106
5.443,107
6.002,103
5.873,91
5.823,102
6.044,108
6.041,107
5.995,101
5.998,96
6.026,103
6.014,113
6.017,114
6.056,111
6.073,109
6.114,113
6.102,110
6.164,113
6.097,102
6.084,93
5.992,80
6.026,82
6.047,96
6.014,100
6.010,99
6.010,99
6.010,99
6.044,101
6.030,104
6.023,109
6.052,110
6.042,114
6.035,112
6.098,109
6.072,102
6.081,111
6.048,109
6.106,111
6.047,96
6.084,93
6.010,112
5.945,108
6.031,111
6.044,108
5.695,108
5.374,102
5.378,97
5.465,94
5.528,97
5.524,102
5.475,109
5.454,110
5.462,112
5.458,111
5.468,107
5.596,108
5.749,109
5.943,114
6.031,111
6.081,111
6.056,111
6.098,109
6.144,108
6.083,105
6.076,103
6.019,101
6.055,104
6.055,104
6.030,104
6.076,103
6.063,94
6.069,108
5.832,111
6.058,118
6.010,112
5.848,102
5.859,105
5.953,110
6.037,106
6.019,108
5.999,109
5.995,108
6.016,107
6.014,100
6.010,99
5.860,93
5.257,88
5.104,75
5.092,66
5.041,53
5.687,39
5.887,45
5.915,64
5.951,74
5.977,82
5.977,82
5.990,85
5.973,91
6.002,97
5.973,96
5.973,96
6.014,100
5.965,100
5.998,102
5.984,105
5.984,105
5.990,100
5.977,103
6.006,98
6.013,94
5.973,91
6.016,90
6.053,92
6.047,91
6.084,93
5.993,95
6.030,98
5.973,91
5.973,96
5.881,98
5.698,96
5.416,100
3.366,100
3.240,106
3.236,105
3.247,108
3.242,113
3.189,112
3.203,116
3.143,113
3.166,106
3.134,104
3.065,89
3.041,79
3.025,81
3.046,80
3.006,76
3.015,79
3.009,78
3.041,79
3.073,86
3.020,80
3.036,78
3.081,75
3.103,73
3.084,77
3.071,80
3.061,83
3.061,78
3.041,79
3.083,76
3.084,77
3.080,74
3.030,75
3.045,67
3.091,79
3.201,91
3.346,101
3.466,107
3.679,111
5.525,109
5.342,113
5.225,102
5.275,102
5.521,108
5.692,107
5.792,107
5.845,108
5.928,110
3.298,115
3.283,111
3.283,111
3.308,111
3.443,114
3.540,107
6.302,123
6.258,118
6.225,116
6.250,116
6.308,118
6.240,120
6.140,120
3.454,117
3.364,119
3.450,116
3.422,115
3.393,114
3.390,113
3.350,109
3.303,103
3.321,101
3.267,100
3.219,90
3.189,84
3.157,76
3.154,74
3.126,72
3.168,85
3.216,94
3.250,102
3.263,99
3.279,103
3.293,107
3.265,106
3.325,109
3.308,111
3.316,113
3.298,115
3.323,115
3.327,116
3.294,114
3.242,113
3.249,115
3.253,116
3.226,109
3.159,104
5.612,99
5.870,101
6.080,104
6.034,93
6.026,82
5.997,81
6.034,93
6.006,98
6.002,103
5.973,102
5.981,98
5.970,101
6.002,103
6.002,97
6.006,98
5.986,99
6.013,94
6.009,93
6.022,96
5.968,95
5.986,99
5.970,101
5.952,103
5.995,108
5.988,106
5.768,95
5.200,102
5.147,108
5.350,109
5.998,96
5.945,70
6.004,76
6.001,74
5.979,76
5.995,70
6.039,62
6.039,60
6.056,78
6.056,83
6.063,94
6.051,97
6.119,108
6.094,108
6.155,104
6.163,94
6.139,100
6.130,104
6.122,102
6.097,91
6.039,85
6.085,89
6.072,91
6.076,97
6.110,99
5.881,104
5.362,99
5.428,103
6.017,114
6.202,110
6.185,112
6.216,107
6.206,111
6.222,102
6.219,108
6.318,101
6.348,109
6.348,109
6.304,98
6.181,78
6.148,73
6.166,80
6.139,85
6.091,80
6.050,74
6.115,67
10.096,92
10.098,98
10.028,99
10.019,97
9.978,99
9.932,100
9.826,93
9.836,101
9.974,111
9.978,112
10.102,118
10.174,111
10.128,99
10.040,91
9.991,87
9.957,85
9.961,86
10.010,86
4.478,68
4.394,83
4.435,87
4.503,95
4.601,107
4.581,115
4.634,116
4.600,120
6.252,110
6.226,103
6.216,107
6.212,106
6.205,98
6.238,94
6.253,88
6.238,85
6.230,83
6.210,84
6.168,86
6.147,91
6.188,94
6.172,96
6.164,100
6.185,99
6.227,110
6.256,111
6.235,112
6.250,116
6.217,114
6.275,116
6.244,108
6.216,107
6.183,105
6.187,106
6.205,104
6.191,107
6.183,105
6.235,112
6.198,109
6.162,106
6.162,106
6.194,108
6.158,105
6.226,103
6.210,99
6.188,94
6.173,87
6.171,81
6.142,69
6.113,55
6.036,38
15.783,83
15.812,89
15.746,108
15.816,113
15.971,121
15.894,114
1.851,14
1.830,28
1.821,38
1.897,39
1.821,42
1.847,47
1.821,44
1.847,46
1.897,42
1.846,41
1.951,35
10.033,113
4.472,84
4.480,70
4.415,76
4.448,79
4.440,76
4.426,63
4.424,47
4.349,39
4.502,15
15.696,70
6.141,33
6.138,58
6.189,67
6.170,71
6.156,78
6.196,81
6.160,84
6.135,84
6.160,89
6.172,91
6.154,88
6.193,86
6.238,85
4.478,90
4.504,86
4.597,106
4.710,123
4.781,122
6.202,110
6.256,111
6.216,107
6.189,100
6.155,98
6.205,98
6.203,92
6.222,91
6.229,88
6.193,86
6.135,84
6.198,87
6.139,85
6.188,94
6.188,94
6.172,91
6.164,100
6.169,108
6.167,114
6.192,114
6.162,119
6.171,115
6.139,113
6.127,110
6.155,104
6.144,101
6.147,96
6.134,93
6.172,91
6.166,90
6.138,94
6.172,102
6.191,107
6.177,110
6.148,109
6.202,110
6.156,111
6.144,108
6.166,107
6.166,107
6.162,106
6.206,111
6.156,111
6.198,109
6.202,110
6.169,108
6.205,104
6.172,96
6.228,92
6.294,108
6.294,121
6.202,110
6.175,116
6.214,113
6.183,105
6.198,109
6.162,106
6.183,105
6.180,98
6.201,97
6.197,96
6.205,98
6.217,95
6.230,98
6.197,96
6.260,99
6.226,103
6.230,104
6.230,104
6.226,103
6.194,108
6.219,108
6.202,110
6.217,114
6.187,106
6.223,109
6.191,107
6.187,106
6.172,102
6.160,99
6.197,96
6.247,87
6.139,85
6.148,87
6.213,94
6.251,103
6.325,116
6.398,122
6.329,104
6.079,77
6.146,81
6.169,101
6.198,109
6.177,110
6.206,111
6.205,104
6.280,98
6.210,89
6.121,81
6.160,89
6.098,87
6.135,84
6.154,88
6.188,94
6.247,102
6.347,102
6.327,110
6.321,115
6.383,118
6.294,121
6.366,120
6.349,122
6.337,119
6.356,111
6.312,106
10.045,97
10.032,94
10.069,97
10.090,96
10.103,99
10.026,105
9.872,98
9.940,96
10.063,108
10.086,114
9.990,102
9.970,110
9.962,101
9.937,101
9.855,57
17.561,90
9.805,55
9.771,104
9.798,111
9.786,101
9.738,96
9.712,81
9.771,98
6.793,95
9.667,97
6.984,118
6.827,97
6.773,102
6.799,109
6.823,102
6.854,92
6.867,90
6.854,92
6.849,87
6.867,90
6.836,89
6.886,84
6.805,77
6.836,84
6.855,88
6.864,94
2.056,90
2.088,96
1.984,96
2.045,98
2.079,94
2.050,89
2.069,92
2.149,98
2.268,101
2.216,101
2.154,99
6.828,110
6.770,108
6.777,103
6.748,96
6.785,93
6.760,93
6.729,92
6.789,94
6.886,112
7.058,124
7.073,115
9.822,104
6.706,98
6.723,91
9.781,100
9.854,106
9.858,107
9.848,111
9.822,104
9.843,103
9.825,105
9.850,105
9.843,103
9.895,92
6.079,88
6.272,96
6.194,101
6.180,104
6.276,103
6.298,109
6.302,110
6.398,109
9.735,101
9.754,94
9.738,96
9.814,102
9.793,103
9.808,107
9.786,101
9.806,100
9.809,95
9.776,89
9.776,89
9.786,101
9.811,108
6.961,125
6.988,119
6.911,112
6.839,94
9.873,78
2.181,40
2.077,43
2.077,40
2.025,38
1.981,25
9.856,63
9.795,92
9.770,88
9.781,85
9.815,73
9.855,94
9.861,108
2.052,37
1.999,44
1.975,57
2.037,87
2.031,69
2.145,97
2.141,96
2.230,105
2.149,98
2.164,101
2.083,95
2.119,82
2.154,89
2.153,93
2.102,89
2.080,85
2.034,71
2.056,68
2.033,70
2.036,72
2.039,74
2.034,71
1.984,72
2.031,69
2.033,70
2.031,69
2.033,70
2.008,71
1.977,67
2.004,68
2.034,71
2.007,70
2.054,63
1.976,65
1.976,65
1.976,65
1.976,65
2.030,68
2.029,67
2.008,71
2.028,66
2.004,68
1.981,70
2.005,69
1.976,65
1.976,64
2.028,66
2.002,64
2.028,63
2.003,67
2.016,76
2.014,82
2.037,87
1.988,82
1.984,72
2.033,70
1.952,67
1.979,69
1.976,65
1.977,67
1.925,65
1.976,66
1.937,74
2.009,81
2.154,89
6.793,95
6.845,101
6.761,99
5.923,91
5.839,94
5.856,98
6.344,101
6.964,94
6.924,87
6.927,82
6.879,76
6.890,62
6.913,51
2.234,46
1.953,16
17.336,61
8.091,52
8.259,88
8.231,103
8.471,100
8.443,79
8.545,47
1.871,44
2.029,67
2.005,69
2.020,78
2.020,83
1.985,73
2.011,73
2.040,75
2.089,73
2.061,81
2.046,78
2.132,60
7.240,53
7.293,68
7.306,77
7.298,81
7.308,83
7.315,94
7.358,98
7.358,98
7.379,103
7.372,101
7.282,104
6.191,107
6.042,95
5.993,95
5.998,96
6.014,100
6.119,101
6.089,85
2.130,106
2.119,97
2.089,87
2.028,63
1.927,68
1.978,68
1.951,63
1.977,67
1.979,69
1.977,67
1.976,66
1.979,69
2.008,71
1.987,74
1.991,77
2.050,89
2.085,101
2.194,109
2.156,106
2.123,104
2.088,96
2.053,94
1.994,83
2.044,77
1.994,83
2.075,93
2.128,89
1.959,91
7.388,99
7.417,100
7.372,101
7.388,99
7.413,99
7.479,97
7.512,89
7.367,85
7.387,93
7.335,105
7.068,107
6.312,106
6.141,107
6.083,105
6.101,103
6.110,99
6.139,100
6.092,95
6.059,93
6.034,93
6.034,93
6.069,101
6.089,100
6.042,95
6.010,89
6.029,77
5.990,85
5.948,91
6.250,116
6.237,119
6.129,117
2.132,113
2.168,109
2.208,106
2.149,98
2.111,101
2.102,99
2.069,92
2.032,86
2.083,95
2.130,106
2.146,110
2.137,108
2.145,103
2.210,100
7.212,99
6.469,101
6.205,104
6.160,99
6.092,95
6.158,105
6.148,109
2.106,113
2.083,114
2.113,115
2.082,107
2.102,99
2.050,89
1.963,75
1.977,67
1.981,70
1.976,66
2.002,63
1.978,68
1.978,68
2.002,65
2.029,67
2.029,67
2.060,71
2.031,69
1.981,70
2.008,71
2.030,68
2.005,69
2.005,69
2.060,71
2.036,72
2.034,71
2.010,72
2.060,71
2.007,70
2.033,70
2.036,72
2.034,71
2.039,74
2.031,69
2.029,67
1.985,73
2.011,73
2.051,79
2.044,88
2.088,91
2.076,89
2.082,90
2.101,93
2.123,98
2.115,91
2.127,93
2.072,83
2.008,71
2.029,67
2.063,87
2.131,94
2.056,90
2.037,87
2.028,85
1.941,77
2.011,73
1.999,79
1.953,80
2.040,75
1.956,70
1.951,65
1.925,66
2.079,59
2.078,51
2.026,52
2.131,54
2.027,54
6.164,62
6.212,59
2.079,58
6.197,73
6.404,77
6.175,74
6.238,85
6.238,85
6.284,84
6.265,90
6.271,91
6.362,106
6.406,111
6.391,107
6.372,102
6.299,74
1.923,50
2.025,38
1.974,50
1.977,67
2.056,68
2.033,70
2.080,66
2.029,67
2.028,65
2.063,73
2.059,70
2.063,73
2.077,79
2.154,89
2.199,92
2.193,96
2.154,89
2.128,89
2.124,83
2.108,80
2.086,71
2.092,74
2.088,72
2.141,72
2.082,68
2.088,72
2.184,85
2.173,92
2.197,97
2.216,101
2.201,98
2.240,95
2.116,73
2.106,65
2.106,60
2.054,60
2.080,60
2.106,61
2.028,61
2.080,62
2.105,59
2.137,70
2.291,107
2.294,108
2.276,110
2.214,114
2.289,113
2.287,106
2.311,99
6.242,95
6.218,86
6.214,85
6.280,98
6.360,99
6.655,104
7.429,103
8.332,103
6.344,101
6.230,83
6.242,86
6.287,94
6.251,97
6.272,102
6.291,95
6.255,98
6.313,100
6.387,106
6.441,107
6.498,109
6.340,107
6.312,106
6.247,102
6.237,106
6.227,110
6.260,112
6.264,113
6.264,113
6.294,108
6.340,107
6.398,109
6.352,110
6.312,106
6.229,88
6.192,95
6.222,96
6.234,93
6.255,98
6.276,103
6.247,91
6.225,82
6.272,73
6.213,63
6.139,66
6.205,78
6.241,90
6.269,101
6.252,110
6.264,113
6.258,105
6.272,102
6.255,98
6.358,105
6.406,111
6.425,116
6.448,122
6.452,123
6.523,122
6.400,116
6.535,112
8.505,109
8.455,109
6.452,110
6.392,114
6.440,120
6.487,119
6.465,120
6.377,110
6.332,105
6.332,105
6.283,93
6.300,97
6.271,91
6.309,84
6.397,91
6.378,92
6.384,93
6.410,99
6.387,106
6.391,107
6.385,99
6.410,89
6.453,92
6.447,91
6.378,92
6.401,97
6.401,97
6.414,100
6.376,97
6.388,94
6.397,96
6.353,92
6.397,96
6.388,94
6.385,89
6.378,92
6.428,92
6.478,92
10.222,77
10.219,82
10.243,74
12.821,125
12.813,123
12.836,116
12.848,119
10.144,75
10.161,86
10.190,91
10.219,97
10.290,96
6.255,83
6.199,74
6.156,78
10.432,85
10.414,81
10.419,82
10.399,83
8.596,94
8.563,98
8.552,101
8.552,101
8.473,90
8.435,92
8.411,88
8.411,88
8.345,85
8.387,83
8.476,101
8.494,106
8.448,107
10.246,92
10.257,85
6.347,91
6.348,87
6.329,98
6.296,96
6.276,97
6.333,93
6.277,92
6.315,90
6.321,91
6.341,95
6.360,99
6.360,99
6.372,102
6.351,97
6.340,90
6.397,96
6.487,106
6.462,106
6.494,108
6.523,109
6.498,109
6.473,109
6.433,105
6.426,97
6.372,96
6.430,98
6.422,102
6.401,97
6.384,93
6.416,90
6.428,92
6.385,89
6.391,90
6.398,87
6.416,90
6.416,90
6.442,95
6.526,103
6.530,104
6.594,108
6.546,115
6.590,120
6.422,91
6.340,90
6.363,94
6.369,101
6.397,102
6.394,101
6.441,107
6.506,111
6.541,107
6.405,98
6.364,85
6.337,94
0.472,74
0.528,83
0.576,88
0.626,88
0.665,86
0.640,86
0.611,85
0.688,90
0.661,85
0.665,86
0.682,89
0.657,89
0.720,87
0.757,89
0.738,80
0.673,82
0.675,76
0.725,76
0.682,84
0.776,88
0.653,83
0.788,90
0.682,89
0.615,86
0.820,87
0.514,69
6.782,111
6.614,113
6.604,117
6.519,108
6.497,96
6.404,88
6.360,84
6.348,87
6.343,86
6.379,88
6.428,92
6.404,88
6.429,88
6.460,89
6.404,88
6.404,88
6.410,89
6.360,89
6.327,92
6.322,87
6.325,82
6.338,85
6.343,86
6.343,86
6.366,90
6.379,88
6.343,86
6.309,84
6.338,85
6.317,86
6.348,87
6.410,89
6.373,87
6.410,89
6.376,82
6.360,84
6.368,86
6.371,81
6.361,79
6.523,87
6.784,105
6.795,108
6.702,103
6.529,88
6.528,92
6.510,89
6.464,85
6.633,105
6.807,111
6.926,116
7.017,120
7.039,119
7.087,112
8.795,99
8.782,102
8.886,110
8.839,104
8.819,99
8.835,103
8.828,101
8.943,105
9.082,115
9.100,113
8.951,107
8.936,103
8.897,106
8.990,104
8.932,91
8.902,95
8.932,96
8.951,107
9.032,115
9.040,117
9.002,114
8.949,113
8.966,111
8.912,110
8.962,110
8.926,107
8.920,112
8.924,113
8.867,105
8.835,103
8.765,111
10.650,118
9.132,128
9.055,121
8.811,103
8.831,102
8.894,99
8.864,104
8.860,103
8.860,97
8.949,100
9.044,105
9.015,98
8.965,98
8.982,96
8.899,85
8.894,84
8.936,82
8.914,77
8.939,77
8.916,78
8.945,84
9.024,94
9.015,98
9.066,104
9.030,101
9.073,106
9.033,102
8.988,92
8.920,89
8.869,89
8.936,97
8.889,98
8.873,100
8.885,103
8.856,96
8.873,100
8.869,99
8.864,98
8.881,102
8.856,102
8.885,103
8.897,106
8.892,105
8.856,102
8.881,102
8.885,103
8.929,101
8.926,107
8.961,103
8.918,105
8.918,105
8.940,104
8.943,105
8.954,108
8.970,112
9.016,111
9.028,114
8.962,110
8.958,109
8.947,106
8.958,109
8.908,109
8.842,105
8.848,100
8.881,102
8.807,102
8.839,104
8.807,102
8.831,102
8.818,105
8.811,103
8.811,103
0.763,33
0.808,40
0.733,44
0.758,40
0.809,49
0.809,48
0.759,52
0.759,50
0.735,54
0.761,61
0.775,76
0.820,87
0.838,90
0.857,89
0.763,80
0.811,64
0.761,65
0.764,69
0.794,72
0.764,69
0.773,75
0.801,77
0.820,73
0.819,72
0.769,72
0.820,73
0.778,78
0.825,76
0.772,74
0.850,76
0.844,72
0.822,74
0.792,71
0.819,72
0.797,74
0.797,74
0.822,74
0.823,75
0.826,77
0.822,74
0.822,74
0.873,75
0.848,75
0.841,70
0.814,69
0.816,70
0.814,69
0.847,74
0.797,74
0.838,80
0.858,79
0.883,79
0.888,80
0.868,81
0.851,77
0.878,78
0.825,76
0.851,77
0.851,77
0.838,80
0.863,80
0.888,80
0.893,81
0.858,79
0.826,77
0.883,79
0.888,80
0.858,79
0.858,79
0.878,78
0.823,75
0.876,77
0.847,74
0.823,75
0.869,72
0.847,74
0.817,71
0.848,75
0.894,72
0.872,74
0.876,77
0.900,76
0.894,72
0.875,76
0.870,73
0.922,74
0.895,73
0.864,69
0.923,75
0.864,69
0.888,68
0.861,66
0.911,61
0.910,56
0.909,50
0.838,33
8.949,100
8.876,95
8.847,94
8.940,104
9.113,123
8.860,103
8.974,100
8.911,103
8.951,107
8.961,103
9.052,107
9.073,106
8.993,105
8.965,104
8.972,106
8.976,107
8.979,108
8.873,100
9.042,124
8.924,113
8.808,109
8.816,111
8.820,112
8.816,111
8.822,106
8.770,99
8.819,99
8.819,99
8.864,98
8.885,103
8.881,102
8.842,105
8.846,106
8.844,99
8.945,84
8.983,73
8.837,76
8.794,84
8.793,93
8.828,101
8.823,100
8.814,98
8.790,98
8.814,98
8.837,92
8.857,87
8.810,82
8.899,85
0.958,38
0.834,47
0.759,49
0.733,43
0.909,47
0.865,30
0.890,30
0.889,31
0.914,31
0.862,34
0.783,38
0.811,35
0.784,37
0.783,38
0.783,39
0.810,36
0.808,41
0.785,36
0.808,40
0.808,41
0.785,36
0.810,36
0.809,37
0.883,39
0.909,37
0.808,39
0.864,31
0.862,34
0.865,30
0.938,33
0.889,31
0.912,34
0.860,36
0.966,25
0.966,29
0.991,29
0.864,31
0.915,30
0.893,27
1.061,36
0.892,28
0.963,32
0.767,28
1.088,34
8.844,89
8.815,78
9.066,104
9.206,121
9.200,126
9.149,119
8.972,106
8.907,102
8.889,98
8.915,104
8.932,102
8.926,107
0.937,34
0.809,37
0.834,48
0.810,53
0.860,56
0.861,61
0.861,63
0.911,64
0.886,66
0.912,67
0.888,68
0.889,69
0.912,67
0.922,74
0.964,69
0.944,72
0.923,75
0.926,77
0.973,75
0.948,75
0.926,77
0.948,75
0.975,76
0.920,73
0.970,73
0.925,76
0.951,77
0.972,74
0.966,70
0.939,69
0.970,73
0.961,65
0.911,63
0.960,57
0.961,60
0.960,53
0.909,52
0.909,46
0.933,45
0.958,44
0.908,43
0.984,37
0.958,38
1.059,39
0.984,37
1.012,34
1.059,41
1.110,44
0.983,44
1.010,55
1.010,53
1.010,57
1.011,64
1.037,66
0.963,68
0.989,69
0.994,72
0.970,73
1.023,75
0.997,74
1.026,77
1.023,75
1.025,76
1.023,75
0.992,71
1.026,77
1.025,76
0.975,76
1.028,78
0.988,80
0.983,79
0.993,81
0.988,80
1.007,84
1.007,84
1.023,82
0.982,84
1.003,83
1.011,85
1.015,86
1.003,83
1.026,88
1.032,89
0.998,82
0.986,85
1.003,83
1.023,82
1.018,81
0.978,78
1.026,77
1.026,77
0.998,75
0.997,74
0.997,74
1.023,75
0.978,78
0.997,74
0.976,77
0.994,72
0.997,74
1.023,75
0.978,78
1.022,74
1.020,73
1.013,68
1.016,70
0.967,71
0.987,67
0.986,66
1.013,68
0.961,65
0.967,71
0.988,68
1.011,64
0.961,64
1.011,64
0.986,64
1.037,65
1.043,71
1.058,84
1.096,91
1.141,95
1.019,72
1.020,73
1.023,75
1.049,75
1.076,76
1.077,77
1.022,74
1.045,72
1.043,71
1.070,72
1.068,71
1.019,72
1.045,72
1.068,71
1.042,70
1.074,75
1.025,76
1.074,75
1.105,78
1.074,75
1.039,80
1.049,75
1.076,76
1.103,77
1.074,75
1.052,77
1.105,78
1.173,87
1.163,94
1.231,98
1.240,100
1.248,102
1.252,103
1.245,101
1.218,95
1.168,86
1.068,71
1.124,74
1.096,72
1.076,76
1.084,79
1.079,78
1.077,77
1.077,77
1.079,78
1.074,75
1.079,78
1.128,77
1.173,87
1.191,90
1.150,97
1.180,104
1.201,103
1.223,96
1.160,84
1.119,71
1.087,61
1.113,62
1.088,67
1.074,75
1.102,76
1.062,60
1.062,63
1.068,71
1.070,72
1.073,74
1.073,74
1.110,79
1.094,81
1.059,79
1.052,77
1.079,78
1.079,78
1.105,78
1.077,77
1.135,79
1.097,73
1.070,72
1.039,68
1.011,64
1.060,52
1.008,42
1.084,41
1.084,40
1.111,50
1.162,57
1.147,87
1.167,95
1.172,96
1.008,79
0.911,63
0.798,75
0.744,91
0.638,90
0.611,85
0.475,76
0.525,76
0.500,76
0.413,68
0.467,71
0.643,81
0.545,73
2.337,84
2.285,84
2.280,83
2.280,78
2.297,72
2.272,73
2.278,77
2.291,80
2.285,84
2.280,83
2.289,85
2.293,86
2.215,86
2.241,86
2.132,85
2.106,85
1.810,82
1.216,80
1.128,77
1.079,78
1.074,75
1.073,74
1.020,73
1.070,72
1.042,70
1.014,69
1.045,72
1.049,75
1.045,72
1.067,70
1.026,77
1.017,71
1.017,71
1.013,68
1.012,67
1.013,68
1.020,73
1.074,75
1.046,73
1.023,75
1.076,76
1.048,74
1.079,78
1.178,77
1.749,80
1.887,82
2.040,75
2.095,76
2.098,78
2.176,78
2.200,77
2.252,77
2.252,77
2.223,75
2.301,75
2.248,74
2.295,71
2.238,67
2.291,68
2.237,63
2.263,66
2.341,61
2.236,57
2.262,55
10.090,96
10.182,100
10.121,92
10.010,86
9.566,75
9.445,83
9.449,84
9.449,84
9.550,84
9.634,101
9.478,113
9.575,125
6.722,115
6.664,113
6.650,116
6.726,116
6.656,111
6.621,115
6.633,105
6.384,93
6.305,78
6.313,63
6.328,77
6.360,89
6.387,106
6.377,110
6.422,102
6.460,89
2.456,74
2.341,64
2.392,54
2.391,47
2.313,51
2.340,58
2.340,59
2.340,57
2.341,62
2.315,63
2.341,60
2.289,64
2.341,62
2.315,63
2.393,60
2.289,60
2.288,59
2.341,60
2.340,59
2.341,64
2.349,72
2.454,91
2.522,94
2.454,96
2.522,94
2.449,86
2.393,63
2.392,58
2.398,70
2.432,82
2.467,89
2.506,96
2.563,92
2.583,91
6.419,101
2.598,106
2.570,99
2.596,99
2.527,95
2.594,105
2.555,108
2.609,102
2.739,91
3.204,97
2.861,100
2.783,100
3.337,112
3.402,103
3.414,94
3.427,97
3.431,98
3.368,95
9.396,105
9.325,106
6.880,117
6.834,118
6.780,117
6.776,116
6.768,114
6.732,111
6.717,107
6.660,99
6.597,96
6.597,96
6.567,95
6.626,97
6.605,98
6.630,98
6.642,95
6.711,99
6.807,111
3.428,110
3.321,108
3.330,92
3.392,90
9.285,96
9.027,90
8.976,90
8.994,93
3.473,87
3.443,95
3.593,101
3.692,108
3.711,113
6.055,104
6.030,104
6.033,105
6.039,100
9.011,103
6.539,85
6.706,98
4.570,112
4.582,102
4.466,77
4.463,82
4.565,104
4.663,117
4.710,123
4.727,121
4.648,113
7.472,101
7.569,95
7.619,95
7.593,90
7.541,85
7.463,79
2.587,82
2.657,86
2.687,91
2.613,97
2.635,96
2.570,99
2.658,101
2.632,101
2.609,96
2.589,92
2.483,82
2.480,73
2.486,77
2.462,78
2.457,75
2.462,78
2.472,80
2.449,70
2.456,74
2.449,70
2.393,61
2.467,79
6.692,80
6.592,69
6.556,78
6.736,99
6.853,110
9.128,95
9.087,103
8.827,114
8.031,110
7.850,96
7.813,89
7.672,71
7.677,74
9.075,85
6.214,85
9.178,90
9.096,89
8.957,102
7.983,98
7.906,92
8.918,105
9.004,108
2.498,68
2.505,72
2.497,67
2.470,62
2.496,65
2.496,65
2.480,73
2.613,97
2.684,101
2.609,102
6.287,94
6.334,99
6.325,103
6.325,103
6.294,101
2.655,107
2.614,110
2.655,107
2.587,103
2.565,98
2.589,92
2.531,91
2.496,85
2.435,77
2.404,74
2.411,78
2.400,81
2.389,84
2.409,88
2.421,90
2.374,81
2.390,79
2.382,76
2.395,80
2.487,88
2.473,90
2.543,93
2.499,90
2.471,85
2.460,77
2.482,74
2.454,73
2.428,73
2.457,75
2.404,74
2.398,70
2.398,70
2.421,68
2.368,67
2.367,64
2.341,60
2.291,68
2.343,80
2.411,83
2.397,86
2.506,87
2.423,86
2.447,90
2.632,101
2.561,97
2.529,101
2.442,79
2.426,81
2.441,89
2.402,87
2.346,70
2.341,64
2.288,57
2.368,67
2.341,63
2.314,59
2.341,62
2.263,64
2.367,61
2.367,63
2.292,69
2.321,71
2.300,74
2.318,69
7.401,73
7.439,79
7.407,77
7.438,84
7.413,84
7.463,89
7.437,93
7.437,93
7.400,91
7.394,90
7.432,88
7.479,97
7.472,101
7.458,98
7.454,97
7.375,96
7.316,85
7.303,82
7.312,89
5.662,99
5.612,99
5.621,108
5.480,92
5.383,83
5.399,72
5.297,70
0.763,33
8.123,70
7.516,65
0.759,46
0.761,63
0.667,71
0.722,74
0.720,73
0.667,71
0.663,68
0.710,58
0.710,53
0.685,57
0.660,59
0.685,59
0.711,61
0.711,60
0.711,65
0.713,68
0.767,71
0.745,73
0.694,72
0.764,69
0.716,70
0.767,71
0.745,73
0.742,71
0.741,70
0.711,66
0.762,67
0.761,62
0.810,56
0.810,58
0.860,56
0.960,57
1.009,52
0.985,59
0.985,57
1.011,60
1.011,61
1.062,61
1.037,65
1.062,66
1.067,70
1.113,66
1.113,65
1.113,64
1.113,63
1.112,56
0.960,55
1.009,50
0.910,54
0.885,59
0.911,62
0.886,61
0.861,65
0.862,67
0.916,70
0.895,73
0.922,74
0.975,76
0.978,78
1.017,71
1.090,69
1.087,63
1.112,59
1.137,56
1.112,59
1.063,67
1.037,66
1.064,68
1.046,73
1.023,75
1.025,76
1.026,77
1.013,80
0.983,79
0.948,75
0.963,80
0.928,78
0.968,81
0.933,79
0.926,77
0.928,78
0.903,78
0.873,75
0.923,75
0.978,78
0.919,72
0.944,72
0.916,70
0.950,76
0.967,71
1.008,79
0.973,75
0.976,77
0.947,74
0.920,73
0.888,68
0.886,65
0.887,67
0.861,65
0.862,67
0.838,68
0.892,71
0.892,71
0.869,72
0.923,75
0.898,75
0.922,74
0.897,74
0.928,78
0.901,77
0.928,78
0.893,81
0.913,80
0.908,79
0.883,79
0.888,80
0.878,78
0.888,80
0.928,78
0.875,76
0.870,73
0.895,73
0.919,72
0.919,72
0.869,72
0.943,81
0.878,78
0.911,66
0.911,61
0.911,63
0.911,60
1.011,60
1.011,64
1.011,62
0.986,64
1.037,64
1.013,68
1.011,64
1.011,65
1.012,67
1.011,66
1.016,70
0.992,71
1.022,74
1.020,73
1.023,75
1.028,78
0.998,75
1.001,77
0.988,80
0.968,81
0.988,80
0.978,83
0.973,82
0.953,83
0.978,83
0.953,83
0.948,82
0.998,82
0.943,81
0.973,82
0.978,78
0.951,77
0.976,77
0.922,74
0.978,78
0.944,72
0.916,70
0.916,70
0.966,70
0.923,75
0.943,81
1.006,93
1.007,99
1.060,106
1.024,110
1.028,111
1.087,113
1.090,114
1.048,116
1.090,114
1.085,106
1.056,105
1.067,108
1.067,108
1.107,105
1.049,103
0.982,99
1.002,104
0.986,100
0.982,99
1.016,101
1.019,102
0.966,101
0.973,97
0.882,84
0.878,83
0.931,93
0.982,99
0.977,98
0.981,93
0.920,87
0.876,77
0.847,74
0.848,75
0.898,82
0.870,87
0.914,95
0.973,103
0.974,110
0.966,108
1.007,112
0.991,108
0.974,110
0.980,105
0.955,105
0.932,99
0.986,100
0.966,108
0.986,113
1.014,114
1.022,116
1.046,109
1.009,106
0.991,108
1.087,113
1.020,109
4.105,113
4.094,110
4.114,109
4.100,105
4.081,100
4.068,97
4.059,95
4.064,96
4.089,102
3.935,90
3.895,97
4.015,91
4.039,91
1.002,98
0.794,96
0.882,89
0.900,92
1.005,105
0.866,108
1.056,118
0.955,105
0.982,99
1.081,118
1.141,114
1.185,112
0.938,80
0.967,71
0.986,66
0.961,66
0.963,68
0.988,68
1.064,68
1.062,66
1.062,63
1.113,64
1.063,67
1.092,70
1.087,66
1.116,69
1.119,71
1.128,77
1.229,88
1.235,89
1.247,91
1.281,98
1.281,98
1.240,100
1.277,97
1.243,95
1.241,90
4.183,86
4.142,82
4.151,89
4.207,95
4.163,96
4.171,98
4.187,102
4.184,101
4.160,101
4.031,100
3.903,93
3.380,88
3.022,86
0.819,91
0.844,91
0.894,91
0.857,89
0.832,89
0.832,89
0.856,93
0.844,91
0.844,91
0.815,86
0.820,87
0.845,87
0.826,88
0.860,94
0.877,98
0.936,100
0.923,103
0.902,104
0.970,109
1.018,115
0.993,115
1.040,114
0.857,112
3.871,110
3.850,104
3.781,99
3.780,89
3.654,78
3.651,76
3.659,79
3.715,86
3.726,88
3.744,91
3.725,92
3.756,93
1.337,89
3.726,88
3.738,90
3.756,93
1.375,109
1.496,114
1.496,114
1.389,106
1.273,87
1.163,63
1.210,43
1.210,43
1.236,45
1.237,47
1.236,45
1.161,46
1.186,47
1.161,51
1.112,58
1.162,59
1.188,64
1.138,66
1.166,69
1.172,73
1.210,79
1.175,75
1.185,79
1.177,76
1.174,74
1.225,74
1.175,75
1.147,73
1.174,74
1.172,73
1.171,72
1.174,74
1.174,74
1.203,77
1.171,72
1.200,75
1.175,75
1.199,74
1.171,72
1.174,74
1.222,72
1.169,71
1.171,72
1.191,69
1.191,69
1.191,69
1.193,70
1.193,70
1.190,68
1.166,69
1.169,71
1.214,67
1.220,71
1.220,71
1.189,67
1.189,67
1.166,69
1.197,73
1.163,66
1.169,71
1.165,68
1.226,75
1.226,75
1.200,75
1.226,75
1.194,71
1.191,69
1.273,87
1.311,89
1.391,100
1.405,110
1.393,107
1.366,100
1.267,95
1.235,84
1.254,77
1.219,70
1.196,72
1.191,69
1.222,72
1.193,70
1.171,72
1.217,69
1.193,70
1.225,74
1.189,67
1.193,70
1.190,68
1.220,71
1.219,70
1.216,68
1.188,66
1.213,66
1.213,61
1.213,65
1.213,63
1.188,62
1.189,67
1.188,63
1.163,60
1.161,49
1.084,40
9.369,78
9.420,78
9.374,79
9.437,87
9.452,94
9.474,99
9.411,96
9.389,97
9.301,94
9.246,93
9.228,90
9.190,92
9.142,83
3.663,67
3.727,78
3.756,84
3.818,87
3.775,88
3.775,88
3.808,94
3.812,95
1.568,94
1.738,98
1.734,97
1.687,98
1.637,98
1.616,99
1.654,102
1.603,102
1.616,99
1.662,104
1.692,99
1.679,91
1.671,85
1.612,78
1.650,86
1.597,90
1.743,99
1.722,100
1.724,107
1.858,109
1.833,109
1.829,101
1.832,96
1.781,96
1.768,93
1.667,89
1.671,85
1.622,68
1.626,71
1.609,76
1.653,81
1.643,79
1.638,78
1.632,75
1.606,74
1.629,73
1.572,69
1.570,67
1.575,70
1.527,72
1.521,80
1.565,84
1.519,85
1.519,85
1.490,79
1.444,80
1.505,82
1.460,83
1.425,72
1.448,71
1.426,73
1.428,74
1.480,82
1.465,79
1.434,78
1.460,83
1.434,83
1.472,86
1.438,84
1.472,86
1.468,85
1.393,80
1.429,75
1.431,76
1.409,78
1.434,78
1.489,84
1.521,90
1.533,92
1.572,95
1.611,98
1.625,101
1.600,101
1.616,99
1.535,98
1.549,101
3.920,97
3.907,94
3.836,90
4.033,90
3.788,95
3.990,91
3.990,91
3.732,89
4.015,91
4.126,89
4.109,86
4.038,81
4.078,79
4.117,75
4.105,62
4.129,58
4.156,67
4.187,72
4.056,65
3.811,68
3.640,69
3.547,73
3.127,73
3.100,71
3.111,78
3.059,77
3.111,78
3.081,75
3.086,78
3.086,78
3.081,75
3.083,76
3.081,75
3.106,75
3.183,77
3.460,84
3.677,88
3.855,89
4.019,97
4.171,98
4.245,104
4.283,101
4.274,99
4.290,97
4.274,99
4.212,96
4.121,98
4.100,105
4.110,108
4.086,108
4.081,113
4.048,111
4.044,110
4.036,108
4.064,102
4.105,100
4.154,94
4.187,91
4.274,89
4.236,81
4.240,74
4.181,68
4.209,70
4.194,77
4.152,79
4.142,82
4.335,102
4.433,115
4.452,120
4.382,121
4.359,115
4.270,111
4.320,111
6.718,114
6.711,112
6.711,112
6.693,114
6.642,114
6.629,117
6.608,118
4.408,115
4.458,115
4.355,114
4.350,106
4.343,98
4.306,95
4.305,90
4.216,82
4.144,76
4.105,66
4.007,66
4.218,76
4.219,88
4.171,98
4.184,101
1.642,99
1.251,82
4.219,77
1.595,61
1.517,51
1.363,39
1.363,44
1.388,44
1.364,52
1.441,55
1.442,62
1.420,69
1.419,68
1.400,72
1.403,74
1.425,72
1.400,72
1.417,66
1.368,68
1.397,70
1.371,70
1.372,71
1.409,83
1.417,85
1.424,81
1.392,67
1.391,64
1.469,67
1.468,66
1.442,66
1.445,69
1.444,68
1.420,69
1.474,71
1.453,74
1.444,68
1.417,66
1.473,70
1.445,69
1.445,69
1.444,68
1.444,68
1.445,69
1.420,69
1.443,67
1.447,70
1.479,74
1.444,80
1.451,87
1.518,94
1.560,98
1.578,102
1.556,97
1.531,97
1.603,102
1.544,100
1.552,96
1.586,104
1.638,111
1.649,114
1.610,117
1.556,103
1.604,109
1.612,111
1.665,105
5.389,106
5.439,106
5.337,93
5.325,102
5.286,105
3.046,107
3.160,111
3.201,109
3.170,107
3.230,110
3.135,111
3.238,112
3.177,109
5.297,101
5.175,91
5.157,77
5.184,78
5.169,80
5.156,76
5.219,80
5.209,83
5.292,100
5.333,104
5.360,105
5.354,110
5.379,110
5.350,109
5.379,110
5.346,108
5.375,109
5.325,102
5.353,97
5.357,98
5.394,95
5.440,94
5.549,96
5.802,97
6.135,99
6.101,103
5.895,101
5.706,98
5.621,101
5.702,97
5.790,100
5.873,96
5.927,97
5.886,99
1.445,95
1.611,98
1.531,97
1.505,97
1.507,92
1.455,82
1.391,64
1.416,57
1.417,63
1.366,63
1.417,65
1.417,66
1.368,68
1.397,70
1.426,73
1.372,71
1.424,81
1.375,73
1.403,74
1.374,72
1.401,73
1.380,76
1.381,77
1.381,77
1.358,78
1.399,81
1.373,81
1.383,78
1.369,69
1.372,71
1.346,70
1.406,76
1.381,88
1.425,96
1.505,103
1.569,100
1.713,104
1.697,113
1.633,110
1.710,110
1.665,105
1.673,107
1.651,108
1.611,104
1.625,101
1.611,98
1.619,94
1.582,97
1.615,93
1.513,93
1.568,94
1.665,105
1.622,107
1.673,107
1.543,94
1.450,72
1.417,65
1.468,66
1.445,69
1.423,71
1.426,73
1.428,74
1.434,78
1.399,81
1.434,78
1.424,81
1.404,82
1.434,83
1.404,82
1.378,82
1.388,79
1.388,79
1.442,85
1.434,83
1.432,77
1.457,76
1.448,71
1.536,78
1.625,101
1.644,106
1.593,106
5.435,105
5.396,101
5.449,96
5.494,95
5.440,94
5.419,95
5.491,100
5.578,97
5.528,103
-99999999
5.489,106
5.450,109
5.469,114
5.408,111
5.458,111
5.487,112
5.458,111
5.496,108
5.471,108
5.504,110
5.500,109
5.507,104
5.524,102
5.500,87
5.499,72
5.563,44
5.697,81
5.892,90
5.931,98
5.970,101
5.981,104
6.002,103
6.062,106
6.137,106
6.250,116
6.335,112
6.352,110
6.321,102
6.234,93
6.214,100
6.283,105
6.213,94
5.652,74
5.623,81
5.794,86
6.642,95
5.325,102
6.634,93
6.503,92
5.430,92
5.331,92
5.387,89
5.466,85
5.531,88
5.599,96
5.695,101
5.764,94
5.625,87
5.500,87
5.456,88
5.490,94
5.494,95
5.503,97
5.457,98
5.507,98
5.474,96
5.541,100
5.486,93
5.480,92
5.486,93
5.480,92
5.431,88
5.425,87
5.437,84
5.530,92
5.574,91
5.764,94
5.931,98
6.010,99
6.019,101
6.044,101
6.014,100
5.973,96
5.961,99
5.948,96
5.965,100
5.914,94
5.910,93
5.935,93
5.939,94
5.898,96
5.904,92
5.914,94
5.977,97
5.939,94
6.080,98
6.201,97
6.321,96
6.410,99
6.327,92
6.388,94
6.453,92
6.579,88
6.654,88
6.660,84
6.623,87
6.531,78
6.223,87
6.109,93
5.979,92
6.017,95
6.022,96
6.076,103
6.123,109
6.183,105
6.447,91
6.414,85
6.373,87
5.455,92
5.424,91
5.854,92
6.160,89
6.247,91
6.441,107
6.159,93
5.936,84
5.686,89
5.677,103
5.666,100
5.657,98
5.715,100
5.715,100
5.715,100
5.723,102
5.715,100
5.720,101
5.745,108
5.749,109
5.699,109
5.715,113
5.686,112
5.715,113
5.707,111
5.678,110
5.711,112
5.711,112
5.678,110
5.706,104
5.657,104
5.698,102
5.698,96
5.630,92
5.662,89
5.658,83
5.826,116
10.012,108
10.073,117
11.728,113
11.558,101
10.108,113
10.108,113
10.077,93
9.998,78
10.060,95
10.092,109
10.007,100
9.957,100
9.923,104
9.932,100
9.940,102
9.944,103
9.912,108
9.930,106
9.987,101
10.038,108
10.056,106
9.998,104
10.045,103
10.150,124
10.185,127
11.866,123
11.781,114
11.670,111
11.670,111
11.653,113
10.113,121
5.568,107
5.623,115
5.606,117
5.560,118
5.577,116
5.435,105
5.702,103
5.692,107
5.635,105
5.604,110
5.642,120
5.603,103
5.599,102
5.490,94
5.515,94
5.607,104
5.629,110
5.537,112
5.527,116
5.531,117
5.443,107
5.468,107
5.496,108
5.483,111
5.516,113
5.512,112
5.519,114
5.500,109
5.524,96
5.505,92
5.469,95
5.524,102
5.535,105
5.608,111
5.646,108
5.682,111
5.643,107
5.603,97
5.653,103
5.624,91
10.040,91
5.259,78
5.323,71
5.325,72
5.323,71
5.353,75
5.352,74
5.418,90
5.342,85
5.334,83
5.263,89
5.349,91
5.478,103
5.528,103
5.412,99
5.337,93
5.353,97
5.403,97
5.453,97
5.449,96
5.380,92
5.342,85
5.338,89
5.344,90
5.337,93
5.319,90
5.301,87
5.349,96
5.353,97
5.349,96
5.316,94
5.382,104
5.464,106
5.504,110
5.529,110
5.546,108
5.569,95
10.947,98
11.067,82
11.017,74
5.364,50
5.316,55
5.323,71
5.332,88
5.353,97
5.378,103
5.382,104
5.378,103
5.393,107
5.364,106
5.364,106
5.344,107
5.389,106
5.393,107
5.394,114
5.423,115
5.419,114
5.394,114
5.342,85
5.399,96
9.815,87
9.809,95
6.137,106
6.237,119
6.131,111
6.102,110
4.653,108
4.708,116
6.194,121
6.116,107
6.147,102
4.401,94
4.479,95
4.574,100
4.455,86
4.360,72
4.389,75
4.399,79
4.418,78
4.487,82
4.473,79
4.415,76
4.404,69
10.709,95
10.734,95
10.702,89
10.705,94
10.645,92
10.677,99
4.401,58
4.402,61
4.403,67
4.404,68
4.402,61
4.404,68
4.476,85
4.557,96
4.515,88
4.392,77
4.329,80
4.496,89
6.202,110
6.156,111
6.044,101
6.033,105
6.025,116
4.775,114
4.741,118
4.688,117
4.665,111
4.616,111
4.636,110
4.688,117
4.724,107
6.096,115
6.044,108
6.022,102
4.550,100
4.582,102
4.524,94
4.615,104
6.185,112
6.156,111
6.160,112
6.175,116
6.290,138
4.642,118
4.640,111
4.595,99
4.593,105
4.562,110
6.073,109
6.129,117
6.260,125
6.285,125
6.281,124
6.233,118
6.242,114
6.231,111
6.325,116
6.264,113
6.221,115
6.239,113
6.231,111
6.264,113
6.275,116
6.252,110
9.962,108
9.872,104
9.836,101
9.847,104
9.833,107
4.615,98
4.639,104
4.653,101
4.599,100
4.607,102
4.622,106
4.565,104
4.569,93
4.374,79
5.288,99
5.423,115
5.423,115
5.374,102
5.336,105
5.369,114
5.294,107
5.301,109
5.450,109
5.457,98
5.375,87
5.303,74
11.305,67
11.254,65
11.291,75
11.276,79
11.250,93
11.253,106
11.218,110
11.293,110
5.350,87
5.440,94
5.471,101
5.464,106
5.475,109
5.454,110
5.475,109
5.450,109
5.508,111
5.439,106
5.446,108
5.432,104
5.449,102
5.403,97
5.468,90
5.520,86
5.366,85
5.366,85
5.444,95
5.462,99
5.494,95
5.503,97
5.524,96
5.466,100
5.491,100
5.453,97
5.449,96
5.440,94
5.453,97
5.449,96
5.344,95
5.291,94
5.013,93
4.860,88
4.952,96
5.305,110
5.416,113
5.412,112
5.299,115
4.988,105
4.713,98
4.569,93
4.582,96
4.651,95
4.709,97
9.905,106
9.822,98
9.872,104
4.280,90
4.516,98
4.524,94
4.555,101
4.570,99
4.570,99
4.524,94
4.590,98
4.624,100
4.599,100
4.607,102
4.635,103
4.635,103
4.521,99
4.512,97
4.533,91
4.734,103
6.225,116
6.087,106
6.006,104
5.927,103
5.503,97
5.070,95
5.031,92
5.017,94
4.968,94
4.915,93
4.869,94
4.854,96
4.870,100
4.946,107
4.999,108
5.048,108
5.072,101
5.104,97
5.042,85
4.895,62
11.272,111
11.222,111
11.243,110
11.210,108
11.264,109
11.272,111
11.360,121
11.379,126
11.452,132
11.417,135
11.452,132
11.168,123
10.397,117
10.495,110
10.611,108
5.873,91
5.893,95
5.977,103
6.022,102
6.055,104
6.083,105
6.080,104
6.094,108
6.091,107
6.287,106
4.257,86
4.176,79
4.257,86
4.315,82
4.342,77
4.366,76
9.998,104
10.019,103
9.893,97
9.808,90
9.781,85
9.726,84
9.750,93
9.754,94
9.709,86
9.789,96
9.839,102
11.379,100
11.344,88
11.408,86
11.452,106
11.222,111
11.054,94
11.144,92
11.355,113
11.409,121
11.353,119
11.423,118
11.405,120
11.299,118
11.035,108
10.636,101
10.551,93
10.536,101
10.568,103
10.692,116
10.622,104
10.502,93
10.421,92
10.390,91
10.403,89
10.564,96
10.547,98
10.665,109
10.581,100
10.611,108
10.572,104
10.473,98
10.469,97
10.490,102
10.664,96
10.936,101
11.022,104
11.049,105
11.047,111
11.083,114
11.027,112
11.030,113
11.047,111
11.055,113
11.039,109
11.043,110
11.049,105
11.055,100
11.126,112
11.146,104
11.038,91
10.908,90
10.733,90
10.696,88
10.502,93
10.551,93
10.726,93
11.230,113
11.226,112
11.213,96
11.210,108
11.221,104
11.362,115
11.288,102
11.210,101
11.326,112
11.463,122
11.475,112
11.477,106
11.525,99
11.415,74
11.310,71
11.310,71
11.321,78
11.287,72
11.287,72
11.262,72
11.293,76
11.426,79
11.444,88
11.487,96
11.409,101
11.398,105
11.432,114
11.257,107
11.271,104
11.373,105
11.366,116
11.330,113
11.272,111
11.188,91
11.210,101
11.257,107
11.246,104
11.133,95
11.163,96
11.063,102
10.943,103
10.893,103
10.839,102
10.780,94
10.947,98
10.868,97
10.933,90
11.105,113
11.081,120
10.969,110
10.961,108
11.089,109
11.270,117
10.957,120
10.848,111
10.873,111
11.122,111
10.879,106
10.659,95
10.477,93
10.302,93
10.228,99
10.248,104
10.269,97
10.449,111
10.524,111
10.494,103
10.432,100
10.451,105
10.542,116
10.398,98
10.401,105
10.459,107
10.546,117
13.644,112
13.575,107
13.544,112
13.537,92
10.253,84
10.084,90
10.107,85
10.094,75
10.017,74
10.039,81
12.200,106
12.196,118
10.162,108
10.082,100
10.339,128
12.211,109
12.211,109
12.250,119
12.242,117
12.267,117
12.242,117
12.252,113
12.215,110
12.280,114
12.296,105
12.464,103
12.869,105
13.232,102
13.486,110
13.270,112
10.435,133
13.211,97
13.170,89
10.352,93
10.401,105
10.398,104
10.373,104
10.310,95
10.149,83
10.207,100
10.209,107
10.255,106
13.212,110
13.357,109
13.373,113
13.250,120
12.926,120
13.218,118
13.243,118
13.216,111
13.127,114
12.786,116
12.539,110
12.435,102
12.443,98
12.423,89
12.306,86
12.329,90
12.256,86
12.229,90
12.273,84
12.374,79
12.546,84
12.783,91
12.775,100
12.788,110
12.748,106
12.805,108
12.794,105
12.788,110
10.266,109
10.412,108
10.432,100
10.353,84
10.346,92
10.352,93
10.377,93
10.381,94
10.348,98
10.269,97
10.203,99
10.232,100
10.198,98
10.252,93
10.498,104
10.515,102
10.482,100
10.515,102
10.509,107
10.615,109
10.669,110
10.733,107
10.631,100
10.654,106
10.648,111
10.648,111
10.677,112
10.677,112
10.698,111
10.769,110
10.856,113
7.459,111
7.652,116
7.720,114
7.621,101
7.456,77
7.438,84
7.446,86
7.513,99
7.576,109
7.544,107
7.589,106
7.686,105
7.733,104
7.763,99
7.750,96
7.804,97
7.783,98
7.775,102
7.775,102
7.767,100
7.792,100
7.808,98
7.858,98
7.854,103
7.829,97
7.792,100
7.770,95
7.766,94
7.775,96
7.787,93
7.783,98
7.791,94
7.804,97
7.795,95
7.762,93
7.795,95
7.745,95
7.745,95
7.783,98
7.758,98
7.750,96
7.745,95
7.745,95
7.741,94
7.745,95
7.691,94
7.720,95
7.704,103
7.683,104
7.715,106
7.674,102
7.695,95
7.641,85
7.687,93
7.691,94
11.126,99
11.089,109
11.085,108
11.103,106
7.612,112
7.829,135
7.818,138
7.827,140
7.770,127
7.671,108
7.660,105
7.683,104
7.690,106
7.654,110
7.650,109
7.621,108
7.569,107
7.547,108
7.540,106
7.490,106
7.472,101
7.492,100
7.525,102
7.500,102
7.522,101
7.538,99
7.522,101
7.504,103
7.571,101
7.628,103
7.674,102
7.690,106
7.694,107
7.744,107
7.874,115
7.907,117
8.005,123
10.700,105
10.661,101
10.656,100
10.702,99
7.909,111
7.932,117
7.940,119
7.942,113
7.837,93
7.782,88
7.791,94
7.795,95
7.813,99
7.829,103
7.833,104
7.878,116
7.897,121
7.901,122
7.934,124
7.951,122
7.915,119
7.990,119
7.970,114
7.959,111
7.944,107
7.938,99
7.863,99
7.787,93
7.751,87
7.631,77
7.673,81
7.725,91
7.674,102
7.704,103
7.683,104
7.632,104
7.686,105
7.671,101
7.701,109
7.697,108
7.690,106
7.690,106
7.686,105
7.668,107
7.701,109
7.705,110
7.772,108
7.794,107
7.736,105
7.722,101
7.700,96
7.669,95
7.650,87
7.645,86
7.633,83
7.619,95
7.540,94
10.496,92
10.448,98
10.444,103
10.405,106
10.403,99
10.402,93
10.428,99
10.415,96
10.390,91
10.465,96
10.506,94
10.577,99
10.561,101
10.554,106
12.542,104
12.589,110
12.702,138
14.302,134
16.363,113
19.182,90
14.608,92
14.761,111
14.627,96
13.896,100
13.741,105
13.754,115
13.754,115
13.783,116
13.854,115
13.793,112
13.697,113
13.745,119
13.691,118
13.676,114
13.644,112
13.676,114
13.699,107
8.132,92
8.120,90
8.148,86
8.102,87
8.067,94
8.084,98
8.114,99
8.109,98
8.156,97
8.169,100
8.202,102
8.174,101
8.177,102
8.118,100
8.073,108
7.596,101
7.124,102
7.093,107
7.074,102
7.244,114
7.132,104
6.943,95
6.981,104
6.977,103
6.988,106
7.007,111
7.016,113
7.037,112
7.003,110
7.064,106
7.203,97
7.237,89
7.058,83
7.162,99
7.207,104
7.285,105
7.185,105
7.235,105
7.174,102
7.228,103
7.767,100
7.662,99
7.486,105
7.765,106
7.300,109
7.149,102
7.089,106
7.135,105
7.128,103
7.091,100
7.024,96
7.071,101
7.050,109
7.043,107
7.071,108
7.093,107
7.085,105
7.121,101
7.199,102
7.307,98
7.479,103
7.397,101
7.224,102
7.171,101
7.112,99
7.046,101
7.071,101
7.053,103
7.016,100
7.039,106
7.028,103
7.053,103
7.028,103
7.039,106
7.028,103
7.039,106
7.009,105
7.009,105
7.012,99
7.002,97
7.036,93
7.083,111
7.173,115
7.273,128
7.323,128
8.850,120
8.770,112
8.740,111
8.656,102
8.646,106
8.622,100
8.678,101
8.653,101
8.669,99
8.723,100
8.739,104
8.812,110
8.827,114
8.908,122
8.912,123
8.806,96
11.774,89
11.828,100
11.781,95
11.792,92
11.707,86
11.786,91
11.768,88
11.737,87
11.836,102
11.953,113
8.897,119
9.044,118
9.474,125
9.916,122
10.005,119
10.042,122
9.993,116
9.968,116
9.939,115
9.939,115
13.464,104
11.960,115
11.858,108
11.790,103
11.840,103
9.831,100
9.889,102
9.905,106
9.905,106
9.944,103
9.923,98
9.969,103
9.965,96
10.006,94
10.069,97
10.135,95
10.169,97
10.160,95
10.190,96
10.223,98
10.152,93
10.096,92
10.160,95
10.148,104
8.252,102
8.110,111
8.096,114
8.096,114
8.064,112
8.075,115
8.052,109
8.056,110
8.034,104
7.913,89
7.933,98
7.895,95
7.941,94
7.912,93
7.941,94
7.975,96
7.988,99
7.972,101
7.790,106
7.132,104
6.977,103
6.952,103
6.927,103
6.936,99
6.964,94
7.011,93
7.004,92
7.036,93
7.212,99
7.538,99
7.717,100
7.153,103
7.074,102
7.060,105
7.046,108
7.046,108
6.992,107
7.035,105
7.046,108
7.028,103
7.057,98
7.199,96
7.458,98
7.347,101
7.246,101
7.228,97
7.367,100
7.574,102
7.653,103
7.628,103
7.486,105
7.379,103
7.383,104
7.417,100
7.332,104
7.224,102
7.121,101
7.082,104
7.078,103
7.135,105
7.078,103
7.143,107
7.110,105
7.118,107
7.062,99
7.099,91
7.146,108
1.751,86
1.848,94
1.793,93
1.762,92
1.819,93
1.756,91
1.768,93
1.730,91
1.736,92
1.781,96
1.768,93
1.746,94
1.776,95
1.772,94
1.820,99
1.836,97
1.836,97
1.848,94
1.781,91
1.810,82
7.392,100
7.265,94
7.168,90
7.062,89
7.080,92
7.037,99
7.082,104
7.021,101
7.035,105
1.772,94
1.900,100
1.789,98
1.836,97
1.827,95
1.768,93
1.806,91
1.781,91
1.751,86
1.699,80
1.709,75
1.727,70
1.697,65
1.671,65
1.700,69
1.673,68
1.671,65
1.671,65
1.697,60
1.696,56
1.696,57
1.670,54
1.670,53
1.720,51
1.696,55
1.644,46
1.542,37
1.622,32
1.525,19
10.311,86
10.284,80
10.309,80
10.353,84
10.296,76
10.328,89
10.328,99
10.285,95
10.373,104
10.509,107
10.608,107
10.675,105
10.747,104
10.754,106
10.761,108
10.715,109
10.727,112
10.669,110
10.690,109
1.881,28
1.902,32
1.871,38
1.871,40
1.871,44
1.897,43
1.872,46
1.872,50
1.898,49
1.872,52
1.924,53
1.899,57
1.874,59
1.899,55
1.924,58
1.875,61
1.875,66
1.925,62
1.900,65
1.925,64
1.930,70
1.900,64
1.925,62
1.925,62
1.900,62
1.925,60
1.924,57
1.963,82
2.062,96
2.059,101
2.132,100
2.102,99
7.039,106
7.024,102
7.035,105
7.024,102
7.057,104
7.082,104
7.078,103
7.039,106
7.116,100
7.103,97
7.112,89
7.056,88
7.112,99
7.128,103
7.121,108
7.153,103
7.139,106
7.128,103
7.158,111
7.143,107
7.178,103
7.166,100
7.169,95
7.106,88
7.100,87
7.080,92
7.094,95
7.094,95
7.087,99
7.066,100
7.103,97
7.124,102
7.112,99
7.103,97
7.149,96
7.156,88
7.200,87
7.278,97
7.354,103
7.369,107
7.331,117
7.281,117
7.178,103
7.178,103
7.218,107
2.240,95
2.266,95
2.124,83
2.026,52
1.976,65
2.028,61
2.002,63
1.975,59
2.080,62
2.054,63
1.976,62
2.002,61
1.976,66
2.002,64
2.008,71
2.018,77
1.999,79
1.991,77
2.014,75
2.008,71
1.976,63
1.977,67
2.030,68
2.033,70
2.033,70
2.043,76
2.011,73
2.060,71
2.039,74
2.003,67
2.002,63
1.976,63
2.002,60
2.028,61
1.949,52
1.975,57
1.949,52
1.975,59
1.925,60
1.976,66
1.978,68
1.979,69
2.008,71
2.028,65
2.002,64
1.975,55
1.976,60
2.027,59
1.975,56
2.026,47
1.922,45
1.974,46
1.975,54
1.974,51
1.975,54
1.925,60
1.924,57
2.002,63
1.976,62
1.976,60
2.002,60
2.028,66
1.976,65
2.028,65
2.108,68
1.976,66
2.080,65
2.001,58
8.675,90
7.308,124
7.250,109
7.112,99
7.091,100
7.024,102
7.082,104
7.028,103
7.096,108
7.039,106
7.039,106
7.068,107
7.100,109
7.093,107
7.089,106
7.082,104
7.135,105
7.135,105
7.094,95
7.098,81
7.128,75
7.170,86
7.146,101
7.128,103
7.146,108
7.085,105
7.146,108
7.096,108
7.158,111
7.121,108
7.146,108
1.934,96
2.002,100
1.972,99
1.972,99
1.963,97
1.942,98
1.920,93
1.914,92
1.902,90
1.914,92
1.928,95
1.874,94
1.883,91
1.940,92
1.928,95
1.914,92
1.920,93
1.899,94
1.920,93
1.899,94
1.920,93
1.920,93
1.988,97
1.959,96
1.997,93
2.019,98
2.040,97
2.027,94
2.010,91
2.004,90
1.998,89
1.948,79
1.943,78
1.931,71
1.931,71
1.925,66
1.908,72
1.930,70
1.884,73
1.909,73
1.931,71
1.927,68
1.905,70
1.909,73
1.938,75
1.937,74
1.937,74
1.935,73
1.934,72
1.935,73
1.931,71
1.934,72
1.931,71
1.926,67
1.926,67
1.924,59
1.924,59
1.875,60
1.884,73
1.935,87
1.959,91
1.959,91
1.940,92
1.884,87
1.851,80
1.810,75
1.836,75
1.830,71
1.784,74
1.812,76
1.838,76
1.831,81
1.875,85
1.870,89
1.858,87
1.856,81
1.836,75
1.806,72
1.824,64
1.875,65
1.833,73
1.982,71
6.686,89
6.811,99
1.976,63
1.925,60
1.772,58
1.830,71
1.877,80
1.835,74
1.854,70
1.875,65
1.874,56
1.899,58
1.875,62
1.875,61
1.930,70
1.849,62
1.900,64
1.875,63
1.928,69
1.901,67
1.878,69
1.925,66
1.876,67
1.905,70
1.927,68
1.979,69
1.926,67
1.925,62
1.926,67
1.925,62
1.925,64
1.954,69
1.928,69
1.984,72
1.984,72
1.953,68
1.976,62
1.976,61
1.976,63
1.925,62
2.002,63
1.975,58
2.002,60
8.902,95
8.907,102
8.922,106
8.777,95
14.129,109
14.116,112
14.282,82
14.222,68

14.192,79
13.323,36
13.950,86
13.606,96
13.525,107
13.532,109
13.689,98
16.111,112
16.068,114
14.368,119
16.070,121
16.126,116
18.914,102
18.989,102
19.033,95
13.741,105
13.603,108
13.883,103
14.032,103
14.170,100
14.291,84
14.765,89
14.924,101
15.108,117
15.128,116
14.300,121
14.231,116
14.231,116
14.285,117
14.179,109
14.208,110
14.339,105
14.311,98
14.250,101
14.236,104
14.197,107
14.204,109
14.223,114
14.206,116
14.212,111
14.235,117
14.235,117
14.250,121
14.323,114
14.703,122
15.037,118
15.165,119
15.136,118
13.999,114
13.905,122
13.936,130
13.942,125
13.947,120
13.940,118
13.984,123
13.944,119
13.959,123
13.970,126
13.942,125
13.982,129
13.970,126
13.953,128
13.909,123
13.924,127
13.967,125
13.980,122
13.986,117
14.066,112
14.830,116
15.178,116
15.109,111
15.163,112
15.132,117
14.811,111
14.345,113
14.220,113
14.239,118
14.227,115
14.227,115
14.281,116
14.297,107
14.179,109
14.223,114
14.364,118
15.272,108
15.265,106
15.220,114
15.197,121
13.816,118
13.626,114
13.631,102
13.988,111
18.783,80
18.827,99
14.291,112
14.175,108
13.764,111
13.580,115
13.657,109
19.905,90
20.131,70
20.203,68
19.978,23

14.287,83
14.275,101
14.250,108
14.275,101
14.304,87
14.308,110
14.232,103
14.220,100
10.754,106
10.586,108
10.521,92
10.414,81
10.378,89
10.366,87
10.399,83
10.364,81
10.387,70
10.411,86
10.407,66
10.371,76
10.494,82
10.465,96
10.430,106
10.306,94
10.366,109
10.370,110
10.412,108
10.374,111
10.366,109
10.340,96
10.273,98
10.287,108
10.289,81
4.697,59
4.694,84
4.701,95
4.749,90
4.745,52
4.693,93
4.698,100
4.717,93
4.722,64
4.695,41
4.846,62
4.877,81
4.850,86
4.821,100
4.875,101
4.829,102
4.866,99
4.866,99
4.903,96
4.878,91
4.904,87
4.940,89
4.904,87
4.928,91
4.956,97
4.932,103
4.918,106
4.911,104
4.936,111
4.933,110
4.940,112
4.951,115
4.910,117
4.942,119
4.906,116
4.927,115
4.889,118
4.902,115
4.931,116
4.902,115
4.936,111
4.940,112
4.936,111
4.976,115
4.916,112
4.961,111
4.936,111
4.933,110
4.936,111
4.965,112
4.936,104
4.925,101
4.903,91
4.899,86
4.907,82
4.920,85
4.904,87
4.939,93
4.996,107
4.961,111
4.976,115
4.927,115
4.933,110
4.933,110
4.912,111
4.929,109
4.933,110
4.949,108
4.925,108
4.953,109
4.946,107
4.925,108
4.942,106
5.003,109
4.956,103
4.960,98
4.983,92
4.927,81
4.955,75
4.985,83
5.014,99
4.936,104
4.936,104
4.942,106
4.938,105
4.878,102
4.889,105
4.868,106
4.893,106
4.908,110
4.908,110
4.929,109
4.914,105
4.932,103
4.861,98
4.845,94
4.872,90
4.850,86
4.891,84
4.899,86
4.855,87
4.823,80
4.830,87
4.849,95
4.861,98
4.900,101
4.889,105
4.859,110
4.859,110
4.842,112
4.877,115
4.817,112
4.853,115
4.887,111
4.879,109
4.872,107
4.886,104
4.848,90
4.925,101
4.938,105
4.914,105
4.957,110
4.961,111
4.953,109
4.946,107
4.961,111
4.961,111
4.984,117
4.969,113
4.940,112
4.972,114
4.953,109
4.914,105
4.982,110
4.961,111
4.988,105
4.994,100
4.989,93
4.934,92
4.878,96
4.866,99
4.869,94
4.988,105
5.016,106
4.999,108
5.055,103
5.034,83
5.041,94
4.907,103
4.928,102
4.948,86
4.993,61
5.071,30
4.998,25
4.947,30
4.918,46
4.895,63
4.951,72
4.955,75
5.039,79
5.046,86
5.069,90
5.100,102
5.066,106
4.996,107
4.912,111
4.918,106
4.988,105
5.075,91
5.093,67
4.967,56
4.991,37
5.139,42
5.091,55
5.042,65
5.139,79
5.166,94
5.188,112
5.151,109
5.192,113
5.144,107
5.197,101
5.157,88
5.107,88
5.144,90
5.092,85
5.106,76
5.150,72
5.142,63
5.142,60
5.092,60
5.148,71
5.423,81
5.644,95
5.671,101
5.546,101
5.279,103
5.122,101
5.054,97
5.072,101
5.037,105
5.030,103
5.037,105
4.977,102
5.030,103
5.083,104
5.083,104
5.094,107
5.159,111
5.230,110
5.346,108
5.637,99
5.774,87
5.319,68
5.015,51
5.015,49
4.991,47
4.991,47
5.039,39
4.995,33
4.991,37
4.991,51
4.993,63
4.977,73
5.031,92
5.067,100
5.070,107
5.027,109
5.052,109
5.048,108
5.039,112
5.068,113
5.021,114
5.050,115
5.060,111
5.041,106
5.075,102
5.088,99
5.044,90
5.042,85
5.059,83
5.029,82
5.014,79
5.008,77
5.032,77
5.054,75
5.054,75
5.034,78
5.054,75
5.032,77
5.107,88
5.056,92
5.023,101
5.048,108
5.014,112
5.007,110
4.999,108
5.056,110
5.026,96
5.048,101
4.985,104
4.922,107
4.908,110
4.898,114
4.853,115
4.898,114
4.866,112
4.908,110
4.851,108
4.858,103
4.870,100
4.866,99
4.878,102
4.889,105
4.868,106
4.864,105
4.883,110
4.900,108
4.904,109
4.900,108
4.900,108
4.946,107
4.932,103
4.920,100
4.960,104
4.977,102
4.992,106
5.064,112
5.071,114
5.030,103
5.088,84
5.008,77
5.014,79
4.943,62
4.848,32
5.848,72
5.793,95
5.792,107
5.774,109
5.799,109
5.807,111
5.720,108
5.604,110
5.489,106
5.424,102
5.466,100
5.590,94
5.717,90
5.755,88
5.681,98
5.582,104
5.521,108
5.244,107
5.111,105
5.079,103
5.075,102
4.981,103
4.990,99
5.002,102
4.996,107
4.963,105
4.971,107
4.971,107
4.938,105
4.936,104
4.985,104
4.978,109
4.971,107
4.974,108
4.996,107
4.960,104
4.946,107
4.956,103
4.999,101
5.018,100
5.090,106
5.086,105
5.094,107
5.070,107
5.059,104
5.034,104
5.010,104
4.981,103
4.967,106
4.956,103
4.936,104
4.932,103
4.952,96
4.952,96
4.999,101
4.960,98
4.977,91
4.983,92
0.827,98
0.886,100
0.870,109
0.874,110
0.848,103
0.794,102
0.798,103
0.769,102
0.786,100
0.761,100
0.731,93
0.750,92
0.738,90
0.661,85
0.643,81
0.678,78
0.673,75
0.675,76
0.675,76
0.651,77
0.676,77
0.673,75
0.669,72
0.670,73
0.676,77
0.644,72
0.670,73
0.666,70
0.641,70
0.645,73
0.639,69
0.617,71
0.611,66
0.616,70
0.586,65
0.586,62
0.562,67
0.612,67
0.588,68
0.586,65
0.583,79
0.675,92
0.700,92
0.615,86
0.588,80
0.597,74
0.620,73
0.595,73
0.566,70
0.598,75
0.611,85
0.669,91
0.691,101
0.727,104
0.734,106
0.736,113
0.828,111
0.853,111
5.021,114
0.709,106
0.803,111
0.893,115
0.882,112
0.880,105
0.841,101
0.827,104
0.814,95
0.707,84
0.670,73
0.700,76
0.673,75
0.650,76
0.676,77
0.698,82
0.658,79
0.663,80
0.703,83
0.668,81
0.695,87
0.693,81
0.663,80
0.623,75
0.688,80
0.673,75
0.675,76
0.670,73
0.698,75
0.694,72
0.644,72
0.722,74
0.776,88
0.798,97
0.794,102
0.878,111
0.889,114
0.893,115
0.868,115
0.909,119
0.874,110
0.794,96
0.763,90
0.728,83
0.753,83
0.750,76
0.733,79
0.773,75
0.783,79
0.833,79
0.748,82
0.761,85
0.857,84
0.820,87
0.794,91
0.864,95
0.663,90
0.788,90
0.803,83
0.823,82
5.029,82
5.014,79
5.004,74
4.977,73
5.054,75
5.004,74
4.998,70
5.031,76
5.084,83
5.084,83
5.109,78
5.147,70
5.166,55
5.242,35
4.973,29
4.892,44
4.942,58
4.943,65
4.949,71
4.951,72
4.990,79
5.014,79
4.985,78
4.955,75
5.005,82
4.955,75
4.982,76
4.982,76
5.010,78
4.957,76
4.990,79
4.989,84
4.985,83
4.995,80
5.005,75
4.971,69
5.103,74
5.488,79
5.682,83
5.717,80
5.702,82
5.656,88
5.387,84
5.138,84
5.042,85
5.002,87
5.025,91
5.013,93
5.002,91
5.013,93
5.025,91
4.969,85
5.019,80
5.048,71
5.044,80
5.014,79
5.057,77
5.051,87
5.067,100
5.039,99
5.018,100
5.045,107
5.066,106
5.037,105
5.083,104
5.086,105
5.094,107
5.109,111
5.077,109
5.090,106
5.094,107
5.094,107
5.120,114
5.064,112
5.071,114
5.058,117
5.071,114
5.083,117
5.056,110
5.060,111
5.089,112
5.056,110
5.097,108
5.090,106
5.108,98
5.100,102
5.100,96
5.141,94
5.125,91
5.179,82
5.192,85
5.207,88
5.175,91
5.167,100
5.158,104
5.144,107
5.158,98
5.174,81
5.172,70
5.191,56
5.190,47
5.190,47
5.140,46
5.167,62
5.172,70
5.147,70
5.067,65
5.041,55
5.092,65
5.150,72
5.150,72
5.153,74
5.100,72
5.151,73
5.093,67
5.118,67
5.093,67
5.067,64
5.092,62
5.092,65
5.125,72
5.157,77
5.164,79
5.163,84
5.132,88
5.146,86
5.071,86
5.092,85
5.132,88
5.169,90
5.151,87
5.126,87
5.134,83
5.124,81
5.099,81
5.107,77
5.149,81
5.139,79
5.131,76
5.134,78
5.109,78
5.069,80
5.089,79
5.082,77
5.104,75
5.089,79
5.089,79
5.056,76
5.089,79
5.059,78
5.094,80
5.092,85
5.106,92
5.067,85
5.081,92
5.050,91
5.088,89
5.082,88
5.069,80
5.114,79
5.093,67
5.142,35
12.948,106
13.026,107
12.991,104
12.908,96
12.905,108
12.927,107
12.959,109
12.971,99
9.073,106
9.170,105
9.209,102
9.234,102
9.159,102
9.245,105
9.238,103
9.242,104
9.203,107
9.195,105
9.264,110
9.203,107
9.260,109
9.209,102
9.217,104
9.222,99
9.151,100
9.172,99
9.089,92
9.054,86
9.001,80
9.040,77
8.971,79
8.920,84
12.908,96
12.921,112
12.966,104
9.063,110
9.063,110
9.004,101
9.109,109
9.181,101
13.322,106
13.144,93
13.170,99
13.028,86
12.890,88
12.859,87
12.909,87
13.054,101
12.921,99
17.518,102
16.666,95
9.722,111
9.609,108
9.515,97
9.566,97
9.516,110
9.548,105
9.401,46
16.868,71
16.889,80
16.899,75
0.568,27
0.584,37
0.534,46
0.560,53
0.535,58
0.562,67
0.566,70
0.570,73
0.567,71
0.569,72
0.620,73
0.614,69
0.566,70
0.622,74
0.614,69
0.613,68
0.614,69
0.611,65
0.611,61
0.586,62
0.611,64
0.585,58
0.609,52
0.659,52
0.658,43
0.708,43
0.661,35
0.717,28
0.666,29
0.716,25
0.739,31
0.717,28
0.717,28
0.712,34
0.713,32
0.736,35
0.661,35
0.683,38
0.658,43
0.634,47
0.634,51
0.584,52
0.610,57
0.636,64
0.611,65
0.639,69
0.667,71
0.641,70
0.642,71
0.673,75
0.670,73
0.616,70
0.641,70
0.614,69
0.617,71
0.614,69
0.611,66
0.637,67
0.611,63
0.636,64
0.660,56
0.610,58
0.635,54
0.659,49
0.634,48
0.658,42
0.658,39
0.708,40
0.609,37
0.663,33
0.833,41
0.608,38
0.708,41
0.910,36
0.663,33
0.764,31
0.963,32
0.812,34
2.706,34
2.441,41
2.493,40
2.597,38
2.497,34
0.608,43
0.709,46
0.709,47
0.683,45
0.709,51
0.710,57
0.661,61
0.711,65
0.711,64
0.716,70
0.722,74
0.658,79
0.675,76
0.703,78
0.676,77
0.723,82
0.688,80
0.698,82
0.688,80
0.676,77
0.723,82
0.703,78
0.738,80
0.733,79
0.726,77
0.728,78
0.726,77
0.753,78
0.726,77
0.772,74
0.772,74
0.773,75
0.778,78
0.822,74
0.828,78
0.767,71
0.798,82
0.794,91
0.720,87
0.661,85
0.638,80
0.575,76
0.561,66
0.561,66
0.612,67
0.538,68
0.536,65
0.536,66
0.566,70
0.566,70
0.536,65
0.561,62
0.586,64
0.586,64
0.586,63
0.561,65
0.586,61
0.586,61
0.610,59
0.586,60
0.585,55
0.585,56
0.560,54
0.609,51
0.610,54
0.584,47
0.559,48
0.585,54
0.585,58
0.611,63
0.611,66
0.669,72
0.670,73
0.672,74
0.673,75
0.688,80
0.597,74
0.625,76
0.593,81
0.570,87
0.588,90
0.532,89
0.582,89
0.545,87
0.594,91
0.582,89
0.551,88
0.507,84
0.515,86
0.515,86
0.515,86
0.495,87
0.526,88
0.515,86
0.503,83
0.426,77
0.463,80
0.544,91
0.519,91
0.538,90
0.550,92
0.588,90
0.561,85
0.626,88
0.438,80
0.398,82
2.747,77
2.694,77
2.775,78
2.773,77
2.746,76
2.717,75
2.719,76
2.717,75
2.687,72
2.719,76
2.728,79
2.719,76
2.728,79
2.723,78
2.697,78
2.721,77
2.721,77
2.768,74
2.788,70
2.835,64
2.808,57
2.704,54
2.703,51
2.627,62
2.653,64
2.682,69
2.734,69
2.710,70
2.688,73
2.664,74
2.687,72
2.659,71
2.658,70
2.731,63
2.705,64
2.705,61
2.679,62
2.653,65
2.613,75
2.616,77
2.624,79
2.653,85
2.713,91
2.653,85
2.629,68
2.678,58
2.730,58
2.651,51
2.652,55
2.574,62
2.548,64
2.549,67
2.586,74
2.592,83
2.691,82
2.655,80
7.896,86
7.857,77
7.832,77
7.854,75
7.843,67
2.809,65
2.808,59
2.835,61
2.840,70
2.858,79
2.889,80
2.858,79
2.884,79
2.848,75
2.766,73
2.691,75
2.658,70
2.613,75
2.644,78
2.639,75
2.668,77
2.714,87
2.727,99
2.739,91
2.707,80
2.710,70
2.783,64
2.811,80
2.713,72
2.755,51
2.756,58
2.835,66
2.818,72
2.792,73
2.889,80
2.824,76
2.848,82
2.806,79
2.799,77
2.801,78
2.796,75
2.801,78
2.780,79
2.754,79
2.863,90
2.889,90
2.908,93
2.952,97
2.974,102
2.971,108
2.781,106
2.743,103
2.713,96
2.730,94
2.804,93
2.773,88
2.694,77
2.705,62
2.624,43
2.651,49
2.704,54
2.600,54
2.547,58
2.601,62
2.574,66
2.606,70
2.606,70
2.606,70
2.576,67
2.606,70
2.653,66
2.601,64
2.601,61
2.574,61
2.548,60
2.548,61
2.548,62
2.548,62
2.574,66
2.601,62
2.522,64
2.522,64
2.548,64
2.574,61
2.547,59
2.600,59
2.547,57
2.521,57
2.573,55
2.573,58
2.573,57
2.547,57
2.494,52
2.521,55
2.577,68
2.603,68
2.607,71
2.584,73
2.531,72
2.757,65
8.524,90
8.525,95
8.474,95
8.538,104
2.960,93
3.155,103
3.023,101
3.049,101
3.034,104
3.012,105
3.016,106
3.023,101
3.060,104
3.017,94
2.978,97
2.896,96
2.902,92
2.902,92
2.870,91
2.857,84
2.874,82
2.858,79
2.905,83
2.916,80
2.983,78
2.992,85
2.983,78
3.009,83
3.009,83
2.981,77
2.968,68
2.967,67
2.940,63
2.891,69
2.847,74
2.827,78
2.827,78
2.796,75
2.798,76
2.773,77
2.850,76
2.889,80
2.970,86
3.026,91
3.146,95
3.910,107
4.040,109
4.012,108
3.955,106
3.938,101
3.850,104
3.790,101
3.674,97
3.451,97
3.232,88
3.241,94
3.350,87
3.956,94
3.957,100
4.001,105
3.933,100
3.878,93
3.701,77
3.418,69
3.486,79
3.430,88
3.404,92
3.244,90
3.522,91
3.848,92
3.886,95
3.916,96
3.916,102
3.879,99
3.825,98
3.707,99
3.392,90
3.177,87
3.078,87
3.069,85
3.061,83
3.065,84
3.073,86
3.040,84
3.041,79
3.009,78
3.055,74
3.003,74
3.018,65
3.019,67
3.044,66
3.070,67
3.018,65
3.047,69
3.024,71
3.049,70
2.995,69
3.069,66
3.069,61
3.017,56
3.068,53
3.016,49
3.117,50
3.612,58
3.809,64
3.863,70
3.851,78
3.846,82
3.801,83
3.769,87
3.707,84
3.563,85
3.464,85
3.419,86
3.337,84
3.299,91
3.232,88
3.269,90
3.263,89
3.311,93
3.269,90
3.232,88
3.213,84
3.155,82
3.111,83
3.106,82
3.036,78
3.046,80
3.036,78
3.020,80
3.051,81
3.056,82
3.033,77
3.058,76
3.036,78
3.053,73
3.086,78
3.083,76
3.033,77
3.109,77
3.132,76
3.084,77
3.096,80
3.083,76
3.106,82
3.091,79
3.086,78
3.046,80
3.086,83
3.083,76
3.108,76
3.086,78
3.083,76
3.116,79
3.096,80
3.091,79
3.106,75
3.185,78
3.259,78
3.363,79
3.535,79
3.654,83
3.798,92
3.903,93
3.895,97
3.916,102
3.899,104
3.846,103
3.732,99
3.649,97
3.591,95
3.509,93
3.367,90
3.170,90
3.033,77
2.957,78
2.957,78
2.962,79
2.983,78
3.015,79
3.185,83
3.597,87
3.823,92
3.952,93
3.956,94
3.860,90
3.715,86
3.263,84
3.101,81
3.030,75
3.046,80
3.046,80
3.041,79
3.007,77
3.032,76
3.026,72
2.995,69
3.018,65
2.966,60
3.769,73
3.905,79
3.929,89
3.923,88
3.923,88
3.935,90
3.892,87
3.889,71
3.860,67
9.324,79
3.833,54
3.799,77
3.929,84
3.978,89
3.891,91
3.596,91
3.293,90
3.135,83
3.027,73
2.971,70
2.966,65
2.997,70
3.080,74
3.030,75
3.009,83
2.999,81
3.018,85
3.022,86
3.036,83
3.084,88
3.027,87
2.999,81
3.098,86
3.044,85
3.046,80
3.041,79
3.056,82
3.030,82
3.009,83
3.009,83
3.053,87
3.040,84
3.027,87
3.014,84
3.027,87
3.027,87
3.027,87
2.988,84
3.025,81
3.018,85
3.036,83
3.064,93
3.040,89
3.033,88
3.053,87
3.071,80
3.097,69
3.072,69
2.989,79
2.992,85
2.909,84
2.966,85
2.940,85
2.942,80
2.936,79
2.925,74
2.973,81
2.942,68
2.886,58
2.911,49
2.939,57
2.969,69
2.897,73
2.910,79
2.879,78
2.905,78
2.869,81
2.869,81
2.832,79
2.801,78
2.775,78
2.843,81
2.764,81
2.743,82
2.740,87
2.712,81
2.717,82
2.712,81
2.712,81
2.728,79
2.721,77
2.811,80
2.848,82
2.832,79
2.843,81
2.895,81
2.877,77
2.900,75
2.931,78
2.926,75
2.974,72
2.966,61
3.018,62
2.948,72
3.018,85
2.952,75
2.954,76
2.980,76
2.972,71
3.009,83
2.955,88
2.965,94
2.960,93
2.978,97
2.995,95
2.986,93
2.961,84
2.954,76
3.020,68
3.072,69
3.078,73
3.078,73
3.116,79
3.183,88
3.127,87
3.130,82
3.030,82
2.970,86
3.046,90
3.004,82
2.983,78
3.029,74
3.036,78
3.058,76
3.021,69
3.069,63


9.352,60
9.122,42

3.924,98
3.067,52
3.121,69
3.111,78
3.120,80
3.133,77
4.006,94
3.534,99
3.239,79
3.283,83
3.271,86
3.293,80
3.486,79
4.040,87
3.632,93
3.439,94
3.402,97
3.373,96
3.377,97
3.427,97
3.451,97
3.608,93
4.022,77
3.366,62
3.296,70
3.498,73
4.089,91
3.436,89
4.200,84
4.154,94
4.245,104
4.237,91
4.211,81
4.285,81
3.596,96
3.121,69

3.191,47
3.190,79
3.206,92
3.232,88
3.263,84
3.257,88
8.039,84
7.929,75
3.217,60
3.169,34
3.313,43
3.365,56
3.402,82
3.373,91
3.361,93
3.287,89
3.282,88
3.291,85
3.306,88
3.287,89
3.299,91
3.318,90
3.259,83
3.308,83
3.308,83
3.308,78
3.308,78
3.435,93
3.398,91
3.411,89
3.430,88
3.367,80
3.363,79
3.328,75
3.327,74
3.306,77
3.300,87
3.287,89
3.293,90
3.271,86
3.263,84
3.331,88
3.287,89
3.390,100
3.324,72
3.339,49
3.316,64
3.276,73
3.259,78
3.308,83
3.254,82
3.200,81
3.242,85
3.238,84
3.288,79
3.349,72
3.341,61
3.340,54
3.313,41
3.314,37
3.444,30
3.457,21
3.144,18
3.466,17
3.272,29
3.141,37
3.166,52
3.168,62
3.249,81
3.213,84
3.204,82
3.219,80
3.218,67
3.217,62
3.191,52
3.167,56
3.168,66
3.180,75
3.204,82
3.232,88
3.177,87
3.193,85
3.232,88
3.204,82
3.164,84
3.209,83
3.209,83
3.219,80
3.253,74
3.303,82
3.234,78
3.283,83
3.293,90
3.299,96
3.315,94
3.315,94
3.270,95
3.319,95
3.324,96
3.315,94
3.336,93
3.350,87
3.394,86
3.345,86
3.392,90
3.374,87
3.333,78
3.366,65
3.339,51
3.341,65
3.358,83
3.343,90
3.362,84
3.420,70
3.414,55
3.290,57
3.323,81
3.336,93
3.276,87
3.275,91
3.305,92
3.346,101
3.299,96
3.307,104
3.303,103
3.353,97
3.300,87
3.303,82
3.303,82
3.291,85
3.311,93
3.287,89
3.318,90
3.271,86
3.263,84
3.242,85
3.271,86
3.287,89
3.217,85
3.221,86
3.267,85
3.300,87
3.229,82
3.226,87
3.287,84
3.234,83
3.259,83
3.283,83
3.287,84
3.244,80
3.269,90
3.234,83
3.271,86
3.226,87
3.213,84
3.213,84
3.226,87
3.217,85
3.168,85
3.185,83
3.189,84
3.217,85
3.200,81
3.217,85
3.221,86
3.254,82
3.182,76
3.217,65
3.290,54
3.290,56
3.316,64
3.275,72
3.269,80
3.259,78
3.214,79
3.206,76
3.204,75
3.279,75
3.259,78
3.264,79
3.288,79
3.267,85
3.234,78
3.238,84
3.213,89
3.232,88
3.232,88
3.225,91
3.220,95
3.232,88
3.189,89
3.165,79
3.213,84
3.209,83
3.175,81
3.135,78
3.155,75
3.157,76
3.130,75
3.119,66
3.119,60
3.118,56
3.093,54
3.116,45
3.116,38
3.145,32
3.199,28
3.106,20
15.842,67
15.778,82
15.916,85
15.998,81
16.006,88
15.949,72
15.963,79
15.998,81
16.049,73
16.054,76
16.052,82
16.036,84
16.046,71
15.817,18







15.890,58
15.883,83
15.668,10
20.974,52
14.494,56
14.520,64
14.445,63
3.241,36
3.167,55
3.119,62
3.074,70
3.099,70
3.124,71
3.105,74
3.154,74
3.108,76
3.126,72
3.105,74
3.127,73
3.155,75
3.108,76
3.109,77
3.105,74
3.129,74
3.081,75
3.081,75
3.127,73
3.106,75
3.099,70
3.124,71
3.077,72
3.081,75
3.075,71
3.121,69
3.078,73
3.074,70
3.105,74
3.095,67
3.168,63
3.118,53
3.140,43
3.149,19
17.344,91
17.169,91
17.151,88
17.261,100
17.469,102
17.533,94
21.380,70
17.692,96
17.634,60
14.519,58
14.517,79
14.494,58
21.424,53
21.423,52
21.422,43
15.805,76
15.823,81
15.840,59






16.047,27
16.146,71
16.129,92
16.205,88
14.260,77
14.409,76
14.418,47
13.016,98
12.982,115
12.946,112
4.847,34
4.970,68
5.034,83
5.030,97
5.034,104
5.055,103
5.079,103
5.051,102
5.072,101
5.083,104
5.088,99
5.145,95
5.150,91
5.150,91
5.181,92
5.166,94
5.163,99
5.249,115
5.270,114
5.233,104
8.421,100
8.389,105
8.361,98
8.354,87
8.458,97
8.340,93
5.258,98
5.038,84
9.154,95
9.192,104
9.213,103
7.742,65
7.717,65
7.742,66
7.717,60
7.692,60
7.717,62
7.666,65
7.744,80
7.742,85
7.738,84
7.863,89
7.825,91
7.913,89
8.021,95
8.026,96
8.046,95
8.014,99
8.055,103
8.051,96
7.996,86
7.979,82
7.988,84
7.969,80
7.906,76
7.934,78
7.889,79
7.909,83
7.901,87
7.946,86
7.942,85
7.988,84
7.979,82
7.957,77
7.959,78
7.949,81
7.942,85
7.991,94
8.055,97
8.087,105
8.134,104
8.068,100
8.000,91
7.894,68
14.107,75
14.168,46
14.895,34
14.968,60
13.907,74
13.830,73
5.168,18
5.189,43
5.195,69
5.267,85
5.344,95
5.263,89
5.276,87
5.291,94
5.291,94
5.254,97
5.272,101
5.233,104
5.261,105
5.240,106
5.280,110
5.240,106
5.294,107
5.305,110
5.294,107
5.329,97
5.195,69
5.190,50
5.149,27
13.846,85
13.892,84
14.985,78
15.041,57
14.718,58
7.859,78
7.942,85
5.391,62
5.316,56
8.181,103
8.004,97
5.539,106
5.496,108
5.500,109
5.566,113
5.412,112
5.349,96
5.349,91
5.387,84
5.375,87
5.439,106
5.396,101
5.387,84
5.398,81
5.499,96
5.566,100
5.499,96
5.524,102
5.494,95
5.490,94
5.503,97
5.512,99
5.571,101
5.506,88
5.521,101
5.585,118
5.600,109
5.507,104
5.394,95
5.391,85
5.478,103
8.411,77
8.118,100
8.227,91
8.797,106
8.620,106
8.504,91
8.687,92
4.380,114
4.369,111
4.290,103
4.220,98
4.167,97
4.151,99
4.212,96
4.171,98
4.163,96
4.216,97
4.199,93
4.261,102
4.305,107
4.357,108
4.369,111
4.361,109
4.390,110
4.398,112
4.414,110
4.373,112
4.429,114
4.365,110
4.373,112
4.361,109
4.265,103
4.200,99
4.207,95
4.158,95
4.158,95
4.163,96
4.151,99
4.154,94
4.171,98
4.100,93
4.176,99
4.167,97
4.142,97
4.154,94
4.150,93
4.147,83
4.164,87
4.151,89
4.157,90
4.155,85
4.122,78
4.132,80
4.096,77
4.113,72
4.113,72
4.155,66
4.105,65
4.154,59
4.154,58
4.202,52
4.153,51
4.178,56
4.230,67
4.087,71
4.162,81
4.151,89
4.167,97
4.295,111
4.400,119
4.384,115
4.396,105
4.248,105
4.312,109
4.261,102
4.137,81
4.212,91
4.130,85
4.126,89
4.138,96
4.132,90
4.212,96
4.269,98
4.311,96
8.856,102
8.839,104
8.823,100
8.751,114
9.067,111
5.671,101
5.907,111
5.811,99
8.881,96
8.904,108
8.960,116
8.982,102
9.300,106
9.415,103
9.171,93
9.007,96
9.146,99
9.112,97
9.095,93
8.952,95
8.974,100
9.001,107
8.911,103
8.878,101
8.892,105
8.875,107
8.892,105
8.885,103
8.902,95
8.847,94
8.851,95
8.856,96
8.831,91
8.826,95
8.825,90
8.826,95
8.806,91
8.825,90
8.837,92
8.847,94
8.822,94
8.825,90
8.889,98
8.899,100
8.940,104
8.965,104
9.159,96
9.518,88
8.982,91
8.932,91
8.869,99
8.864,98
8.918,105
8.943,105
8.988,92
5.956,98
6.047,96
6.016,80
5.980,77
6.031,83
6.035,89
6.054,88
6.028,92
6.072,102
6.047,102
6.087,106
6.058,105
6.066,107
6.083,105
6.080,104
6.060,99
6.084,93
6.054,88
6.043,86
6.078,92
6.138,94
6.118,86
6.143,86
6.054,77
5.990,66
6.001,74
6.060,84
6.084,93
6.097,96
6.076,103
6.110,99
6.072,102
6.097,102
6.067,95
6.042,95
6.047,96
6.038,94
6.088,94
6.078,92
6.022,91
6.053,92
6.072,91
6.059,93
6.035,89
6.072,91
6.060,89
6.089,85
6.048,87
6.098,87
6.122,96
6.176,103
6.177,110
6.225,116
6.233,118
6.200,116
6.098,109
8.822,106
8.580,102
8.552,101
8.543,99
8.491,93
8.492,89
8.428,81
8.483,82
8.504,91
8.435,92
8.449,95
8.404,96
8.357,97
8.320,100
10.964,102
9.206,108
9.125,113
9.113,123
9.105,121
9.036,116
8.904,108
8.918,105
8.897,106
8.873,100
8.869,99
8.868,93
8.856,91
8.915,98
8.885,103
8.907,102
8.869,99
8.920,99
8.951,107
8.940,104
8.947,106
8.993,105
8.997,106
9.001,107
8.993,105
8.999,113
8.993,105
9.001,107
9.007,102
7.428,116
7.370,114
5.101,109
4.971,107
4.907,97
4.623,94
7.230,92
7.166,85
7.203,97
4.997,95
4.943,94
4.958,92
4.943,94
4.952,96
4.960,98
4.923,95
4.855,87
4.878,102
4.855,109
4.878,102
4.894,94
5.041,119
7.350,102
7.332,98
7.372,101
7.339,119
7.191,64
7.152,74
7.125,87
7.392,113
7.378,116
5.301,122
5.232,117
5.209,111
6.002,103
6.068,86
5.777,97
4.981,97
4.952,96
5.096,114
5.170,114
7.987,93
7.991,94
7.983,98
7.947,101
7.947,101
7.913,99
7.913,99
7.933,98
7.904,97
7.983,98
7.963,99
7.958,98
7.908,98
7.908,98
7.954,103
7.954,103
8.016,106
8.037,105
8.185,104
8.328,102
8.545,106
8.678,101
8.739,104
8.634,103
8.518,99
8.278,102
8.109,104
8.059,104
7.947,101
7.938,99
7.922,101
7.970,95
8.018,100
8.300,108
8.958,109
9.007,102
8.986,103
8.885,97
8.876,95
8.920,99
8.915,98
9.121,99
9.818,97
10.232,100
10.251,105
10.312,108
10.237,108
10.249,111
10.185,114
10.155,119
10.139,115
10.010,114
9.932,113
9.790,109
9.617,110
7.524,115
7.349,115
7.486,118
9.078,114
8.995,112
8.966,111
8.927,114
7.432,117
7.424,115
7.359,111
7.347,108
7.275,109
7.271,108
7.250,109
7.239,106
7.189,106
7.196,108
7.171,101
7.132,104
7.182,104
7.193,107
7.153,103
7.189,106
7.128,103
7.132,104
7.146,101
7.182,104
7.189,106
7.200,109
7.196,108
7.239,106
7.285,105
7.335,105
7.355,110
7.401,109
7.474,115
7.492,113
7.492,113
7.459,111
8.968,105
8.936,103
8.982,102
9.073,106
9.105,101
9.105,101
9.100,100
9.165,92
9.314,103
9.371,105
8.881,102
8.790,98
8.756,96
6.101,103
6.130,104
6.139,113
6.076,103
6.066,107
6.164,113
6.214,113
5.792,107
5.170,95
4.998,70
5.076,87
5.122,108
5.140,106
5.136,105
5.079,97
5.063,99
5.092,100
5.067,100
5.023,101
5.006,97
5.054,97
3.201,102
3.225,102
3.201,102
3.201,109
3.152,109
5.400,122
5.417,120
5.382,104
8.140,99
3.068,54
3.081,75
-99999999
3.192,94
3.254,103
3.175,81
3.413,119
3.337,112
5.815,113
5.416,113
5.381,117
5.297,108
5.283,104
5.325,102
5.373,115
5.508,124
5.433,124
5.392,120
5.392,120
5.471,121
5.412,125
5.377,116
5.458,124
5.519,127
5.553,135
5.548,128
5.542,120
3.392,90
3.390,113
3.344,114
3.310,118
3.269,107
3.299,102
3.318,107
3.346,108
3.325,109
3.424,122
3.430,117
8.335,130
5.344,95
11.015,109
7.467,113
7.286,93
7.303,97
7.493,120
7.538,125
5.290,106
5.201,109
3.038,105
3.191,106
3.211,105
3.211,105
3.215,106
3.121,95
3.102,91
3.094,85
3.168,85
3.094,85
3.069,85
3.098,86
3.122,86
3.142,94
3.119,85
3.103,87
3.078,87
3.127,87
3.119,85
3.094,85
3.098,86
3.094,85
3.127,87
3.180,97
3.193,100
3.261,105
3.293,107
3.247,108
3.300,109
3.296,108
3.325,109
3.325,109
5.070,107
5.066,106
5.097,108
5.184,111
5.255,110
5.326,109
5.343,120
5.439,119
7.486,118
7.513,125
7.503,129
9.303,120
9.328,120
9.386,122
7.524,128
7.582,130
7.549,128
7.555,123
7.543,120
7.543,120
7.405,110
7.332,104
7.303,97
7.291,100
7.307,98
7.307,98
7.274,91
7.358,98
7.404,103
5.483,111
5.492,120
5.452,129
5.454,123
5.379,123
5.313,112
5.297,108
5.222,101
5.258,104
5.279,103
5.269,107
5.290,106
5.350,109
5.340,106
5.354,110
5.330,110
5.340,106
5.319,107
5.319,107
5.290,106
5.297,108
5.317,113
5.408,124
5.404,123
5.326,122
5.305,123
5.240,119
5.315,119
6.722,115
6.521,115
6.431,111
6.141,107
5.458,111
5.469,114
5.419,114
5.431,117
5.342,113
5.340,106
5.400,109
5.439,106
5.338,112
5.269,107
5.319,107
5.344,114
5.396,108
5.241,94
5.217,100
5.147,101
5.129,103
5.133,104
5.194,107
5.165,106
5.161,105
5.169,107
5.151,109
5.186,105
5.129,97
5.125,91
5.187,93
5.269,107
5.294,107
5.338,112
5.342,113
5.354,110
5.387,112
5.309,111
4.862,111
4.657,109
4.949,108
5.129,103
5.154,103
5.204,103
5.188,99
5.183,98
5.166,94
5.225,91
5.201,87
5.188,84
5.151,87
5.163,89
5.175,91
5.237,93
5.237,93
5.291,94
5.263,89
5.225,91
5.157,88
5.163,99
5.104,103
4.985,104
4.833,103
4.689,104
4.629,101
4.574,100
4.553,95
4.549,94
4.527,90
4.552,90
4.550,85
4.620,89
4.648,85
4.665,83
4.700,80
4.690,83
4.685,82
4.640,83
4.595,89
4.607,91
4.557,91
4.577,95
4.586,97
4.588,92
4.455,86
4.478,80
4.838,83
5.138,89
5.194,90
5.166,94
5.137,93
5.138,99
5.138,99
5.129,97
5.167,100
5.138,99
5.147,101
5.100,102
5.234,111
5.303,116
5.274,115
5.263,112
5.255,110
5.205,110
5.215,106
5.176,109
5.183,104
5.183,104
5.172,101
5.175,102
5.215,106
5.215,106
5.217,113
5.209,111
5.174,115
5.079,116
5.159,111
5.129,97
5.014,79
4.992,56
5.639,49
5.746,71
5.702,82
5.685,93
5.679,92
5.657,98
5.603,103
5.407,98
5.394,95
5.394,95
5.416,100
5.446,101
5.449,96
5.440,94
5.440,94
5.361,93
5.369,95
5.374,102
5.371,101
5.378,103
5.407,98
5.482,104
5.454,110
5.301,122
5.243,120
5.096,114
5.035,111
5.041,106
5.030,103
5.055,103
5.144,107
5.186,105
5.197,108
5.215,106
5.217,113
5.203,116
5.205,110
5.255,110
5.225,102
5.259,111
5.101,109
5.109,111
5.159,111
5.330,123
7.646,108
7.717,100
4.763,104
4.730,96
4.837,104
4.849,95
4.903,96
4.949,101
4.994,100
4.988,105
4.932,103
4.878,102
4.869,94
4.862,78
5.348,81
5.108,98
5.421,108
5.788,106
5.806,104
5.815,113
5.878,110
5.953,110
6.016,107
7.321,121
8.153,122
8.357,103
8.375,101
8.479,102
8.660,97
8.782,102
9.340,110
9.520,111
9.516,110
9.557,114
9.586,115
9.615,116
9.598,105
9.637,102
9.713,102
9.834,95
9.965,96
10.082,100
10.123,98
10.094,97
10.190,102
10.140,102
10.181,94
10.191,73
10.656,85
10.618,97
10.690,109
10.476,105
10.312,108
10.209,107
10.166,109
7.436,118
7.436,118
7.472,121
7.443,120
7.420,114
7.403,116
7.411,118
7.407,117
7.411,118
7.453,116
7.463,112
7.467,113
7.401,109
7.307,98
7.324,96
7.245,86
7.268,90
7.281,88
7.125,87
6.754,92
4.977,96
5.018,100
5.043,100
5.017,94
5.058,98
5.094,107
5.159,111
6.682,111
6.753,110
6.974,109
6.037,106
5.986,99
5.922,81
5.936,89
5.940,100
5.956,104
5.963,106
5.949,109
5.931,104
5.938,106
5.959,105
5.931,104
5.942,107
5.942,107
5.942,107
5.978,110
6.044,108
6.075,116
6.137,119
6.206,124
6.160,125
6.190,120
7.586,118
7.616,113
7.654,110
7.624,102
7.612,99
7.665,94
7.716,94
7.850,91
7.981,92
8.064,89
8.152,91
8.177,91
8.172,95
8.252,102
8.297,107
8.224,108
8.118,113
7.884,111
7.807,117
7.751,122
7.650,122
7.630,123
7.501,122
6.244,121
6.085,112
5.957,111
5.984,105
5.942,107
5.898,102
5.938,106
5.915,100
5.943,95
5.854,76
5.772,81
7.816,94
6.142,114
6.240,120
6.133,105
6.037,106
5.984,105
5.939,94
5.943,95
5.943,95
5.939,94
5.898,91
5.923,91
5.990,100
5.970,101
5.949,109
5.579,110
5.147,108
4.993,94
5.013,93
5.010,104
4.974,101
8.006,92
8.142,119
8.085,111
8.118,113
9.703,106
9.676,99
9.699,105
9.587,102
9.332,101
9.210,109
9.179,114
5.508,111
5.592,120
5.569,114
5.482,104
5.474,102
5.499,102
5.344,90
9.676,99
9.654,94
9.667,97
9.658,95
9.616,97
9.655,100
9.634,101
9.641,103
9.664,109
9.680,100
9.818,97
10.151,105
10.190,102
10.239,81
10.304,38
6.151,97
6.217,114
6.137,106
6.200,116
6.158,105
6.021,81
5.990,61
6.012,52
6.036,43
7.238,38
7.314,48
7.340,59
7.316,64
7.341,63
7.266,63
7.290,55
7.315,56
7.264,50
7.289,48
7.239,50
7.288,40
7.266,35
7.218,14
19.924,45
5.962,44
6.013,58
6.014,62
6.092,95
6.019,101
9.972,88
9.998,83
9.983,80
10.006,64
9.979,50

10.908,33
10.506,53
10.357,66
10.321,76
10.269,82
10.246,92
10.223,98
10.190,102
10.182,100
10.078,99
10.065,96
10.019,97
10.015,102
10.036,95
10.128,99
10.248,104
11.011,101
11.002,89
11.035,70
10.339,81
8.196,107
8.207,110
8.105,103
7.995,95
7.800,96
7.425,91
7.351,87
7.337,84
7.363,84
7.382,88
7.291,85
7.323,81
7.283,83
7.238,79
7.128,75
7.133,78
7.183,83
7.156,88
7.187,89
7.166,85
7.137,84
7.168,80
7.163,79
7.188,79
7.213,79
7.258,78
7.268,80
7.218,80
7.228,82
7.243,80
7.233,83
7.241,85
7.237,84
7.241,85
7.212,89
7.287,89
7.294,95
6.201,97
6.098,87
6.072,91
6.097,96
6.089,100
6.076,97
6.097,96
6.267,95
7.099,102
7.293,90
7.441,94
6.287,94
6.179,88
6.135,89
6.122,91
6.191,90
6.259,89
6.309,84
6.338,85
6.309,84
6.340,90
6.328,88
6.320,81
6.350,74
6.287,59
6.288,61
6.340,68
6.406,83
6.455,98
6.419,101
6.422,102
6.405,98
6.426,97
6.444,101
6.426,103
6.433,105
6.512,106
6.745,108
6.970,101
7.006,98
7.016,100
6.773,102
6.664,100
6.655,104
6.803,110
7.007,111
7.100,109
7.124,102
7.166,100
7.266,100
7.350,96
7.186,93
6.538,94
6.442,95
6.442,95
6.397,96
6.363,94
6.434,93
6.417,95
6.430,98
6.447,91
6.467,95
6.572,96
7.019,95
7.203,97
7.169,95
7.178,103
6.838,106
6.537,106
6.491,107
6.426,103
6.433,105
6.338,100
6.372,91
6.422,91
6.534,93
6.711,99
6.923,102
7.116,100
7.131,88
7.018,90
7.031,88
6.892,80
6.937,79
6.894,86
6.573,87
6.453,92
6.434,93
6.347,96
6.401,97
6.494,101
6.592,95
6.861,99
7.096,101
7.166,100
7.168,107
7.133,111
7.139,106
7.128,103
7.171,101
7.149,96
7.190,94
7.207,98
7.194,95
7.253,97
7.182,98
6.597,96
6.312,94
6.300,97
6.289,100
6.313,100
6.313,100
6.308,93
6.308,93
6.334,99
6.297,102
6.321,102
6.336,106
6.391,107
6.401,103
6.430,104
6.369,101
6.313,100
6.272,96
6.264,100
6.272,102
6.255,98
6.272,102
6.230,98
6.234,93
6.244,101
6.251,103
6.272,102
6.291,95
6.271,91
6.315,90
6.321,91
6.354,88
6.270,81
6.267,86
6.285,99
6.294,101
6.272,96
6.251,97
6.247,87
6.215,80
6.241,90
6.264,100
6.276,103
6.258,105
6.269,101
6.226,103
6.237,106
6.241,107
6.216,107
6.191,107
6.187,106
6.235,112
6.177,110
6.158,105
6.162,106
6.137,106
6.202,110
6.141,107
6.123,109
6.106,111
6.098,109
6.094,108
6.080,104
6.119,108
6.137,106
6.197,102
6.230,104
6.205,104
6.255,104
6.192,95
6.204,88
6.239,100
6.205,104
6.237,106
6.264,100
6.303,88
6.278,77
6.439,85
6.384,93
6.287,94
6.344,101
6.318,101
6.301,103
6.276,103
6.276,103
6.251,97
6.255,98
6.247,96
6.242,95
6.247,96
6.280,104
6.301,103
6.297,102
6.301,103
6.344,101
6.430,104
6.444,108
6.448,109
6.485,112
6.456,111
6.416,107
6.391,107
6.369,101
6.344,101
6.338,100
6.369,101
6.392,95
6.372,91
6.485,89
6.573,87
6.622,91
6.584,93
6.472,96
6.451,103
6.433,105
6.452,110
6.416,107
6.444,108
6.444,108
6.422,102
6.372,102
6.329,98
6.337,94
6.321,91
6.363,94
6.372,91
6.397,91
6.327,92
6.337,94
6.277,92
6.241,90
6.265,90
6.259,93
6.242,95
6.264,100
6.325,97
6.333,93
6.364,100
6.255,98
6.219,101
6.222,102
6.172,102
6.233,105
6.164,100
6.126,97
6.138,94
6.191,107
6.241,107
6.233,105
6.212,106
6.166,107
6.062,106
6.033,105
5.988,106
6.019,101
6.019,108
6.058,105
6.137,106
6.052,110
6.027,110
6.010,112
5.961,112
6.003,110
5.967,107
5.981,104
5.956,104
5.927,97
5.956,98
5.923,96
5.952,97
5.904,92
5.910,93
5.936,99
5.911,99
5.923,102
5.923,102
5.931,104
5.915,100
5.917,107
5.877,103
5.898,102
5.911,99
5.902,97
5.905,88
5.899,87
5.899,87
5.998,96
6.022,96
5.998,96
6.016,90
6.013,94
6.022,96
5.967,90
5.944,86
5.902,97
5.948,102
5.927,103
5.934,105
6.002,103
6.022,96
6.006,104
5.973,102
5.968,95
5.989,94
5.998,91
6.044,101
6.091,107
6.055,104
6.069,101
6.101,97
5.939,94
5.917,90
5.985,93
5.798,96
5.734,105
5.734,105
5.748,96
5.863,106
5.920,108
5.792,107
5.767,107
5.759,105
5.811,112
5.770,108
5.786,112
5.774,109
5.777,103
5.770,101
5.761,99
5.735,93
5.749,87
5.702,82
5.663,79
5.702,82
5.666,85
5.670,86
5.711,89
5.697,81
5.702,75
5.741,67
5.690,63
5.715,66
5.690,66
5.690,66
5.647,71
5.722,81
5.650,87
5.673,81
5.655,76
5.644,69
5.867,68
6.053,76
6.060,84
6.103,92
6.076,97
6.072,102
6.062,106
6.035,99
6.091,107
6.044,108
6.055,104
6.062,106
6.044,108
6.069,108
6.041,107
6.058,105
6.069,108
6.073,109
6.041,107
6.088,94
6.405,98
6.956,104
6.973,102
6.711,99
6.290,90
5.929,76
5.879,76
5.852,75
5.912,79
5.862,79
5.855,88
5.860,93
5.854,92
5.855,88
5.915,85
5.935,93
5.952,103
5.963,106
5.965,100
5.956,98
5.984,105
5.970,101
6.030,98
6.097,91
6.385,99
6.332,105
6.122,102
6.008,105
6.006,104
6.023,109
6.007,111
6.012,106
6.094,108
6.098,109
6.127,110
6.198,109
6.233,105
6.255,104
6.219,101
6.304,98
6.313,100
6.360,99
6.341,95
6.410,99
6.397,96
6.422,96
6.363,94
6.363,94
6.397,96
6.380,98
6.341,95
6.267,95
6.309,99
6.264,100
6.287,106
6.219,101
6.187,106
6.216,107
6.169,108
6.191,107
6.127,110
6.127,110
6.056,111
6.056,111
6.048,109
6.039,113
6.019,108
6.007,111
5.992,107
5.999,109
6.010,112
5.974,109
5.999,109
5.984,105
5.988,106
5.988,106
6.003,110
5.963,106
5.992,107
5.981,104
5.948,102
5.961,99
5.973,102
5.973,102
5.965,100
5.990,100
6.014,100
5.977,103
5.998,102
6.030,104
6.002,103
6.010,99
6.039,100
6.002,97
6.060,99
6.039,100
6.069,101
6.155,104
6.110,99
6.139,100
6.180,104
6.197,102
6.226,103
6.272,102
6.244,101
6.247,102
6.280,104
6.272,102
6.247,102
6.239,100
6.226,103
6.230,104
6.180,104
6.147,102
6.133,105
6.122,102
6.083,105
6.037,106
6.058,105
6.037,106
5.992,107
6.030,104
5.992,107
6.019,101
5.998,102
6.058,105
6.014,100
6.060,99
6.047,102
6.006,104
6.012,106
6.041,107
6.055,104
6.083,105
6.151,103
6.172,102
6.191,107
6.233,105
6.208,105
6.233,105
6.230,104
6.172,102
6.164,100
6.172,102
6.155,104
6.130,104
6.123,109
6.137,106
6.123,109
6.156,111
6.152,110
6.225,116
6.241,107
6.198,109
6.202,110
6.202,110
6.191,107
6.158,105
6.166,107
6.202,110
6.164,113
6.167,114
6.221,115
6.183,118
6.189,113
6.198,109
6.188,94
6.214,85
6.171,81
6.160,84
6.228,92
6.234,93
6.267,95
6.226,97
6.247,96
6.247,91
6.267,86
6.334,84
6.348,87
6.348,87
6.388,94
6.312,94
6.304,98
6.329,104
6.313,100
6.344,108
6.305,104
6.289,100
6.313,100
6.297,102
6.309,99
6.321,102
6.259,93
6.283,93
6.191,90
6.148,87
6.222,91
6.333,93
6.455,98
6.560,99
6.530,98
6.439,100
6.355,98
6.334,99
6.329,104
6.372,102
6.351,97
6.369,101
6.372,102
6.389,100
6.401,103
6.402,110
6.444,108
6.433,105
6.430,104
6.469,108
6.469,101
6.469,101
6.401,97
6.376,97
6.291,95
6.235,99
6.214,100
6.130,98
6.169,101
6.176,97
6.172,91
6.204,88
6.275,82
6.381,83
6.414,85
6.406,83
6.464,85
6.523,87
6.598,87
6.647,96
6.660,89
6.717,90
6.666,90
6.717,90
6.748,91
6.785,93

0.135,59

0.160,58
0.160,56
0.110,59
0.160,57
0.136,60

0.135,56


0.135,57


0.260,53

0.184,48
0.159,47








0.133,42
0.158,38
0.137,34
0.109,37
0.111,35
0.158,42
0.108,39
0.158,38
0.158,40
0.133,39


0.158,42


0.158,45




0.158,41

0.134,37
0.163,32
0.158,40
0.133,40
0.158,40

0.108,44

0.133,41

0.108,41


0.134,37

0.158,43

0.158,39
0.159,37








0.183,38
0.158,42

0.109,37
0.108,40
0.133,38


0.183,42

0.108,42
0.183,42
0.158,38

0.158,43
0.158,41


0.158,42

0.158,41
0.133,40



0.158,41
0.133,40
0.133,40


0.158,40
0.133,42

0.108,44
0.134,49



0.160,55
0.134,51

0.159,50
0.134,48
0.133,45
0.133,44
0.158,41
0.108,39
0.158,38
0.159,37






0.133,41


0.158,41
0.134,46


0.133,45

0.134,46
0.109,52
0.108,44
0.160,53




0.158,43


0.134,51

0.159,46

0.133,45
0.134,48

0.133,43
0.133,40
