0.134,53


0.158,51


0.133,52
0.158,47
0.183,46

0.157,42
0.157,42
0.157,42
0.132,41

0.132,39
0.157,42
0.157,41

0.157,39
0.107,40
0.132,38
0.157,38

0.158,37

0.132,39
0.136,34

0.136,34
0.257,40
0.133,37
0.110,35
0.161,34

0.157,40
0.132,39

0.132,42
0.132,41

0.132,42
0.182,42

0.157,40

0.134,36
0.137,33

0.162,33
0.159,36
0.134,36



0.133,37
0.135,35

0.132,39
0.107,38

0.114,30
0.162,32
0.138,31
0.160,35
0.138,31

0.163,69

0.197,82
0.192,81
0.160,85
4.783,97
4.816,89
4.822,80
4.810,77
4.792,79
4.773,80
4.746,85
4.758,82
4.728,81
4.733,82
4.721,85
4.761,88
4.730,87
4.754,91
4.735,92
4.735,92
4.708,97
4.758,97
4.761,88
4.768,79
4.751,70
4.795,62
4.795,61
4.845,63
4.845,65
4.823,69
4.837,78
4.817,79
4.783,82
4.783,82
4.799,86
4.810,88
4.822,90
4.785,88
4.844,94
4.828,91
4.810,88
4.784,92
4.803,91
4.844,94
4.784,92
4.767,89
4.797,90
4.771,85
4.748,90
4.767,89
4.755,87
4.773,90
4.755,87
4.750,86
4.746,85
4.723,90
4.721,85
4.676,86
4.639,83
4.615,83
4.590,83
4.565,83
4.551,80
4.536,82
4.545,84
4.569,84
4.651,86
4.662,88
4.763,83
4.824,86
4.810,88
4.797,90
4.798,95
4.820,85
4.820,64
4.747,67
4.791,89
4.820,100
4.828,96
4.791,89
4.840,93
4.848,95
4.812,83
4.784,76
4.849,86
4.841,89
4.835,88
4.822,90
4.829,87
4.872,69
4.899,25
15.495,86
15.538,106
15.651,116
15.672,115
15.598,96
15.531,104
15.535,93
4.777,19
4.842,41
4.869,61
4.823,69
4.810,77
4.783,82
4.761,88
4.761,88
4.784,92
4.766,93
4.730,87
4.730,87
4.773,90
4.791,89
4.816,84
4.807,75
4.894,63
4.919,61
4.800,70
4.743,79
4.723,80
4.733,82
4.760,76
4.729,72
4.783,75
4.784,76
4.760,76
4.768,79
4.743,79
4.787,83
4.754,91
4.779,91
4.741,93
4.729,91
4.767,89
4.729,91
4.773,90
4.761,88
4.753,81
4.758,82
4.783,82
4.721,85
4.717,89
4.706,87
4.701,86
4.729,91
4.725,86
4.728,81
4.736,88
4.742,89
4.755,87
4.699,90
4.671,94
4.705,96
4.712,98
4.699,90
4.656,87
4.613,88
4.639,83
4.623,85
4.649,80
4.587,76
4.605,81
4.656,87
4.642,93
4.668,99
4.655,96
4.631,91
4.644,79
4.547,50

4.646,53
4.598,62
4.576,69
4.549,64
4.547,51


23.294,50
22.822,60
22.687,77
22.747,65
16.150,74
16.156,78
16.215,80
16.193,70
16.241,69
16.358,89
16.432,93
16.417,101
16.402,88
16.495,91
16.545,96
16.499,97
17.960,90
17.955,79
18.027,93
16.610,106
12.334,102
12.309,102
12.326,113
12.362,116
12.318,111
12.314,110
12.326,113
12.297,112
4.627,30
4.694,43
4.670,47
4.645,51
4.598,62
4.672,66
4.607,73
4.634,82
4.651,86
4.661,92
4.631,91
4.594,84
4.613,88
4.577,86
4.585,82
4.562,76
4.574,67
4.549,64
4.547,50
16.222,102
16.060,89
16.138,94
16.367,101
18.004,89
9.855,60
9.751,43
9.990,87
4.650,69
4.648,67
4.623,65
4.522,49
4.779,96
4.749,114
4.638,98
4.533,87
4.575,90
4.581,96
4.601,95
4.597,94
4.627,86
4.615,83
4.549,64
4.597,55
4.579,71
4.556,81
4.503,86
4.499,85
4.486,82
4.516,83
4.516,78
4.475,61
4.596,47
4.522,49
4.573,64
4.581,72
4.575,80
4.553,86
4.556,91
4.575,90
4.553,86
4.587,92
4.562,92
4.532,91
4.548,94
4.540,98
4.552,95
4.562,92
4.548,94
4.536,97
4.548,94
4.540,98
4.544,93
4.507,96
4.576,95
-99999999
4.538,92
4.597,94
4.545,89
4.587,92
4.581,91
4.597,94
4.600,90
4.607,87
4.610,82
4.632,73
4.598,66
4.549,63
4.549,65
4.582,73
4.632,73
4.598,63
4.597,55
4.597,55
4.645,52
4.670,48
4.673,34
4.501,32
4.424,54
4.476,67
4.491,83
4.552,95
4.554,101
4.498,94
4.575,90
4.541,83
4.551,80
4.526,80
4.520,84
4.545,84
4.499,85
4.539,88
4.526,90
4.499,85
4.495,84
4.514,88
4.516,83
4.545,84
4.541,83
4.521,79
4.489,77
4.467,78
4.472,79
4.516,83
4.489,77
4.501,80
4.442,78
4.477,80
4.491,78
4.464,76
4.486,82
4.465,77
4.442,78
4.442,78
4.447,79
4.477,80
4.467,78
4.465,77
4.489,77
4.477,80
4.465,77
4.483,73
4.464,76
4.486,82
4.496,79
4.485,74
4.489,77
4.488,76
4.507,72
4.453,69
4.475,63
4.499,61
4.499,64
4.524,62
4.475,63
4.475,64
4.499,61
4.571,47
12.128,90
12.116,88
12.147,89
12.122,99
12.159,96
12.145,105
12.151,100
12.163,103
12.181,101
12.109,91
12.167,98
12.175,94
12.155,86
12.140,92
12.185,87
12.166,88
12.203,68
12.174,47
16.221,72
16.230,78
16.267,86
16.206,83
16.161,79
16.238,85
16.275,82
16.295,81
16.255,78
16.244,71
16.272,73
16.313,60
4.597,36
4.622,56
4.647,62
4.674,68
4.684,75
4.694,79
4.674,80
4.736,88
4.746,85
4.755,87
4.795,85
4.787,78
4.729,72
4.761,88
4.742,99
4.754,96
4.783,97
4.733,97
4.733,103
4.758,103
4.825,101
4.786,98
4.820,100
4.816,99
4.783,82
4.853,91
4.828,91
4.761,88
4.643,89
4.594,84
4.557,87
4.486,82
4.553,86
4.553,86
4.536,82
4.607,87
4.773,90
4.790,93
4.809,76
4.798,95
4.803,96
4.774,95
4.779,102
4.755,87
4.816,89
4.790,93
4.749,95
4.798,95
4.773,80
4.743,79
4.773,90
4.745,94
4.784,92
4.730,87
4.668,89
4.668,89
4.706,87
4.718,79
4.772,67
4.795,60
4.670,49
4.648,67
4.656,73
4.683,74
4.705,72
4.648,67
4.672,61
4.696,53
4.674,33
21.899,35
22.844,41
22.846,55
22.872,60
4.726,25
4.770,56
4.774,69
4.751,70
4.768,79
4.723,80
4.746,85
4.750,86
4.755,87
4.717,89
4.778,81
4.812,78
4.849,86
4.840,93
4.815,93
4.828,96
4.779,91
4.787,78
4.822,80
4.837,78
4.785,77
4.886,83
4.822,80
4.812,78
4.820,63
4.844,54
4.845,64
4.880,74
4.847,80
4.832,82
4.849,86
4.861,83
4.841,84
4.877,91
4.841,84
4.878,87
4.886,83
4.866,79
4.873,86
4.883,92
4.910,98
4.881,97
4.871,90
4.860,88
4.849,86
4.841,84
4.827,81
4.854,87
4.837,83
4.860,88
4.841,84
4.896,90
4.934,88
4.943,85
4.896,80
4.908,76
4.866,79
4.816,84
4.761,88
4.754,91
4.697,85
4.736,88
4.773,90
4.835,88
4.894,85
4.921,80
4.901,81
4.915,84
4.938,93
4.903,87
4.845,85
4.873,86
4.871,90
4.902,96
4.898,86
4.845,65
4.746,35

22.995,52
4.892,47
4.845,64
4.877,72
4.911,83
4.926,81
4.931,82
4.951,91
4.890,84
4.852,81
4.886,83
4.797,80
4.812,83
4.797,80
4.812,78
4.842,79
4.806,74
4.854,73
4.881,82
4.852,81
4.835,88
4.853,91
4.822,90
4.816,89
4.844,94
4.812,83
4.854,87
4.849,86
4.865,84
4.865,84
4.871,90
4.884,88
4.915,89
4.909,77
4.954,75
4.883,76
4.783,82
4.723,80
4.767,84
4.799,86
4.832,82
4.782,74
4.710,76
4.761,77
4.750,86
4.729,91
4.779,91
4.754,96
4.776,101
4.771,100
4.776,101
4.779,96
4.784,92
4.711,88
4.761,88
4.763,83
4.742,84
4.780,87
4.758,82
4.768,79
4.773,90
4.775,86
4.807,82
4.807,75
4.846,67
4.844,57
4.844,55
4.794,54
4.869,62
4.828,72
4.859,76
4.795,85
4.812,83
4.841,84
4.810,77
4.822,80
4.784,76
4.817,79
4.820,85
4.832,82
4.778,81
4.807,82
4.847,80
4.869,62
4.844,56
4.874,70
4.843,48
4.896,17
16.691,101
16.730,105
16.633,99
9.958,69
10.055,54
10.056,63
10.104,50
16.284,89
10.043,82
10.110,86
10.156,85
16.119,101
16.085,89
16.088,94
16.069,101
16.060,89
15.906,98
15.836,99
15.834,105
15.820,101
15.769,86
15.767,90
15.743,95
15.770,101
15.702,97
15.686,99
15.720,101
15.815,113
15.818,114
15.830,117
15.720,101
15.681,98
15.698,102
15.734,105
15.727,103
15.838,106
15.761,99
15.673,102
15.668,95
15.635,93
15.681,104
15.717,107
15.623,96
15.615,100
18.867,103
18.685,86
16.058,105
15.940,85
15.973,91
16.069,101
16.051,103
15.985,93
15.999,87
15.968,95
16.002,97
15.936,99
15.923,91
16.129,88
16.417,101
16.773,97
16.898,97
16.935,94
16.732,99
16.358,99
16.350,97
16.367,101
16.374,103
16.399,97
4.355,30
4.398,41
4.375,53
4.401,61
4.376,66
4.359,72
4.368,78
4.358,81
4.353,80
4.351,85
4.314,82
4.355,86
4.294,83
4.330,86
4.351,85
4.323,84
4.302,85
4.341,88
4.324,79
4.409,87
4.373,79
4.390,92
4.323,84
4.355,86
4.366,88
4.421,89
4.360,87
4.388,82
4.376,85
4.338,75
4.258,71
4.457,81
4.532,96
4.372,84
4.279,80
4.302,85
4.309,81
4.274,79
4.368,78
4.380,86
4.376,85
4.299,79
4.348,79
4.531,81
4.898,86
5.020,86
5.045,86
5.036,93
5.036,93
5.007,88
5.007,88
5.001,87
5.012,89
4.996,86
4.996,86
4.972,86
4.984,83
5.045,86
5.028,82
5.031,88
4.996,86
4.886,83
4.755,87
4.551,80
4.446,84
4.412,75
4.378,68
4.365,76
4.388,82
4.400,94
4.408,96
4.424,94
4.396,93
4.384,91
4.449,94
4.458,96
4.445,93
4.433,91
4.449,94
4.439,92
4.397,84
4.434,87
4.434,87
4.434,87
4.440,88
4.446,89
4.465,88
4.514,88
4.489,88
4.508,87
4.409,87
4.462,97
4.529,101
4.552,95
4.572,94
4.521,79
4.496,79
4.544,93
4.572,94
4.845,100
5.417,107
5.420,108
5.417,107
5.373,102
5.361,99
5.348,102
5.361,99
5.332,98
5.319,95
5.312,99
5.207,98
5.216,100
5.249,96
5.173,81
5.144,69
5.255,76
5.237,84
5.256,88
5.250,87
5.244,95
5.286,93
5.315,94
5.330,92
5.287,89
5.381,104
5.324,96
5.314,106
5.381,98
5.253,75
4.560,75
4.588,88
4.373,79
4.388,82
4.795,85
5.145,86
5.304,110
5.001,96
5.027,74
5.173,81
5.199,91
5.205,92
5.187,84
5.045,86
4.943,85
4.857,82
4.713,78
4.610,75
4.662,88
4.667,93
4.647,85
4.615,83
4.601,69
4.632,73
4.674,80
4.643,84
4.668,84
4.652,70
4.827,27
10.048,104
9.901,84
9.901,84
7.617,107
7.564,94
4.754,91
4.751,101
4.828,102
4.771,100
4.626,95
7.433,78
7.391,63
10.306,85
7.588,106
7.482,83
7.491,100
7.528,103
7.524,102
7.516,100
7.581,98
7.461,93
7.403,82
7.368,80
7.433,83
7.378,82
7.398,81
7.378,82
7.383,83
7.416,85
7.378,82
7.403,82
7.373,81
7.363,79
7.377,74
7.329,76
7.212,79
10.851,89
10.303,79
5.205,92
5.190,94
5.108,83
5.093,80
5.088,79
4.767,89
4.442,83
4.437,75
4.459,87
4.384,72
5.033,83
2.183,85
4.548,94
4.324,79
4.343,83
4.319,78
4.903,87
5.141,85
5.466,67
5.465,85
5.457,78
10.505,56
10.455,36
5.389,53
5.354,76
5.397,81
5.367,80
5.390,85
2.055,32
2.081,32
2.027,65
2.075,84
2.159,90
2.146,92
2.322,96
2.257,99
2.291,95
2.226,98
2.256,93
2.147,77
2.131,62
2.078,55
2.076,45
2.128,41
2.077,49
2.080,67
4.465,88
4.560,82
4.970,90
5.253,97
5.269,95
5.236,93
5.218,90
5.195,86
5.261,93
5.244,95
5.223,81
4.824,86
4.335,87
4.323,84
4.314,82
4.289,82
4.302,85
4.279,80
5.191,85
5.168,90
5.174,91
5.174,91
5.123,81
5.128,82
5.290,94
5.307,104
5.293,107
5.352,103
5.356,104
5.316,113
5.187,99
5.108,83
5.312,99
5.291,100
5.194,95
5.186,93
5.118,90
5.118,90
5.100,87
5.124,91
5.123,81
5.041,63
5.041,65
7.747,71
7.812,99
10.483,107
10.427,99
10.305,94
10.289,96
10.286,101
10.306,100
10.314,96
10.302,89
10.393,103
10.393,103
10.393,97
7.799,96
5.141,85
5.097,71
5.106,88
5.144,95
5.187,99
5.162,89
5.158,78
5.230,76
5.169,69
5.231,88
5.156,88
5.231,88
5.248,81
5.291,85
5.195,86
5.287,89
5.183,78
5.200,87
5.174,91
5.199,96
5.262,99
5.244,95
5.231,88
5.241,85
5.183,83
5.212,89
5.205,92
5.186,93
5.241,100
5.199,96
5.257,98
5.274,96
5.215,94
5.162,89
5.212,89
5.212,89
5.174,91
5.190,94
5.174,91
5.230,92
5.187,89
5.318,90
5.361,99
5.303,97
5.274,96
5.330,92
5.228,82
5.249,91
5.224,91
5.241,100
5.262,99
5.236,93
5.268,90
5.237,84
5.243,68
5.231,77
5.281,88
5.348,91
5.325,87
5.262,84
5.200,73
5.222,71
5.263,79
5.270,86
5.245,86
5.268,90
5.293,90
5.270,86
5.256,88
5.256,88
5.266,85
5.255,92
5.243,90
5.237,89
5.236,93
5.218,90
5.225,87
5.245,86
5.233,78
5.243,80
5.263,79
5.223,81
5.206,77
5.243,80
5.305,92
5.341,100
5.370,101
5.370,101
5.332,98
5.249,96
5.136,93
5.001,91
4.951,91
4.921,90
4.928,87
5.012,93
5.049,96
5.103,97
5.199,91
5.224,91
5.249,91
5.275,87
5.238,79
5.241,65
5.066,62
7.651,74
5.211,93
5.321,101
5.361,99
5.307,98
5.218,80
5.191,85
5.218,90
5.228,97
5.236,93
5.218,90
5.187,84
5.153,75
5.180,76
5.181,77
5.158,78
5.203,75
5.208,78
5.208,78
5.228,82
5.193,80
5.258,78
5.228,75
5.197,71
5.155,76
5.193,68
5.089,51
5.191,65
5.118,68
4.572,53
4.450,65
4.481,81
4.381,70
4.250,44
4.203,64
4.250,79
4.412,82
7.582,78
7.660,93
7.673,96
7.694,95
7.768,107
7.754,110
7.791,113
4.209,71
4.314,75
4.304,68
4.301,55
4.302,64
4.337,74
4.368,78
4.488,92
4.504,101
4.592,105
4.507,91
6.297,109
11.575,106
7.607,111
7.508,111
7.478,97
7.478,97
7.503,97
7.557,104
7.532,104
7.778,103
7.793,107
7.774,102
7.721,101
11.635,91
11.682,101
7.592,107
7.581,104
8.439,105
8.636,117
8.578,115
8.540,105
8.454,87
8.395,85
8.453,91
8.493,106
8.439,105
8.381,82
11.748,99
11.735,91
11.703,67
4.200,44
4.228,65
4.298,84
4.276,94
4.285,91
4.302,85
4.373,79
4.333,81
4.373,79
4.358,81
4.450,85
4.415,77
4.424,58
11.604,90
11.647,93
11.673,99
11.696,105
11.617,88
11.785,102
11.819,111
11.853,120
11.909,128
11.926,126
11.953,120
14.211,111
14.232,110
14.221,90
14.210,98
11.718,98
11.810,96
11.719,78
11.744,83
4.276,54
4.404,69
4.447,79
4.499,85
4.581,102
4.560,103
4.617,105
4.556,102
4.598,100
4.592,105
4.623,113
4.532,91
4.477,80
4.459,73
4.436,74
4.455,70
4.436,74
4.451,67
4.477,68
4.499,65
4.499,60
4.498,54
4.496,43
13.816,99
13.882,103
13.854,109
13.812,104
11.854,107
11.736,87
11.767,88
11.792,77
11.802,85
11.807,101
11.798,99
11.835,102
4.473,51
4.594,89
4.606,91
4.560,75
10.306,85
10.281,85
10.310,86
10.414,96
10.560,101
11.846,105
11.910,102
11.823,99
11.864,97
10.389,96
10.733,114
11.957,108
11.950,106
11.980,95
11.991,92
12.018,98
12.029,95
8.416,89
8.422,90
8.403,96
8.365,99
8.252,87
8.226,91
8.197,86
8.155,75
8.258,77
8.410,77
8.487,83
8.462,83
8.441,84
8.454,87
8.466,84
8.454,87
8.453,91
8.526,101
8.538,111
8.555,109
8.544,106
8.516,99
8.466,89
8.479,87
8.441,84
8.529,91
8.541,93
8.478,91
10.355,94
11.929,90
11.901,94
11.843,98
11.835,96
11.804,80
11.905,95
4.647,63
4.654,81
4.576,69
4.615,78
4.628,70
4.596,49
4.669,44
11.826,94
11.896,105
11.810,102
11.827,100
11.842,88
4.427,32
4.597,56
4.600,80
4.569,89
4.601,95
4.597,94
4.646,94
4.661,92
4.643,99
4.655,102
4.646,94
4.646,94
4.649,90
4.662,88
4.662,88
4.706,87
4.755,87
4.717,89
4.718,79
4.738,78
4.732,74
4.768,79
4.730,73
4.743,42
4.696,54
4.677,70
4.698,67
11.973,99
13.927,81
13.971,67
4.554,25
4.622,36
4.648,34
4.604,28
4.799,30
4.792,39
4.793,49
4.793,49
4.794,53
4.721,60
4.697,61
4.723,68
4.746,65
4.758,75
4.754,72
4.727,71
4.729,72
4.711,77
4.730,73
4.718,79
4.655,72
4.623,65
4.671,53
10.800,93
10.755,85
10.788,91
10.783,95
11.868,98
11.989,103
11.910,96
11.910,96
11.921,105
11.957,101
11.922,93
11.923,89
11.934,81
11.935,91
11.889,97
11.877,100
11.873,89
11.631,86
8.390,112
8.431,116
8.239,84
8.259,98
10.954,94
11.302,106
4.643,84
4.634,82
4.572,55
4.547,47
4.571,46
4.696,58
4.697,64
4.696,57
4.744,52
4.700,24
13.118,93
13.213,117
12.962,110
4.481,27
4.521,43
4.573,64
4.604,71
4.689,78
4.684,75
4.702,70
6.399,74
6.413,63
6.440,68
6.517,86
6.465,80
6.503,88
6.568,101
6.541,95
6.587,94
6.541,95
6.597,109
6.613,113
6.625,103
6.647,109
8.470,113
8.504,122
8.425,108
8.418,106
8.450,108
8.385,104
4.894,100
5.029,103
5.066,100
5.051,109
4.970,90
6.994,108
6.948,109
11.930,114
9.702,106
9.561,91
12.203,107
9.846,104
8.830,102
5.125,109
5.009,78
4.992,66
5.039,51
4.893,36
13.138,117
10.207,120
13.251,95
13.427,101
10.697,111
5.241,60
5.040,59
5.228,82
5.131,88
5.094,69
5.113,40
5.097,28
13.552,108
5.088,41
4.991,55
4.967,62
5.046,70
5.028,75
4.995,69
5.006,76
6.984,93
6.983,105
8.674,107
8.670,106
8.617,99
9.082,96
8.637,104
9.493,104
9.851,99
4.735,76
4.902,91
4.952,87
10.066,109
8.360,104
8.457,97
8.555,109
8.574,114
8.706,122
12.114,110
12.131,108
4.496,41
4.497,52
4.498,56
4.573,62
4.575,68
4.556,72
4.556,72
4.609,74
4.632,73
4.631,72
4.557,73
4.633,74
4.601,69
4.625,68
4.649,68
4.653,71
4.672,62
4.598,60
4.622,59
4.647,60
4.629,71
4.612,76
4.610,75
4.546,79
4.587,92
8.573,107
8.395,100
10.020,88
9.945,92
9.909,95
10.064,96
10.127,99
10.097,98
10.005,94
10.001,93
9.977,89
4.531,81
4.618,93
4.721,100
4.783,103
4.807,97
8.698,120
12.002,100
5.009,78
5.199,96
5.150,87
5.299,72
8.747,113
8.748,120
8.695,106
8.528,81
8.523,80
8.567,89
5.384,118
5.361,112
5.240,94
5.328,103
5.329,110
5.345,108
5.271,101
8.478,102
8.529,102
11.586,87
5.291,65
5.291,85
5.361,99
5.262,99
5.187,89
5.215,94
5.137,89
5.102,74
5.141,66
5.062,89
5.125,87
5.093,33
13.412,88
13.389,111
12.068,111
10.066,122
9.952,112
9.867,103
9.888,102
9.914,102
9.998,111
11.957,108
8.502,81
4.919,65
5.168,90
5.403,110
8.511,98
10.026,89
9.997,78
5.429,76
5.443,69
5.399,73
5.354,76
5.447,81
5.449,87
5.432,83
5.436,84
5.457,78
5.440,85
5.473,91
5.456,98
5.423,96
5.431,98
5.418,95
5.393,95
5.386,89
5.399,87
5.407,83
5.377,82
5.390,85
5.386,84
5.448,96
5.479,92
5.488,106
5.578,110
5.524,109
5.401,116
5.015,119
4.987,118
4.907,110
4.865,112
4.671,94
4.746,85
8.626,101
8.608,103
8.633,103
8.626,108
4.693,89
4.791,99
4.854,109
4.968,113
5.002,109
5.384,105
5.520,108
5.523,102
5.465,100
5.410,93
5.402,97
5.423,96
5.411,99
5.411,99
5.393,95
5.469,86
5.455,88
5.536,99
5.548,102
5.532,83
5.515,65
5.582,83
5.760,99
5.922,96
5.934,93
5.910,89
5.884,93
5.864,100
5.951,103
6.101,110
6.066,95
5.986,79
5.911,79
5.906,78
5.898,73
12.051,85
5.891,68
5.966,80
5.950,74
5.947,72
5.936,79
6.038,100
6.054,104
6.059,99
10.053,99
10.109,95
9.989,91
9.921,88
9.745,98
8.702,101
8.688,104
8.555,87
8.586,88
8.504,87
4.430,70
4.376,60
4.376,65
4.357,71
4.373,79
4.363,75
4.412,75
4.348,79
4.368,78
4.407,81
4.383,81
4.348,79
4.378,80
4.366,77
4.378,80
4.475,100
4.524,100
4.475,100
8.887,117
10.111,108
10.101,93
8.684,97
8.642,89
8.696,94
8.859,97
8.741,105
8.747,100
8.633,82
8.621,85
8.668,89
8.767,89
8.831,87
8.819,79
8.738,83
8.733,82
8.793,89
8.797,85
8.842,93
8.859,97
8.931,102
8.893,99
8.793,89
9.429,90
9.590,103
10.070,110
10.062,108
9.988,115
9.868,110
9.846,104
9.734,101
9.752,106
9.799,105
9.874,105
9.961,108
10.049,111
10.004,106
9.914,91
9.896,98
9.954,106
5.735,99
5.769,101
5.802,110
5.733,105
5.676,103
10.053,112
10.060,114
10.008,107
12.368,111
6.062,94
6.054,104
6.113,113
5.991,107
6.151,110
6.097,109
6.096,96
6.093,101
6.109,99
6.121,96
5.985,84
12.156,101
12.159,96
6.071,72
6.021,91
6.086,106
8.936,123
8.813,117
10.043,129
8.992,118
8.848,113
8.856,109
5.676,82
5.598,72
5.549,73
4.486,75
4.375,58
4.202,58
9.967,75
4.300,48
4.252,62
4.252,65
4.252,56
4.255,31
12.363,82
12.303,80
12.090,76
4.229,34
4.078,49
4.103,59
4.129,63
4.088,72
4.113,73
4.101,79
4.077,79
4.076,84
4.057,90
4.082,90
4.085,101
4.163,109
4.194,104
4.228,100
4.264,97
4.190,97
4.240,103
4.249,99
4.215,97
4.236,102
4.203,100
4.190,103
4.137,102
4.055,85
4.064,87
4.034,86
4.088,91
4.051,84
4.082,90
4.082,90
4.076,89
4.080,85
4.087,81
4.066,74
4.082,68
4.105,67
4.104,60
4.103,58
4.005,54
4.003,38
4.060,25
12.278,80
12.328,80
12.263,75
12.313,75
12.397,84
12.372,89
12.318,78
12.340,76
12.284,72
4.176,41
4.153,56
4.154,64
4.121,78
4.255,95
4.277,100
4.260,96
4.268,98
4.264,97
4.180,90
4.150,89
4.180,90
4.129,85
4.174,93
4.100,89
4.076,84
4.104,85
4.137,91
4.236,91
4.095,77
4.202,94
4.168,76
4.129,65
4.056,67
4.072,78
4.131,68
4.152,37
12.206,101
8.680,102
8.674,90
8.621,85
8.586,77
8.662,88
8.630,87
8.617,84
8.763,104
8.756,109
8.734,103
8.735,110
8.790,111
8.842,118
8.891,118
8.899,120
11.470,111
11.535,102
11.568,104
11.560,102
11.506,95
11.494,98
11.498,93
11.519,98
11.560,96
11.618,98
11.832,101
12.267,104
12.395,105
12.363,103
12.109,96
11.773,99
11.573,99
11.541,92
11.527,94
11.629,90
12.163,97
11.527,94
11.430,90
8.914,104
8.824,90
8.733,75
8.723,80
8.687,77
8.711,77
8.711,77
8.686,76
8.684,75
8.743,79
8.753,81
8.757,74
8.721,66
8.846,54
8.518,43
4.228,63
4.310,72
4.398,79
4.360,73
4.343,78
4.341,77
4.427,80
4.607,109
4.614,104
11.179,100
11.207,95
8.702,108
8.674,90
4.064,87
4.057,90
4.051,89
4.042,75
4.100,84
4.039,87
4.067,82
4.032,90
4.054,94
4.042,97
4.070,88
4.059,86
4.070,77
4.094,76
4.066,74
4.045,77
4.066,74
4.066,74
4.091,74
4.103,58
4.151,40
17.037,80
4.056,34
4.101,42
4.078,48
4.054,56
4.030,65
4.015,73
4.018,75
4.042,75
4.029,57
3.929,39
11.182,69
11.136,81
11.069,88
11.193,92
11.270,98
11.207,95
11.287,96
17.122,82
8.647,66
11.449,99
11.352,94
11.146,83
16.881,93
16.791,101
16.710,94
16.790,86
16.895,87
16.838,90
16.831,93
16.682,93
16.719,102
16.603,98
11.175,99
10.649,118
10.502,99
10.359,95
10.389,96
10.380,94
10.370,92
10.414,96
10.455,94
10.414,96
10.418,97
10.427,99
10.436,101
10.431,100
10.439,91
10.489,91
11.402,94
11.477,94
11.430,80
11.618,104
11.412,87
11.490,97
11.501,106
11.433,101
11.424,84
17.700,78
9.402,61
9.363,82
9.348,79
9.318,78
9.312,74
9.318,78
9.310,73
9.267,78
9.315,76
9.353,68
9.325,56
9.349,48
9.360,73
9.544,104
9.511,109
11.556,86
11.430,90
11.443,88
11.449,84
11.368,88
11.481,95
11.494,104
11.405,107
11.153,94
10.415,73
10.456,65
10.853,49
11.508,70
11.450,43
11.568,98
11.593,98
11.639,103
11.433,108
10.550,93
10.402,84
10.371,88
10.414,91
10.464,96
8.825,107
8.823,113
8.786,110
8.713,98
8.650,95
8.585,92
8.620,94
8.616,93
8.655,96
8.650,95
8.573,90
8.655,91
8.705,96
8.705,96
8.585,92
8.649,90
8.649,90
8.721,94
8.755,96
8.815,111
11.717,88
11.754,90
11.742,88
11.930,95
12.010,96
11.729,90
11.606,86
11.757,101
11.735,91
17.300,88
16.794,96
11.839,103
11.735,96
11.642,88
11.604,90
9.313,97
9.174,94
9.580,107
9.572,118
9.551,106
9.500,106
9.485,102
9.397,84
9.452,85
9.343,83
9.338,82
9.303,80
9.246,84
9.316,88
9.461,87
9.522,93
9.702,106
9.666,97
9.461,73
9.830,113
9.807,107
9.402,85
9.343,83
9.536,91
9.368,83
9.426,94
9.606,95
9.506,86
9.494,83
9.499,79
9.498,84
9.643,88
9.553,85
9.473,89
9.479,90
9.489,82
9.378,90
9.372,84
9.477,85
9.573,93
9.703,94
9.648,93
9.620,83
9.635,81
9.669,88
9.712,96
9.709,101
9.716,103
9.644,98
9.561,91
9.404,80
9.397,84
9.402,85
9.372,89
9.418,98
9.482,108
9.511,109
9.392,104
9.343,83
9.341,77
9.306,70
9.414,82
9.506,86
9.494,83
9.531,95
9.541,110
9.496,105
9.448,84
9.391,88
9.409,81
9.404,80
9.517,77
9.510,72
9.502,61
16.975,92
17.038,95
17.002,98
16.719,102
16.678,104
16.691,101
16.844,102
16.702,98
16.599,103
16.536,94
16.446,87
16.446,87
16.476,92
16.470,91
16.528,98
16.615,95
16.739,95
16.848,97
16.998,97
16.810,94
16.875,92
16.795,87
16.781,93
16.965,86
11.325,79
11.524,89
11.486,91
11.498,93
11.330,80
17.991,96
17.517,96
17.297,97
17.081,99
17.099,92
17.390,101
18.907,80
9.553,35
9.432,29
9.373,38
9.401,57
9.428,67
9.362,74
9.278,80
9.285,87
9.393,83
9.536,91
9.523,89
9.557,86
9.502,85
9.477,85
9.530,90
9.514,97
9.350,94
11.727,100
11.739,103
9.741,103
9.677,106
9.652,106
9.647,105
9.640,103
9.644,104
9.619,104
9.702,106
9.652,106
9.647,105
11.760,96
9.997,104
9.901,112
9.847,111
9.698,105
9.681,90
9.707,95
9.748,105
9.702,106
9.720,104
9.698,105
9.670,104
9.647,105
9.698,105
9.737,102
9.749,93
9.779,94
9.734,108
9.780,113
9.745,104
9.793,110
9.396,93
9.054,108
9.047,106
9.374,106
8.792,93
8.725,95
8.700,95
8.620,94
8.580,87
8.592,84
8.611,88
8.550,86
8.621,85
8.611,88
8.608,82
9.688,87
9.914,96
9.994,110
9.796,104
9.540,103
9.061,97
8.919,99
8.745,106
8.579,102
9.767,110
9.795,117
9.496,118
8.725,114
8.693,112
8.652,108
8.664,111
8.666,105
8.764,111
8.792,105
8.852,108
8.796,106
8.635,92
8.693,99
8.668,84
8.656,87
8.623,90
8.659,97
8.663,98
8.646,94
8.668,99
8.635,92
8.656,87
8.668,89
8.730,91
8.796,94
9.457,108
9.828,106
9.737,102
9.600,79
9.725,99
9.645,83
9.813,96
9.628,100
9.695,104
9.741,103
9.803,106
9.841,116
9.862,115
9.855,113
9.887,115
9.883,114
9.860,108
9.849,105
9.411,87
9.518,98
9.442,88
11.814,75
11.866,92
11.860,96
9.578,113
9.670,104
9.762,102
11.814,103
11.748,89
11.673,89
9.653,94
9.737,96
9.653,94
9.587,87
9.625,79
9.713,87
11.768,98
11.660,91
11.594,78
11.588,74
11.667,88
11.664,97
11.647,93
16.919,91
16.898,97
17.035,85
17.147,97
17.447,97
11.891,92
9.826,112
9.658,86
9.712,91
9.645,83
9.718,92
9.686,115
9.628,100
9.568,77
9.762,91
9.888,96
9.922,98
9.921,88
9.787,81
9.744,88
9.654,85
9.707,95
9.719,88
9.788,91
9.986,108
10.066,109
9.936,108
9.788,91
9.731,90
9.749,93
9.842,97
9.888,91
9.845,88
9.800,93
9.713,87
9.754,85
9.782,90
9.808,95
9.850,93
9.863,96
9.844,92
9.834,86
9.857,90
9.826,89
9.871,98
9.880,100
9.899,105
9.939,102
9.918,103
9.931,100
9.931,100
9.936,101
9.931,100
9.820,88
9.807,90
9.833,95
9.800,93
9.838,91
9.813,91
9.869,92
9.814,87
9.892,82
9.908,80
9.921,77
9.855,64
9.783,69
9.716,75
9.668,76
9.665,74
9.618,77
9.587,73
9.570,78
9.567,76
9.564,74
9.603,64
9.602,57
17.335,85
17.237,80
17.281,89
17.214,86
13.053,108
13.050,107
13.012,110
13.035,103
12.945,84
12.907,96
12.915,104
12.965,104
13.076,114
13.115,111
7.490,60
7.451,74
7.532,83
7.530,77
7.374,72
12.941,83
12.881,81
12.803,86
7.462,79
7.844,95
7.771,101
7.707,98
7.680,92
7.639,94
7.639,94
7.648,96
7.652,97
7.668,95
7.617,90
7.667,90
7.680,92
7.627,82
8.945,41
9.101,80
9.039,88
9.023,94
9.032,72
9.746,83
8.151,96
8.097,108
7.890,94
7.756,88
7.694,95
7.807,98
5.434,105
5.377,103
5.395,108
5.352,103
5.190,94
5.124,91
5.074,91
5.001,91
5.001,96
5.013,99
5.029,103
5.185,118
5.242,120
5.229,110
5.233,111
5.204,110
5.208,111
5.194,114
5.191,113
5.200,109
5.189,106
5.116,100
5.078,97
5.086,93
5.045,86
5.087,84
5.178,97
5.162,99
8.050,96
8.017,85
4.959,78
4.956,76
4.948,71
4.969,80
5.012,89
4.982,92
5.025,96
5.007,88
5.024,91
4.992,85
4.951,73
5.007,77
5.081,88
5.066,100
5.020,95
5.066,100
5.053,97
5.094,95
5.086,93
5.116,85
5.130,76
5.091,63
5.091,66
5.007,77
8.271,80
8.183,77
8.214,89
8.143,85
8.145,90
8.131,92
8.121,86
8.147,86
8.092,85
8.170,90
8.214,89
9.378,90
9.378,90
9.396,93
9.378,90
9.350,94
8.164,89
8.138,89
8.188,93
5.082,98
5.139,106
5.143,107
5.136,93
5.086,93
5.099,96
5.094,95
5.080,92
5.157,104
5.182,104
5.099,96
5.210,105
8.170,90
8.182,92
5.036,105
5.160,118
5.177,116
5.179,110
5.146,108
5.107,104
5.089,106
5.108,111
5.085,105
5.072,108
5.025,102
5.128,103
5.150,109
5.158,111
5.078,103
8.842,93
9.070,89
8.937,92
8.696,94
8.439,105
8.489,105
8.891,105
9.113,92
9.200,85
9.145,84
9.158,96
9.006,96
8.082,88
8.056,76
8.019,80
8.024,81
8.019,80
8.029,82
8.034,78
7.978,82
8.155,82
8.336,83
8.056,76
8.008,78
8.158,88
9.562,73
9.556,31
9.552,54
9.543,77
9.533,70
9.551,51






9.555,32

20.123,52
20.124,59
20.125,63
20.111,74
20.133,72
20.125,66
20.074,56
20.098,48
19.973,39




20.547,43
20.575,62
20.600,65
20.578,69
20.550,65
20.575,60
20.580,70
20.586,74
20.581,71
20.637,75
20.602,80
20.637,75
20.602,80
20.572,79
20.600,85
20.617,83
20.600,85
20.621,84
20.596,84
20.602,80
20.615,77
20.525,64
20.573,51
20.573,52
20.573,47
20.577,33








20.098,46
20.125,65
20.136,74
20.171,84
20.140,88
20.075,85
9.596,21
9.600,45
9.577,56
9.501,57
9.499,41

9.755,23
9.601,51
9.615,75
9.555,68
9.551,49
9.659,70
9.624,84
9.683,86
9.741,82
9.754,85
9.736,81
9.691,82
9.657,95
9.507,101
8.272,95
8.164,89
8.155,82
8.114,79
8.189,84
8.175,81
8.252,87
8.302,91
8.283,92
8.222,86
8.239,89
8.293,94
9.556,95
9.578,100
9.549,99
9.594,98
9.581,95
9.619,98
9.599,84
9.663,87
9.643,77
9.706,80
9.719,77
9.776,79
9.819,76
9.826,84
9.801,84
9.826,84
9.820,88
9.844,92
9.825,93
9.795,88
9.802,79
9.761,81
9.708,86
9.648,93
9.460,96
8.674,90
8.507,82
8.460,77
8.462,78
8.467,79
8.395,85
8.386,83
8.376,81
8.426,71
8.521,62
8.547,67
8.509,76
8.530,87
8.549,95
8.523,90
8.535,92
8.566,93
8.567,99
5.390,100
5.335,105
5.328,103
5.318,107
5.343,107
5.390,113
5.372,115
5.291,113
5.271,101
5.228,103
5.228,103
5.182,104
5.153,97
5.199,96
5.165,94
5.155,92
5.156,88
5.158,83
5.178,82
5.143,80
5.168,80
5.187,84
5.195,86
5.145,86
5.169,95
5.203,97
5.169,95
5.149,91
5.168,90
5.182,98
5.207,98
5.372,115
5.397,115
8.561,88
8.536,88
8.516,89
8.504,87
8.487,83
8.567,89
8.466,84
8.331,82
8.298,86
8.272,95
8.278,87
8.303,87
8.303,87
8.327,91
8.298,86
8.410,88
8.412,78
8.482,75
8.487,78
8.487,78
8.457,82
8.417,79
8.410,77
8.420,85
8.356,75
8.315,84
8.383,92
8.359,88
9.754,85
9.669,88
9.662,91
9.654,85
9.649,84
9.640,75
9.660,71
9.710,71
9.662,72
9.617,76
9.668,76
9.694,77
9.744,77
9.735,71
9.729,63
9.703,53
9.701,45
9.652,51
9.657,69
9.669,77
9.696,83
9.658,86
9.719,88
9.688,87
9.744,88
9.688,87
9.731,80
9.855,85
9.876,84
9.842,75
9.704,60
9.679,61
9.679,60
9.703,57
9.753,57
9.804,57
9.753,59
9.754,63
9.754,61
9.575,38
9.853,52
9.830,64
9.863,72
9.915,73
9.864,73
9.867,75
9.842,75
9.789,73
9.659,70
9.711,81
9.750,84
9.741,82
9.741,82
9.782,80
9.822,83
9.855,85
9.887,81
9.802,79
9.792,82
9.746,78
9.721,78
9.736,81
9.683,86
9.708,86
9.771,83
9.679,65
9.654,64
9.704,66
9.551,37
17.143,102
13.362,88
13.256,96
13.372,100
13.372,100
13.331,96
13.405,96
13.363,98
13.380,102
13.377,101
13.393,99
13.322,94
9.713,87
9.721,83
9.688,87
9.674,93
9.706,90
9.736,81
9.704,85
9.683,86
9.640,82
9.688,73
16.832,89
20.614,76
20.748,49
16.734,51
18.096,76
18.214,81
16.780,105
18.219,97
18.219,82
18.197,77
18.166,73
20.347,79
20.317,78
20.408,72
20.377,68
20.377,80
20.300,61
20.274,59
20.228,31








18.434,33
18.430,37
18.280,49
18.231,53
18.229,44
18.306,56
18.306,57
18.282,65
18.082,66
17.583,60
17.385,66
17.416,71
17.493,73
17.589,71
17.617,73
17.496,82
17.396,74
17.387,68
17.236,34

11.433,29
11.306,31
11.502,22
11.527,59
11.512,87
11.440,97
11.492,92
11.401,47
11.470,78
11.492,92
11.730,95
11.543,98
11.547,93
11.960,91
12.014,103
12.088,103
12.234,96
12.326,85
11.851,94
11.732,101
12.293,83
12.167,98
12.014,103
11.860,96
12.085,109
12.042,98
12.079,95
12.072,89
12.047,89
12.091,88
11.966,92
11.722,93
11.555,95
11.442,92
11.468,88
11.682,101
12.109,96
11.885,91
11.691,92
11.760,91
12.005,95
11.985,96
12.296,93
12.328,80
12.097,89
11.555,95
11.486,96
11.465,82
12.341,88
11.939,103
11.515,97
11.554,90
12.090,92
12.014,97
11.891,92
11.777,100
11.891,92
11.948,84
12.090,92
12.297,99
12.272,99
12.267,98
12.272,99
12.196,93
11.451,106
11.486,91
12.509,73
12.259,72
12.200,59
12.206,70
12.285,73
12.313,75
12.404,69
12.200,57
11.908,71
11.952,60
11.951,58
12.051,63
11.952,65
11.960,72
11.916,76
11.924,79
11.917,77
11.944,83
11.944,83
11.919,78
11.949,79
11.985,72
12.053,68
12.051,66
11.855,69
11.653,67
11.711,73
11.782,70
11.801,53
11.949,44
12.032,28



12.026,62
12.153,80
12.165,76
12.138,75
12.163,75
12.173,79
11.664,82
11.468,88
11.560,96
11.802,100
12.151,100
12.076,100
11.979,90
12.222,89
12.303,80
12.210,73
12.280,86
12.304,95
12.326,100
12.354,95
12.328,80
12.400,59
12.368,78
12.371,93
12.388,97
11.616,92
11.564,97
11.594,83
11.948,99
12.258,81
12.051,85
12.059,96
12.249,106
12.388,82
12.097,84
12.034,96
12.010,96
12.288,103
12.355,86
12.140,92
12.040,92
12.006,86
12.010,91
12.108,81
12.360,87
12.222,89
12.423,79
12.392,98
12.366,88
12.334,91
12.282,71
12.343,83
12.359,72
12.332,71
12.252,67
12.303,68
12.341,77
12.355,86
12.334,91
12.329,95
12.303,90
12.359,91
12.396,93
12.338,103
12.397,99
12.401,85
12.426,85
12.426,66
12.409,72
12.410,73
12.426,62
12.400,56
12.385,73
12.378,90
12.310,87
12.385,87
12.388,82
12.381,70
12.375,54
12.427,34




































12.355,30
12.398,43
12.376,60
12.404,69
12.383,81
12.358,81
12.313,75
12.302,67
12.375,59
12.351,60
12.353,68
12.351,61
12.449,36
12.502,32
12.571,79
12.384,91
12.151,85
12.234,91
12.262,74
12.412,74
12.303,90
12.330,86
12.403,90
12.365,92
12.346,93
12.385,87
12.401,64
12.418,78
12.346,93
12.346,93
12.288,82
12.222,84
12.313,82
12.303,80
12.482,81
12.481,101
12.224,106
11.760,96
11.973,99
11.910,102
11.723,99
11.698,99
11.718,98
11.707,101
11.735,96
11.785,91
11.851,94
12.115,92
12.301,85
12.368,83
12.422,84
12.463,82
12.447,84
12.338,82
12.166,88
12.172,99
12.078,90
11.867,88
11.852,85
12.134,91
12.317,98
12.416,88
12.383,81
12.338,82
12.322,84
12.291,88
12.229,95
12.209,96
12.076,100
11.918,98
11.760,96
11.691,92
11.710,91
11.772,93
11.848,89
12.001,94
12.254,95
12.325,94
11.982,101
11.860,91
11.710,91
11.660,91
11.666,92
11.685,96
11.710,96
11.679,90
11.673,89
11.691,92
11.755,95
11.785,96
11.955,95
11.985,96
12.288,103
12.309,102
12.506,108
12.544,105
12.533,102
12.520,105
12.541,104
12.492,104
12.492,104
12.599,85
12.500,66
12.366,77
12.413,82
12.383,81
12.368,78
12.393,78
12.351,64
12.424,46
12.400,53
12.372,84
12.416,88
12.450,65
12.400,56
12.359,72
12.403,80
12.447,84
12.472,79
12.397,84
12.371,93
12.367,98
12.388,103
12.313,97
12.338,97
12.300,94
12.309,96
12.234,91
12.213,97
12.155,86
12.155,86
12.147,89
12.105,86
12.122,84
12.134,91
12.165,92
12.190,92
12.253,90
12.290,92
12.351,100
12.334,91
12.313,97
12.340,92
12.334,96
12.301,100
12.334,96
12.247,89
12.496,93
12.602,95
12.607,96
12.803,86
12.758,73
12.647,49
12.596,43
12.648,55
12.707,72
12.735,74
12.776,80
12.701,80
12.721,79
12.724,85
12.713,76
12.714,77
12.739,77
12.757,72
12.773,57
12.771,41
12.328,32
12.299,47
12.350,55
12.449,55
12.448,51
12.325,53
12.350,54
12.348,40




12.203,32
12.224,49
12.329,69
12.325,56
12.300,57
12.301,60


12.152,18
12.199,50
12.257,71
12.301,85
12.297,89
12.265,92
12.242,98
12.259,96
12.265,92
12.234,91
12.233,81
12.288,75
12.300,57
12.373,40
12.383,27







12.526,14
12.478,24
12.630,19
















12.576,17
12.499,36
12.449,54
12.449,59
12.450,62
12.452,68
12.431,70
12.410,73
12.448,79
12.453,80
12.438,82
12.451,85
12.466,88
12.433,81
12.377,67
12.428,32
12.523,48
12.574,60
12.449,56
12.550,67
12.512,82
12.477,80
12.515,77
12.426,66


12.405,30
12.301,61
12.233,81
12.178,80
12.183,81
12.233,81
12.308,81
12.351,85
12.310,87
12.388,97
12.431,101
12.431,101
12.404,95
12.406,101
12.338,103
12.363,103
12.381,108
12.417,98
12.390,92
12.340,92
12.484,91
12.726,90
12.653,86
12.682,91
12.907,91
12.881,81
12.855,71
12.799,63
12.746,38




12.671,43
12.799,63
12.751,68
12.854,70
12.799,61
12.798,57
12.597,52
12.647,50
12.571,40
12.946,44
13.035,82
12.898,94
12.891,83
13.071,46


12.458,72
12.393,83
12.429,95
12.403,90
12.428,80
12.455,70
12.450,61
12.447,43
12.300,36
12.298,41
12.298,41
-99999999
12.299,37
12.352,34
12.447,41
12.449,55
12.481,71
12.467,78
12.433,81
12.416,77
12.453,69
12.474,59
12.472,44
12.447,39
12.426,35
12.256,29
12.379,31
12.398,41
12.375,53
12.451,67
12.464,76
12.409,91
12.380,86
12.378,80
12.293,78
12.222,84
12.188,82
12.228,80
12.263,82
12.260,87
12.272,89
12.347,99
12.431,101
12.409,96
12.413,97
12.381,101
12.363,97
12.363,97
12.300,94
12.316,88
12.358,81
12.408,81
12.423,79
12.409,72
12.405,30
12.355,86
12.359,91
12.351,64
12.362,74
12.341,77
12.398,43




















































































0.140,25
0.141,28
0.134,36

0.239,30
0.161,34

0.158,37

0.162,33


0.136,34




0.157,39
0.157,39

0.160,35
0.135,35

0.157,39
0.135,35

0.133,37
0.134,36
0.158,37
0.164,30
0.134,36

0.157,38
0.160,35
0.107,42
0.113,31
0.112,32

0.139,30



0.161,34

0.139,30



0.137,33




0.159,36
0.112,32

0.110,35

0.135,35

0.114,30
0.134,36

0.135,35




0.157,39

0.135,35
0.157,39

0.211,34


0.107,38
0.135,35
0.158,37
0.157,39

0.135,35
0.110,35

0.161,34


0.134,36


0.109,36

0.137,32
0.162,32



0.162,32
0.158,37
0.135,35
0.139,30


0.133,37

0.210,35
0.111,34



0.159,36
0.132,41

0.158,37
0.161,34

0.158,37





0.133,37




