3.412,93
3.556,98
3.503,97
3.556,98
3.499,96
3.565,100
3.559,105
3.499,102
3.499,102
3.507,104
3.534,105
3.521,108
3.471,101
3.482,104
3.475,109
3.475,109
3.525,109
3.468,107
3.483,111
3.487,112
3.475,109
3.529,110
3.532,111
3.471,108
3.457,104
3.464,106
3.471,108
3.489,106
3.471,108
3.450,109
3.433,104
3.500,109
3.471,108
3.479,110
3.468,107
3.479,110
3.514,106
3.529,110
3.521,108
3.496,108
3.496,108
3.482,104
3.521,108
3.500,109
3.500,109
3.529,110
3.521,108
3.557,111
3.504,110
3.529,110
3.471,108
3.521,108
3.521,108
3.496,108
3.464,106
3.518,107
3.485,105
3.489,106
3.489,106
3.521,108
3.493,107
3.508,111
3.496,108
3.529,110
3.518,107
3.489,106
3.485,105
3.493,107
3.468,107
3.485,105
3.436,105
3.413,99
3.359,98
3.357,92
3.295,90
3.357,92
3.345,90
3.339,89
3.357,92
3.339,84
3.358,88
3.352,87
3.345,90
3.345,90
3.357,92
3.332,92
3.330,97
3.317,94
3.326,91
3.346,95
3.351,91
3.333,88
3.339,89
3.367,85
3.330,82
3.367,85
3.376,87
3.333,88
3.363,93
3.351,91
3.383,98
1.459,92
3.425,96
3.449,102
3.438,99
3.442,100
3.438,99
3.425,96
3.429,97
3.420,95
3.441,94
3.339,89
3.314,84
3.347,86
3.305,82
3.285,78
1.569,48
3.198,69
1.569,50
1.264,46
1.417,49
1.366,48
1.367,55
1.294,68
1.451,81
1.460,88
1.459,92
1.389,89
1.364,84
1.335,78
1.368,65
1.421,68
2.973,70
2.840,69
2.823,74
2.794,72
2.816,70
2.863,65
2.873,73
2.870,71
2.826,76
2.873,73
2.813,68
2.837,63
2.839,68
2.918,80
2.819,81
2.652,79
2.629,85
2.611,91
2.681,100
2.538,103
2.546,84
5.857,88
5.891,94
5.869,90
5.882,88
5.925,102
5.922,101
7.689,93
7.794,85
7.994,85
3.132,82
2.892,80
2.944,80
2.923,81
2.970,80
2.924,72
2.889,60
5.177,72
2.824,75
5.231,75
5.283,76
5.316,79
5.296,80
5.276,81
5.261,83
5.236,83
5.290,84
5.290,84
5.259,88
5.343,94
5.285,98
5.327,102
5.335,104
2.918,107
2.755,99
2.748,92
2.854,98
2.787,90
2.716,87
2.711,86
2.801,88
2.806,93
2.754,93
2.820,91
2.826,92
2.840,95
2.840,95
2.820,96
2.710,95
2.719,97
2.802,104
2.738,108
2.851,110
3.025,108
3.076,108
3.186,104
3.350,81
3.367,66
3.428,74
3.389,79
3.470,86
3.367,100
2.741,91
2.742,73
2.959,83
3.269,85
3.364,84
3.082,74
2.980,75
2.996,68
2.973,70
2.916,61
2.940,51
2.867,31
2.939,39
3.044,51
3.367,64
3.406,76
3.349,71
3.416,57
3.455,76
3.426,87
3.465,94
3.437,93
1.498,95
1.749,100
1.644,99
1.711,103
1.656,102
1.685,97
1.672,94
1.672,94
1.681,96
1.681,96
1.647,94
1.660,97
1.643,93
1.662,92
3.417,85
3.449,91
3.524,96
3.528,97
3.493,90
3.429,75
3.368,67
3.349,71
3.360,78
3.429,82
3.419,80
3.452,74
3.477,74
3.500,73
3.548,91
3.530,88
7.853,109
7.919,113
3.398,71
3.434,83
3.438,89
3.401,87
3.384,83
3.343,85
3.343,85
3.326,91
3.333,88
3.265,89
3.278,87
3.185,88
3.197,90
3.228,87
3.080,87
2.977,87
2.798,82
2.782,79
2.775,77
2.990,84
3.105,87
3.185,88
3.215,89
3.208,92
3.227,91
3.195,85
3.157,82
3.162,83
3.053,81
2.980,75
2.827,77
2.670,77
2.638,73
2.630,67
2.611,72
2.634,70
2.637,72
2.557,71
2.673,78
2.772,82
2.907,83
3.135,88
3.278,87
3.358,88
3.412,93
3.425,91
1.677,86
1.619,79
1.578,71
1.523,68
1.596,59
1.570,53
1.543,45
3.365,40
3.321,31
3.370,31
3.398,28
3.473,26
12.547,93
12.187,102
12.041,103
11.953,106
9.960,120
9.836,114
9.728,89
9.647,98
9.660,95
9.669,97
9.694,103
9.659,107
3.521,70
3.470,86
3.542,90
3.560,93
3.511,93
3.530,92
3.426,87
3.394,80
3.409,78
3.394,80
3.369,80
3.409,83
3.384,78
3.357,76
3.372,70
3.378,74
3.358,77
3.340,79
3.360,78
3.360,78
3.350,81
3.350,81
3.330,82
3.330,82
3.300,81
3.318,85
3.318,85
3.297,86
3.314,84
3.327,87
3.320,90
3.322,86
3.307,76
3.304,74
3.318,63
3.308,77
3.322,86
3.352,87
3.228,73
3.255,74
1.227,74
1.279,75
1.304,75
1.320,69
1.253,75
1.497,90
1.427,96
1.427,96
1.457,97
1.461,98
1.452,96
1.433,92
1.355,82
1.396,80
-99999999
1.328,74
1.409,77
1.423,86
1.415,89
1.357,92
1.541,93
3.370,95
3.326,91
3.252,91
3.240,89
2.897,81
2.881,78
3.289,89
3.391,94
3.425,96
1.637,92
1.529,102
1.622,100
1.536,88
3.449,102
3.503,103
1.840,92
1.428,87
1.472,80
1.523,80
1.600,69
1.496,67
3.345,80
3.367,85
3.358,88
3.339,89
3.421,86
3.360,83
3.413,84
3.357,76
3.382,77
3.368,67
3.318,60
3.366,46
3.421,30
12.495,98
12.748,99
3.539,54
3.487,84
3.564,94
3.536,99
3.559,105
3.581,104
3.536,99
3.500,87
3.434,83
3.475,87
3.453,82
3.429,75
3.466,65
3.391,54
3.366,47
3.367,60
3.283,77
3.461,93
3.466,100
3.466,100
3.478,97
3.457,104
3.468,107
3.508,111
3.561,112
3.450,87
3.429,82
3.491,85
1.649,67
1.571,65
1.557,74
1.622,85
1.589,83
1.594,79
1.619,79
1.584,82
1.594,79
1.568,79
1.644,89
1.736,97
1.729,108
1.682,109
1.792,111
1.706,115
1.673,113
1.573,107
1.614,111
1.636,110
1.646,106
1.675,107
1.784,109
1.875,106
1.921,105
1.982,86
3.444,90
3.468,90
3.512,99
3.503,97
3.465,94
3.490,94
3.528,97
3.499,91
3.560,93
3.619,108
3.637,106
4.954,102
4.976,101
5.020,100
4.976,101
1.978,100
1.639,104
1.758,102
1.685,103
1.726,107
1.686,110
1.665,111
1.661,110
1.720,112
1.682,109
1.675,107
1.650,107
1.624,107
1.573,107
1.627,108
1.624,107
1.540,105
1.537,104
1.554,102
1.656,96
1.650,90
4.760,74
1.476,71
4.761,75
3.333,77
1.738,76
3.354,74
3.323,70
3.324,71
3.355,75
3.274,70
3.318,63
3.329,74
3.330,75
3.404,82
3.438,89
3.469,95
3.471,101
3.503,103
3.460,105
3.507,104
3.442,100
3.395,95
3.382,88
3.355,82
3.318,85
3.360,83
3.350,81
3.339,84
3.290,79
3.320,80
3.339,84
3.330,82
3.335,83
3.335,83
3.360,83
3.401,87
3.340,79
3.367,85
3.431,92
3.466,100
3.471,101
3.524,102
3.521,101
3.510,105
3.444,107
3.256,97
3.048,90
2.855,83
2.715,72
2.661,71
2.632,69
2.681,62
2.759,61
2.915,58
2.915,59
2.864,67
2.870,71
3.125,70
3.195,66
3.247,69
3.293,64
3.244,66
3.221,68
3.143,52
3.068,45
2.939,40
2.809,37
2.787,33
2.652,39
2.547,42
2.600,45
2.601,51
2.600,45
2.549,53
2.549,55
2.549,56
2.553,68
2.566,77
2.638,87
2.485,82
2.469,89
2.410,92
2.385,88
2.373,86
2.428,81
2.428,81
2.413,78
2.487,76
2.513,76
2.592,77
2.556,70
2.549,58
2.577,62
2.602,59
2.603,63
2.551,62
2.552,67
2.603,64
2.603,62
2.577,62
2.603,60
2.603,63
2.577,63
2.629,63
2.551,62
2.603,66
2.579,68
2.582,70
2.585,72
2.617,76
2.612,73
2.612,73
1.045,71
2.559,72
2.591,76
2.612,73
1.173,72
1.094,70
1.075,74
1.140,65
1.013,66
1.064,66
1.039,66
1.165,61
1.115,64
1.115,65
1.015,68
1.094,70
1.117,68
1.176,74
1.199,73
1.018,70
1.193,69
1.165,66
7.179,74
7.093,64
5.942,64
5.951,73
5.992,85
6.036,93
6.024,91
6.162,89
6.205,92
6.190,94
6.199,96
6.219,95
6.143,90
6.125,87
6.071,70
5.925,72
5.894,68
5.875,72
5.807,77
5.451,72
5.261,83
5.233,92
5.127,91
5.177,91
5.158,92
5.169,85
5.176,81
5.165,89
5.171,90
5.209,88
5.209,88
5.259,88
5.344,85
5.595,90
5.806,92
5.850,91
5.875,96
5.858,98
5.863,99
5.806,92
5.625,81
5.414,89
5.327,102
5.224,101
5.224,101
5.364,99
5.717,100
5.804,103
5.938,112
6.003,116
7.568,100
2.412,98
2.436,92
2.377,96
2.430,91
2.403,96
5.265,99
5.303,109
7.314,99
7.270,90
7.389,93
8.070,100
8.070,100
7.388,105
7.252,109
7.213,93
7.176,91
7.132,92
7.138,93
7.126,91
7.089,89
7.001,87
7.014,89
6.941,94
6.995,95
6.981,92
6.975,91
6.957,88
6.944,90
6.938,89
6.971,86
6.981,92
6.975,91
6.969,90
7.063,93
7.051,91
7.138,93
7.201,91
7.415,89
7.758,92
7.893,94
8.044,94
6.590,94
6.441,85
6.378,82
6.462,84
6.696,86
6.971,86
7.209,104
5.217,119
5.224,121
5.184,117
5.174,108
5.127,102
5.138,105
5.153,109
5.142,106
5.188,105
5.174,101
7.059,98
5.183,92
5.127,96
5.308,92
7.117,94
4.950,86
4.985,92
5.039,105
5.099,108
5.140,112
5.136,111
5.103,109
5.541,106
5.077,102
4.934,75
4.962,78
4.961,88
4.960,92
4.936,92
4.991,93
5.008,97
4.985,92
4.962,98
4.967,99
4.958,97
4.970,94
4.962,98
4.985,92
4.973,90
4.960,92
4.946,85
4.962,78
4.959,76
4.919,79
4.979,91
5.011,98
5.077,102
5.099,108
5.099,108
5.083,110
5.091,112
5.050,108
5.102,102
6.541,100
6.391,100
5.808,98
5.190,99
5.085,104
5.039,105
4.995,94
4.950,86
5.077,91
6.833,98
5.110,104
5.131,103
5.103,109
5.064,105
5.074,101
5.113,105
5.069,100
7.020,90
7.082,92
7.176,102
6.541,100
6.390,94
6.327,82
6.403,82
6.383,83
6.395,86
6.458,83
6.500,87
6.574,91
6.717,100
4.835,103
4.839,104
4.850,107
4.842,105
4.823,100
4.810,97
4.801,95
4.794,99
4.798,100
4.814,98
4.814,98
4.814,98
4.860,103
4.806,102
4.794,99
4.797,94
4.769,93
4.751,90
4.757,91
4.753,86
4.770,89
4.746,79
4.837,92
4.884,97
4.860,97
4.831,96
4.871,94
4.831,91
4.728,86
4.745,84
4.788,88
4.844,89
4.764,88
4.782,91
4.844,89
4.801,95
4.913,98
4.913,104
4.954,102
4.937,104
4.895,106
4.839,98
4.749,85
4.714,88
4.665,77
4.732,96
6.580,92
6.549,96
6.028,97
5.271,80
5.251,81
5.276,81
5.281,82
5.286,83
6.593,90
6.591,85
6.606,88
6.636,93
6.430,92
6.569,95
6.695,95
6.695,95
6.704,97
6.679,97
6.695,95
6.708,98
5.359,98
5.368,100
5.380,97
5.518,100
6.021,101
6.446,101
6.549,96
6.594,95
6.507,98
5.352,87
5.286,83
5.248,86
5.244,85
5.265,84
5.308,92
6.569,95
6.556,88
6.516,85
6.557,98
4.836,110
4.800,107
4.814,104
4.828,101
4.720,89
4.757,96
4.794,99
4.839,104
4.844,99
4.860,97
4.867,93
4.851,95
4.813,88
4.839,98
4.823,100
4.863,104
4.807,109
4.825,107
4.875,114
5.054,122
5.408,117
6.477,116
6.516,113
6.562,112
6.560,105
6.503,97
6.507,98
6.515,94
6.494,95
6.474,91
6.440,94
6.374,102
6.357,104
6.218,107
6.153,103
6.118,107
6.082,104
6.091,100
6.041,100
5.997,101
5.997,101
5.988,99
6.053,97
6.066,100
6.099,102
6.057,104
6.089,106
6.125,109
6.218,107
6.378,103
6.435,105
6.457,98
6.465,94
6.436,93
6.482,98
6.585,105
6.632,104
7.985,104
8.008,92
8.053,96
7.997,95
4.906,109
4.826,114
4.883,116
4.826,114
4.826,114
4.838,117
4.842,118
4.887,117
4.842,118
4.883,116
6.466,113
6.433,111
9.165,103
8.984,102
8.185,92
6.553,97
6.553,103
6.362,99
5.339,93
5.277,91
5.256,97
5.243,94
5.294,100
5.412,105
6.257,104
6.480,92
6.415,94
5.265,84
5.236,83
5.244,85
5.259,88
5.253,87
5.252,91
5.302,96
5.318,94
5.409,98
5.473,101
6.241,100
6.436,93
6.480,92
6.445,86
6.423,81
6.403,82
6.474,91
6.582,104
6.574,102
5.343,94
5.393,113
5.345,107
5.228,87
5.306,97
5.269,100
5.338,105
5.402,109
6.776,109
6.744,107
5.480,103
1.250,96
5.283,92
1.161,93
1.207,104
1.240,106
1.244,107
1.259,111
1.281,110
1.289,112
1.296,114
1.285,111
1.325,115
1.285,111
1.238,112
1.234,111
1.281,110
1.263,112
1.259,111
1.272,108
1.261,105
1.162,89
1.174,91
1.193,90
1.117,90
1.091,90
1.068,86
1.000,75
0.963,65
1.013,64
1.013,63
1.012,54
1.062,49
1.038,57
1.020,81
1.136,89
0.959,84
1.070,71
6.851,87
0.914,67
6.891,94
6.919,90
6.917,85
6.889,79
6.900,72
6.907,77
6.906,76
6.938,84
6.914,79
6.959,83
5.298,86
5.410,83
6.909,83
6.931,92
6.892,85
6.763,99
6.808,104
6.726,73
5.409,98
5.405,97
5.552,109
6.754,103
6.800,96
6.850,91
5.514,99
7.014,89
6.801,87
6.749,81
5.306,82
5.321,90
5.324,70
5.393,61
5.167,52
4.551,59
4.837,92
4.737,110
5.684,111
5.609,98
5.601,96
5.364,89
4.588,82
4.558,81
4.601,85
4.671,99
1.417,106
1.234,111
1.261,93
1.220,95
1.223,81
1.148,91
5.336,83
5.289,93
5.296,90
5.271,90
1.262,89
1.002,92
1.152,97
1.171,101
1.199,96
1.233,98
1.182,104
1.226,109
1.230,110
1.240,106
1.165,94
1.102,82
1.152,82
1.111,84
1.161,93
1.233,104
1.214,106
1.157,98
1.182,98
1.171,108
1.164,106
1.254,103
1.237,93
1.086,79
1.105,77
1.192,80
1.081,78
1.115,60
1.115,65
1.114,58
1.114,55
1.165,65
1.192,80
1.152,82
1.181,88
1.175,87
1.219,90
1.174,91
1.243,90
1.211,93
1.231,92
1.195,86
1.179,76
1.198,72
1.195,70
1.228,75
1.179,76
1.228,82
1.296,86
1.300,91
1.304,82
1.217,67
1.255,76
1.258,78
1.299,81
1.335,83
1.360,78
6.987,93
1.452,72
6.962,93
6.863,89
6.875,91
6.831,92
6.787,93
6.725,91
6.766,94
6.795,95
6.788,89
6.863,89
6.945,95
7.580,97
7.739,93
8.016,89
8.135,88
8.229,91
7.196,95
7.047,86
7.102,87
5.505,97
5.568,100
5.704,97
6.988,89
7.100,81
7.100,81
7.113,93
7.095,80
7.052,87
7.022,86
5.432,92
5.763,99
7.139,84
7.068,66
7.043,100
7.164,99
7.146,95
7.082,92
5.655,97
5.609,98
5.601,96
5.526,91
5.513,93
5.542,94
5.470,90
5.513,93
5.501,91
5.495,90
5.526,91
5.526,91
5.546,95
5.651,96
6.695,95
6.888,89
6.963,99
7.234,104
7.238,93
5.445,90
5.605,97
5.483,88
5.492,94
5.470,90
5.497,86
5.543,85
5.525,81
5.530,82
5.558,77
5.558,77
5.535,83
5.443,85
4.982,82
4.790,83
4.856,96
4.823,100
4.868,99
4.884,103
4.934,103
5.224,101
5.451,96
5.430,97
5.346,95
5.110,98
5.033,92
4.776,90
4.776,90
4.733,87
4.720,84
4.733,87
4.749,85
4.770,84
4.991,84
4.995,94
4.738,76
4.819,99
4.814,104
5.573,108
5.618,100
5.722,101
5.736,105
5.788,99
5.725,102
5.763,99
5.618,100
5.634,98
5.605,97
5.209,88
4.893,89
4.807,87
4.788,88
4.749,85
4.771,79
4.819,84
4.771,79
4.810,82
4.810,82
4.815,83
4.850,90
4.815,83
4.815,83
4.838,88
4.921,94
4.911,92
4.823,85
4.802,86
4.806,91
4.770,89
4.806,96
4.909,103
4.934,103
4.955,109
4.931,109
4.959,110
5.079,109
5.285,104
5.520,107
5.610,111
5.566,106
5.468,100
5.368,100
5.174,101
5.133,92
4.862,88
4.777,95
4.758,87
4.782,91
4.798,85
4.708,87
4.776,90
4.790,83
4.798,85
4.749,60
4.774,65
5.714,79
5.767,85
5.639,89
5.717,85
5.738,84
5.747,70
5.817,63
6.840,48
6.917,35
6.942,60
6.951,73
6.979,82
6.999,81
6.909,78
6.892,85
6.919,90
4.944,106
5.014,105
4.987,104
4.954,102
4.922,100
4.744,93
4.810,97
4.828,101
4.757,102
4.842,105
4.853,108
6.958,98
5.655,97
5.458,88
5.290,84
4.992,89
4.770,84
5.053,87
5.605,97
5.413,93
4.733,73
4.739,77
4.741,78
4.776,80
4.790,78
4.804,71
4.822,57
4.672,38
7.015,39
7.021,31
6.939,42
6.940,51
6.966,59
6.916,59
6.941,54
6.989,44
7.095,32
4.648,46
4.673,52
4.677,68
4.837,92
4.899,107
4.940,105
4.861,92
5.421,69
5.580,82
5.547,86
5.608,88
5.688,89
5.713,89
5.643,61
5.593,65
5.629,74
5.620,80
5.652,87
5.630,82
5.696,86
5.694,68
6.971,30
6.892,61
7.025,81
7.064,89
4.814,98
4.835,97
4.927,101
4.871,94
7.004,82
7.004,82
7.075,81
7.496,90
5.747,101
5.697,108
5.715,106
5.686,105
5.694,107
5.651,102
5.659,98
5.715,106
7.112,105
7.073,101
7.014,99
6.967,100
6.897,101
6.708,104
6.512,99
6.485,105
6.621,101
6.754,103
5.836,105
5.790,106
5.763,112
5.809,111
5.761,105
5.783,104
5.751,109
2.461,110
2.461,110
2.438,104
2.331,92
2.189,68
2.193,71
2.221,72
2.143,72
2.170,73
2.218,70
2.186,64
2.186,65
2.204,78
2.238,94
2.251,97
2.313,99
2.313,99
2.313,99
2.225,103
4.872,100
4.853,101
2.537,116
2.461,110
2.325,96
2.265,85
2.279,92
2.273,91
2.386,98
2.360,98
2.403,102
6.421,108
4.940,105
4.969,106
4.951,101
4.884,97
4.880,96
4.826,95
4.822,94
4.835,97
4.822,94
4.860,97
4.837,92
4.857,87
4.794,84
4.843,93
4.860,97
4.819,89
4.837,92
4.837,92
4.893,99
4.880,96
4.871,94
4.888,98
4.884,97
4.856,102
4.880,102
4.888,98
4.835,97
4.839,98
4.851,95
4.843,93
4.831,96
4.822,94
4.843,93
4.851,95
4.875,95
4.856,96
4.872,100
4.860,97
4.837,92
4.860,97
4.860,97
4.860,97
4.860,97
4.860,97
4.831,96
4.868,99
4.856,102
4.842,105
4.810,97
4.810,97
4.868,99
4.856,96
4.863,98
4.823,100
4.863,98
4.788,88
4.838,88
4.837,92
4.814,98
4.787,92
4.812,92
4.797,94
4.784,74
4.954,96
4.851,95
4.800,68
4.860,75
4.770,84
4.893,99
4.891,105
4.776,80
4.732,91
6.656,77
6.562,84
7.016,106
6.541,85
6.945,95
5.434,98
5.340,84
5.358,88
5.311,78
5.380,82
5.322,31
5.470,32
5.392,56
5.482,92
5.501,96
5.517,94
5.509,98
5.402,87
5.355,82
5.326,81
5.336,83
5.352,87
5.388,93
5.384,98
5.395,107
5.409,98
5.417,94
5.420,90
5.393,85
5.395,80
5.408,77
5.415,79
5.375,81
5.400,81
5.408,88
5.451,91
5.489,99
5.526,102
5.514,99
5.505,97
5.485,83
5.443,66
5.393,63
5.380,82
5.402,87
5.438,93
5.430,97
5.423,101
5.382,92
5.382,92
5.376,91
5.421,95
5.442,94
5.493,85
5.355,75
5.385,78
5.395,80
5.410,78
5.444,67
5.416,46
5.417,36
5.291,45
5.408,77
5.360,83
5.360,78
5.369,67
5.349,71
5.394,67
5.320,67
5.309,77
5.345,68
5.397,86
5.472,86
6.916,55
6.984,83
7.007,88
6.812,93
4.839,104
4.965,105
4.863,98
4.777,95
4.765,98
4.860,97
4.909,97
5.011,98
4.867,93
4.798,85
4.905,96
4.900,95
4.741,83
4.843,93
4.847,94
4.896,94
4.913,98
4.976,101
1.306,92
1.186,93
1.073,87
0.937,57
1.061,40
1.068,30
0.965,33
1.010,43
0.987,59
0.974,74
1.021,96
1.047,102
1.072,96
1.066,80
1.117,80
1.044,70
1.089,65
1.089,62
1.064,64
1.063,59
1.064,62
1.039,60
1.040,67
1.093,86
1.162,99
1.196,101
1.114,94
4.764,88
4.778,86
4.838,88
4.852,86
4.941,93
5.210,98
5.376,102
5.306,103
5.491,106
5.014,105
4.990,105
5.001,108
5.177,102
6.816,94
6.832,88
6.895,95
6.881,92
6.731,92
6.224,91
5.831,92
5.758,98
5.526,102
5.190,99
4.962,98
4.896,94
4.850,90
5.093,94
5.576,91
5.660,83
5.605,82
5.633,88
5.696,86
5.746,86
5.796,86
5.892,85
6.024,91
5.838,89
5.881,92
5.808,98
5.775,96
5.744,90
5.745,95
5.772,101
5.842,100
6.136,93
6.255,88
6.137,89
6.056,88
6.024,91
6.061,93
6.024,91
6.049,91
6.074,91
6.162,89
6.255,88
6.168,90
5.895,95
5.808,98
5.733,98
5.758,98
5.761,105
5.740,106
5.744,107
5.755,110
5.783,104
5.731,92
5.756,92
5.742,85
5.706,76
5.709,78
5.767,85
5.750,91
5.781,92
5.806,92
5.812,93
5.762,93
5.795,95
5.779,97
5.741,94
5.729,97
5.742,100
5.794,107
5.784,111
5.801,109
5.865,106
5.825,102
5.879,103
5.950,102
5.979,97
6.004,97
6.203,97
6.424,96
6.549,96
6.503,97
6.040,94
5.963,99
5.913,99
5.942,100
5.917,100
5.945,95
5.950,96
5.900,91
5.919,90
5.888,84
5.913,89
5.888,89
5.807,88
5.746,86
5.709,83
5.668,85
5.627,87
5.664,89
5.707,88
5.781,92
5.691,94
5.259,88
4.973,90
4.874,90
4.844,89
4.838,88
4.867,93
4.905,96
4.844,99
4.896,94
4.884,97
4.927,101
4.897,100
4.880,102
4.918,99
4.886,92
4.897,85
4.967,79
5.355,82
5.719,80
5.757,88
5.707,88
5.699,81
5.714,79
5.724,81
5.719,80
5.742,85
5.746,86
5.787,93
5.750,96
5.767,100
5.758,98
5.758,98
5.731,92
5.750,96
5.742,100
5.741,94
5.772,101
5.838,99
5.875,91
5.882,88
5.851,87
5.870,95
5.850,102
5.845,95
5.813,99
5.829,103
5.804,103
5.794,107
5.797,108
5.783,104
5.767,100
5.790,106
5.767,100
5.763,99
5.767,100
5.779,103
5.775,102
5.786,105
5.754,103
5.794,107
5.761,105
5.736,105
5.779,103
5.801,109
5.786,105
5.790,106
5.822,108
5.809,111
1.385,111
1.356,110
1.325,115
1.300,115
1.289,112
1.287,105
1.287,105
1.284,104
1.272,101
1.247,101
1.280,103
1.242,100
1.245,95
1.229,97
1.181,88
1.152,82
1.123,72
1.115,63
1.146,71
1.118,69
1.115,66
1.115,66
1.168,69
1.117,68
1.146,71
1.174,73
1.165,66
1.121,71
1.145,70
1.191,67
1.168,69
1.145,70
1.170,70
1.177,75
1.177,75
1.177,75
1.179,76
1.149,73
1.179,76
1.192,80
1.158,83
1.175,87
1.169,95
1.148,91
1.142,90
1.099,87
1.140,85
1.102,82
1.162,84
1.130,77
1.112,79
1.127,82
1.166,85
1.170,86
1.156,88
1.199,91
1.154,92
1.154,92
1.162,89
1.165,94
1.186,93
1.165,94
1.161,93
1.212,89
1.187,89
1.243,90
1.220,86
1.197,81
1.211,84
1.237,84
1.192,80
1.207,83
1.245,86
1.238,79
1.223,81
1.258,83
1.228,75
1.212,79
1.231,77
1.258,83
1.258,78
1.225,73
1.233,78
1.231,77
1.252,74
1.253,75
1.225,73
1.281,76
1.279,75
1.253,75
1.263,79
1.238,79
1.262,84
1.265,94
1.241,94
1.261,93
1.241,85
1.238,79
1.303,74
1.274,72
1.357,92
1.435,104
1.406,103
1.393,100
6.162,99
6.074,91
6.058,78
6.046,70
6.106,88
1.419,85
1.652,86
1.309,83
1.306,76
1.403,73
1.368,60
1.444,64
1.523,68
1.385,78
1.393,85
1.410,98
1.452,102
1.406,103
1.419,100
1.461,98
1.414,93
1.364,84
1.351,72
1.317,64
1.344,67
1.317,64
1.393,64
1.316,59
1.343,65
1.343,62
1.342,59
1.317,61
1.368,64
1.368,60
1.342,58
1.317,60
1.343,62
1.343,61
1.317,66
1.320,69
1.349,71
1.326,73
1.355,75
1.335,78
1.440,89
1.465,93
1.486,98
1.515,105
1.610,110
1.519,106
1.523,107
1.461,104
1.449,101
4.976,101
4.979,102
1.399,101
1.274,96
1.265,94
1.304,97
1.306,92
1.266,85
1.228,82
1.218,80
1.243,90
1.276,87
1.237,89
1.281,92
1.306,92
1.269,95
1.291,94
1.274,96
1.283,98
1.343,100
1.288,99
1.325,102
1.351,102
1.297,101
1.348,101
1.320,95
1.381,110
1.360,111
1.343,113
1.356,110
1.317,100
1.297,101
1.320,95
1.348,101
1.366,106
1.348,108
1.348,108
1.325,102
1.380,97
1.466,84
6.098,81
6.056,77
1.169,30
1.321,30
1.365,40
1.366,50
1.368,62
1.317,65
1.326,73
1.295,69
1.319,68
1.271,70
1.269,69
1.276,73
1.246,70
1.267,67
1.267,67
1.274,72
1.267,67
1.318,67
1.295,69
1.301,73
1.266,65
1.292,65
1.291,59
1.265,55
1.265,54
1.290,49
1.315,51
1.265,59
1.263,79
1.301,87
1.332,88
1.370,90
1.266,85
1.250,73
1.252,74
1.263,79
1.317,85
1.284,83
1.243,80
1.228,75
1.217,67
1.214,59
1.214,56
1.214,59
1.214,57
1.214,58
1.216,60
1.214,59
1.189,56
1.214,55
1.214,54
1.214,57
1.189,58
1.190,60
1.165,62
1.216,64
1.216,61
1.165,64
1.190,64
1.218,68
1.165,65
1.190,66
1.165,66
1.190,66
1.190,66
1.192,68
1.168,69
1.168,69
1.199,73
1.166,67
1.165,65
1.167,68
1.167,68
1.168,69
1.168,69
1.167,68
1.168,69
1.166,67
1.170,70
1.165,63
1.173,72
1.168,69
1.165,62
1.165,65
1.165,63
1.165,61
1.165,60
1.190,60
1.189,57
1.190,62
1.199,73
1.216,85
1.211,93
1.187,99
1.187,99
1.238,99
1.225,96
1.216,94
1.166,85
1.122,81
1.121,71
1.115,66
1.126,74
1.146,71
1.124,73
1.146,71
1.148,72
1.124,73
1.154,76
1.154,76
1.151,74
1.151,74
1.124,73
1.152,75
1.127,75
1.075,74
1.075,74
1.076,75
1.027,76
1.028,77
1.025,75
1.021,72
0.940,68
1.016,69
0.963,64
0.963,61
1.013,61
1.013,63
1.022,73
1.086,79
1.154,92
1.142,90
1.136,89
1.216,94
6.232,83
6.105,76
10.617,87
10.282,46
10.657,58
10.654,84
10.346,103
10.173,92
10.174,88
10.308,94
10.342,91
10.486,90
10.542,87
10.537,86
10.505,84
10.413,86
10.373,92
10.311,90
10.274,88
10.267,91
10.254,93
10.237,95
10.246,103
10.242,102
10.250,98
10.255,99
10.284,100
10.223,92
10.217,96
10.192,91
10.224,88
10.251,83
10.384,85
10.611,95
10.706,106
10.581,106
5.197,95
5.244,100
5.235,104
5.231,103
5.224,101
5.152,96
5.140,84
5.081,82
5.081,82
5.165,89
5.177,96
5.184,88
5.234,88
6.306,98
6.516,100
1.211,84
1.183,83
1.126,74
1.123,72
1.137,79
1.199,91
1.242,100
1.254,103
1.261,105
1.255,110
1.234,111
1.230,110
1.175,109
1.191,100
1.187,99
1.111,89
1.136,89
1.124,87
1.086,79
1.021,72
1.025,75
1.018,70
1.066,68
1.013,65
1.039,64
1.013,65
1.013,66
1.013,65
1.013,63
1.040,67
1.040,67
1.066,68
1.039,65
1.067,69
1.064,66
1.065,67
1.065,67
1.041,68
1.016,69
1.021,72
1.075,74
1.069,70
1.019,71
1.040,67
1.078,76
1.065,67
1.048,73
1.073,73
1.096,71
1.070,71
1.066,68
1.044,70
1.073,73
1.090,67
1.072,72
1.040,67
1.067,69
1.064,64
1.064,63
1.039,66
1.065,67
1.040,67
1.064,64
1.039,63
1.064,62
1.094,70
1.064,65
1.038,58
1.013,63
1.013,63
1.064,62
1.064,63
1.064,60
1.012,59
1.038,56
1.063,58
1.013,60
1.063,59
1.038,55
1.063,58
1.012,54
1.038,57
1.012,56
1.013,60
1.012,56
1.013,60
1.012,56
1.039,61
1.012,57
1.064,63
1.013,62
1.012,54
1.038,57
1.039,60
1.064,61
1.013,60
1.012,57
0.987,57
0.962,58
1.012,54
1.012,57
1.012,59
0.987,54
1.012,54
0.961,48
0.986,47
1.011,50
0.961,47
1.012,58
1.000,75
1.064,85
1.154,92
1.104,92
1.117,90
1.073,87
1.036,79
1.042,69
1.028,77
1.044,70
1.063,53
1.037,51
1.011,46
1.036,45
1.010,45
1.010,38
1.018,25
10.835,80
10.850,83
10.862,86
10.858,85
10.917,87
10.916,96
10.849,98
10.888,101
10.816,96
10.841,102
10.858,100
10.866,96
10.867,87
10.895,82
10.890,81
10.883,85
10.904,84
10.895,82
10.855,79
10.855,79
10.829,84
10.897,92
10.858,100
10.888,101
10.854,99
10.853,93
10.797,92
10.795,103
10.802,105
10.791,102
10.820,103
10.849,104
10.827,105
10.835,107
10.852,105
10.833,100
10.824,98
10.836,95
10.825,83
10.803,93
10.795,97
10.774,98
10.799,98
10.774,104
10.813,101
10.770,97
10.761,95
0.614,23
0.518,29
0.587,36
0.639,34
0.610,39
0.615,33
0.661,37
0.635,40
0.635,38
0.635,39
0.614,34
0.639,34
0.685,38
0.610,45
0.586,46
0.611,49
0.611,51
0.612,59
0.612,59
0.588,66
0.615,68
0.621,72
0.650,75
0.625,75
0.618,70
0.669,71
0.616,69
0.675,75
0.665,68
0.618,70
0.613,63
0.613,63
0.588,65
0.638,61
0.613,60
0.614,67
0.638,61
0.637,58
0.637,57
0.611,52
0.635,43
0.660,45
0.686,47
0.637,57
0.638,62
0.641,69
0.621,72
0.614,67
0.637,56
0.612,53
0.585,45
0.535,41
0.593,25
11.352,84
11.360,86
11.401,93
9.619,110
9.608,107
9.615,109
9.600,105
9.560,86
9.656,94
9.547,104
11.456,100
11.439,91
11.282,100
11.359,95
11.465,109
11.454,106
11.361,108
11.364,102
11.571,98
11.691,116
11.672,111
11.465,87
11.522,98
11.633,114
11.617,103
11.538,91
11.477,99
11.506,100
11.546,104
11.506,100
11.535,101
11.459,95
11.483,90
11.506,100
11.506,100
11.592,103
11.613,96
11.617,97
11.638,91
11.675,93
11.594,92
11.570,88
11.625,93
11.617,103
11.538,102
11.506,100
11.522,98
11.567,103
11.547,111
11.515,109
11.522,98
11.506,85
11.549,105
11.493,103
11.489,102
11.459,95
11.418,97
11.445,92
11.459,95
11.439,91
11.451,93
11.468,97
11.477,99
11.538,96
11.489,91
11.410,86
11.389,91
11.433,90
11.489,102
11.564,109
11.607,107
11.547,111
11.585,108
11.504,106
11.546,104
11.477,99
11.486,101
11.481,100
11.452,99
11.468,97
11.508,107
11.508,107
11.468,97
11.505,94
11.605,100
11.580,100
11.601,99
11.555,100
11.529,94
11.542,97
11.506,85
11.592,97
11.592,103
11.772,111
11.749,118
11.676,112
11.653,106
11.576,99
11.638,96
11.658,95
11.692,103
11.735,108
11.738,102
11.730,100
11.704,94
11.667,103
11.703,106
11.737,115
11.705,113
11.849,118
11.857,107
11.732,90
11.559,86
11.555,100
11.514,96
11.559,86
11.709,86
11.738,72
11.783,69
11.901,89
11.707,80
11.609,86
11.655,85
11.641,74
11.617,75
11.588,91
11.567,97
11.646,104
11.600,93
11.622,78
11.655,62
11.603,47
11.736,19
11.871,98
11.874,105
11.782,90
11.826,99
11.582,90
11.489,96
11.489,102
11.522,98
11.554,94
11.544,92
11.527,89
11.508,90
11.470,92
11.470,92
11.483,90
11.483,90
11.476,93
11.489,91
11.455,94
11.414,91
11.514,96
11.497,98
11.495,92
11.505,94
11.505,94
11.489,96
11.497,98
11.511,101
11.481,100
11.500,105
11.504,106
11.508,107
11.489,102
11.533,95
11.545,88
11.614,87
11.654,94
11.630,100
11.617,103
11.549,105
11.557,107
11.644,92
11.734,86
11.808,95
11.571,98
11.550,93
11.600,93
11.582,90
11.529,94
11.594,92
11.687,81
11.803,106
11.680,113
11.687,115
11.753,106
11.783,114
11.710,108
11.650,93
11.792,103
11.830,113
11.739,109
11.629,94
11.571,98
11.651,99
11.696,104
11.688,102
11.742,103
11.680,100
11.742,103
11.692,103
11.707,107
11.768,110
11.737,115
11.633,114
11.588,102
11.542,103
11.560,101
11.563,96
11.596,98
11.617,103
11.560,101
11.527,99
11.730,113
11.791,116
11.676,112
11.701,112
11.726,125
11.722,124
11.739,122
11.751,112
11.722,111
11.710,108
11.695,88
11.550,93
11.575,93
11.514,96
11.477,99
11.535,101
11.483,90
11.592,97
11.585,101
11.554,94
11.758,95
11.783,95
11.742,103
11.588,91
11.585,101
11.635,108
11.688,102
11.596,104
11.553,106
11.563,102
11.600,93
11.838,96
11.795,88
11.675,93
11.659,86
11.559,86
11.599,105
11.601,99
11.667,103
11.704,94
11.646,104
11.638,102
11.610,108
11.571,104
11.617,103
11.610,101
11.688,91
11.838,72
11.841,74
11.804,57
21.932,70
21.969,83
19.994,88
11.602,45
11.577,79
11.600,93
11.617,82
11.601,84
8.462,76
8.448,65
11.702,41
11.607,68
11.631,67
11.664,73
11.670,77
11.738,91
11.688,91
11.767,97
11.733,95
11.754,94
11.744,92
11.800,93
11.788,91
11.800,93
11.813,91
11.782,90
11.804,94
11.794,92
11.794,92
11.769,92
11.794,92
11.782,90
11.764,87
11.737,81
11.692,82
11.672,83
11.707,90
11.676,89
11.687,81
11.707,68
11.705,60
11.755,61
8.306,73
8.510,97
8.536,103
8.570,99
8.469,89
11.755,65
11.769,76
11.776,89
11.750,93
11.782,90
11.770,77
11.745,77
11.759,86
11.801,84
11.812,81
11.805,62
11.879,59
11.789,73
11.863,91
11.854,94
11.808,95
11.794,92
11.782,90
11.801,89
11.819,92
11.750,93
11.794,92
11.737,81
11.826,89
11.779,94
11.792,97
11.732,90
11.657,90
11.454,50
11.453,40
11.654,53
11.607,80
11.520,76
11.504,46
11.553,52
11.632,80
11.594,92
11.612,81
11.619,92
11.614,87
11.621,98
11.592,103
11.638,96
11.688,102
11.710,108
11.639,109
11.685,108
11.746,98
11.807,90
11.712,81
11.657,68
11.677,79
11.670,77
11.697,83
11.663,96
11.660,101
11.642,103
11.628,106
11.667,103
11.692,103
11.726,99
11.738,102
11.704,94
11.654,94
11.604,94
11.576,99
11.576,99
11.554,94
11.705,85
11.781,67
11.642,82
11.682,68
11.805,64
11.830,85
11.813,102
11.857,107
11.887,115
11.826,99
11.845,88
11.884,86
11.851,84
11.837,81
11.822,83
11.830,85
11.858,95
11.821,98
11.835,101
11.835,101
11.838,102
11.880,113
11.872,111
11.835,108
11.746,104
11.688,102
11.721,98
11.685,108
11.646,104
11.582,90
11.584,86
11.819,92
11.838,91
11.650,93
11.585,101
11.564,109
11.546,104
11.642,103
11.624,105
11.728,106
11.753,106
11.703,106
11.710,108
11.676,99
11.763,102
11.801,112
11.793,110
11.789,109
11.771,98
11.749,105
11.682,107
11.642,103
11.630,100
11.638,91
11.758,95
11.767,97
11.710,101
11.776,99
11.759,86
11.842,103
11.780,100
11.982,107
12.003,119
11.710,121
12.013,102
12.001,112
11.858,114
11.688,96
11.582,90
11.614,87
11.456,85
11.513,81
11.757,90
11.813,96
11.880,100
11.817,97
11.951,112
15.156,97
15.235,104
11.630,113
11.620,117
11.591,116
11.630,113
11.635,121
11.656,120
11.606,120
11.486,101
11.557,107
11.472,98
11.422,98
11.401,93
11.430,94
11.396,77
11.418,82
11.468,82
11.438,81
11.418,82
11.478,79
11.456,62
11.468,75
11.483,80
11.484,69
11.503,45
19.555,94
19.539,102
19.123,104
19.022,88
18.985,90
11.536,71
11.517,74
11.460,86
11.427,89
11.364,96
11.322,98
11.282,100
11.294,103
11.294,103
11.323,104
11.282,100
11.347,98
11.372,98
11.427,99
11.436,101
11.439,102
11.439,102
11.397,104
11.411,108
11.397,104
11.400,105
11.411,101
11.431,100
11.393,97
11.426,93
11.389,91
11.358,90
11.402,84
11.383,80
11.456,85
11.465,87
11.421,88
11.377,89
11.365,87
11.383,90
11.384,95
11.351,93
11.377,99
11.404,106
11.319,103
11.295,92
11.295,92
8.194,119
8.140,105
8.179,96
8.448,85
8.498,64
11.532,90
8.702,107
8.787,116
11.411,101
11.448,111
11.475,105
11.458,90
11.510,86
11.446,77
11.358,80
11.339,96
11.365,109
11.431,113
11.397,104
11.419,110
11.393,103
11.398,111
11.422,98
11.379,106
11.389,91
11.377,89
7.683,92
7.856,103
11.406,65
11.381,100
11.180,106
11.176,105
11.171,92
8.696,112
8.652,107
8.646,99
11.423,78
11.580,62
11.580,66
11.555,65
11.555,62
11.530,65
11.418,75
8.494,89
8.632,102
8.655,108
11.140,96
11.148,104
11.165,96
11.298,104
11.330,94
11.346,88
11.309,107
11.331,100
11.323,104
11.339,102
11.312,101
11.319,103
11.316,109
11.337,108
11.309,107
11.287,108
11.320,110
11.350,105
11.334,107
11.298,104
11.333,90
7.983,92
7.626,91
11.333,90
11.364,91
11.395,92
11.415,109
11.350,105
11.358,107
11.373,111
11.372,98
11.405,94
11.414,96
11.381,100
11.377,99
11.405,94
11.393,82
8.715,88
8.695,93
8.703,95
8.653,95
11.408,90
11.408,107
11.427,112
11.372,98
11.360,86
11.383,90
11.377,99
11.458,80
11.356,85
11.386,101
11.389,102
11.393,103
11.375,105
11.390,109
11.386,108
11.393,103
11.359,95
11.364,91
11.364,96
11.401,93
11.370,92
11.372,98
11.389,102
11.377,99
11.406,100
11.386,101
11.439,102
11.414,96
11.502,89
8.703,95
8.705,108
8.705,108
8.727,107
11.389,91
8.386,92
8.154,91
7.986,83
8.119,36
11.453,44
11.433,80
11.401,93
11.401,93
11.418,97
11.393,82
11.398,83
11.414,91
11.423,83
11.418,75
11.405,58
11.478,45
19.037,101
15.232,110
15.326,115
11.966,116
11.980,113
11.859,86
11.776,89
11.788,96
11.817,97
11.801,99
11.824,105
11.803,106
11.760,108
11.803,106
11.803,106
11.792,103
11.801,99
11.788,102
11.799,105
11.803,106
11.796,104
11.768,110
11.810,108
11.749,105
11.797,111
11.799,105
11.808,95
11.953,119
11.972,124
11.849,118
11.626,112
11.502,89
11.356,66
11.455,58
11.405,58
11.411,70
11.417,74
11.420,76
11.431,64
11.429,47
11.507,23
11.478,43
11.455,53
11.429,51
11.409,31
20.905,90
20.994,98
22.779,86
22.740,88
11.456,65
11.545,88
11.563,96
11.549,105
11.646,104
11.688,91
8.558,87
8.636,97
8.698,106
8.620,99
8.673,106
8.669,105
8.652,107
8.691,104
11.692,82
11.659,86
11.692,82
11.689,73
11.677,45
11.731,67
11.685,101
11.705,100
11.377,84
11.377,99
11.401,93
11.336,101
11.345,110
11.376,93
11.331,100
8.194,106
8.182,116
11.414,96
11.386,101
11.381,100
11.393,103
11.377,99
11.414,102
11.381,100
11.360,86
11.363,81
11.392,74
11.381,64
11.455,55
11.455,59
11.404,52
11.454,48
11.329,50
11.280,59
11.323,78
11.359,95
11.318,97
7.715,99
7.846,107
7.852,96
7.761,83
7.827,91
7.794,100
11.415,109
11.414,91
11.364,96
11.427,84
11.410,86
11.403,79
11.368,75
11.373,78
11.351,93
11.425,105
11.443,103
11.396,88
11.398,83
11.440,73
11.430,56
11.428,45
11.459,31
19.223,104
19.187,101
19.194,97
19.212,101
19.251,105
7.872,31
7.841,42
7.841,41
7.892,47
7.791,44
11.777,79
11.783,95
11.730,100
11.742,103
11.733,95
11.754,94
11.738,91
11.726,89
11.738,91
11.733,95
11.767,97
11.754,94
11.780,100
11.776,99
11.775,93
11.814,73
11.829,54
19.186,86
11.562,26
11.695,77
11.742,82
11.755,64
11.877,38
19.140,91
19.185,95
19.216,87
19.434,95
20.029,100
20.403,100
19.332,100
19.199,83
19.486,108
19.536,101
19.525,105
19.309,107
17.969,102
17.777,98
7.991,39
7.967,48
7.943,53
7.916,45
17.719,102
17.759,106
17.677,98
19.472,98
19.522,104
19.328,84
19.380,94
19.443,97
19.380,94
19.327,93
19.273,98
19.370,92
20.055,90
19.692,82
19.401,93
20.394,98
7.893,55
7.921,90
8.041,112
11.763,91
11.776,99
11.758,95
11.559,30
19.671,88
21.314,82
11.253,39
19.456,85
19.445,92
11.332,34
11.306,61
11.279,50
11.282,67
11.308,80
11.327,89
11.314,96
11.356,100
11.361,101
11.358,107
11.393,103
11.347,104
11.339,102
11.330,94
11.326,93
11.359,95
11.364,96
11.356,100
8.255,109
8.213,111
8.093,106
11.356,100
11.330,94
11.351,93
11.338,81
11.352,84
11.314,96
11.318,97
11.277,89
11.253,89
11.360,86
7.681,75
7.744,65
7.742,47
19.751,84
11.333,68
11.402,84
11.405,94
11.429,106
7.880,116
7.838,118
7.803,109
7.811,111
7.736,111
7.630,103
7.643,100
7.660,111
7.648,108
7.675,115
7.690,112
7.690,112
7.639,112
7.652,109
7.601,96
7.618,100
7.598,101
7.710,104
7.799,108
7.767,106
7.731,103
11.323,78
11.381,63
11.678,47
11.652,41
7.741,45
7.791,44
7.742,46
7.725,19
19.606,113
19.611,108
22.109,96
11.463,27
11.328,44
7.720,67
7.736,83
7.733,76
7.783,92
7.849,108
7.583,77
7.615,39
7.440,39
7.473,86
7.573,101
7.427,91
7.323,70
11.423,78
11.346,88
11.393,103
11.339,91
11.365,87
11.421,77
11.421,88
11.389,91
11.365,87
11.331,85
11.331,85
11.360,86
11.402,99
11.422,98
11.404,106
7.262,105
7.361,111
7.295,107
7.264,99
7.234,98
7.535,104
7.621,114
7.567,119
7.761,111
11.352,99
11.389,102
11.393,103
11.393,103
11.393,103
11.427,99
11.395,92
11.401,93
11.352,89
11.439,91
11.446,77
11.307,67
11.471,77
7.120,80
7.196,95
7.259,104
7.323,108
7.234,104
7.337,105
7.217,94
7.208,88
7.242,94
11.509,95
11.468,103
11.461,101
11.443,97
11.427,89
11.427,99
11.454,106
11.446,77
7.227,109
7.294,120
11.481,100
11.448,83
11.578,106
11.483,80
11.522,98
11.448,78
11.433,80
11.506,63
11.552,44
2.161,18
11.553,52
2.346,24
2.503,30
4.774,66
4.834,74
4.931,87
4.979,96
4.921,94
4.896,94
4.896,94
4.845,79
4.803,70
4.857,73
4.874,80
4.856,91
4.847,94
4.851,95
4.900,95
4.852,86
4.893,84
4.884,82
4.880,72
4.821,49
4.722,51
4.749,61
4.787,76
4.819,89
4.847,94
4.793,93
4.738,92
4.787,92
4.783,87
4.770,84
4.771,79
4.770,84
4.764,77
4.764,77
4.764,77
4.782,72
4.758,73
4.757,72
4.837,92
4.848,113
4.914,124
4.846,119
4.857,122
4.870,119
2.457,122
2.543,124
2.553,120
2.585,115
2.600,112
2.479,101
2.358,92
2.340,79
2.274,73
2.306,77
2.251,75
2.250,74
2.270,70
2.297,71
2.242,69
2.292,67
2.266,67
2.291,66
2.247,72
2.293,68
2.241,68
2.240,67
2.247,72
2.271,71
2.292,67
2.267,68
2.294,69
2.241,68
2.239,66
2.250,74
2.295,86
2.293,90
2.013,87
1.841,77
1.673,61
1.672,58
1.648,65
1.624,68
1.625,69
1.606,73
1.600,69
1.577,70
1.581,73
1.584,75
1.530,73
1.538,78
1.561,77
1.533,75
1.529,72
1.521,64
1.572,67
1.572,67
1.587,77
1.533,75
1.573,80
1.548,80
1.538,78
1.573,80
1.533,75
1.535,76
1.536,77
1.509,76
1.529,72
1.524,69
1.523,68
1.485,77
1.587,88
1.563,83
1.495,64
1.544,51
1.494,54
1.520,57
1.545,57
1.521,63
1.571,66
1.546,63
1.526,70
1.522,67
1.527,71
1.584,75
1.578,71
1.580,72
1.549,69
1.500,70
1.478,72
1.447,69
1.471,67
1.523,68
1.478,72
1.452,72
1.473,69
1.482,75
1.460,77
1.492,79
1.502,81
1.542,84
1.523,80
1.497,80
1.502,81
1.459,76
1.470,66
1.471,67
1.473,69
1.470,64
1.470,66
1.471,67
1.496,67
1.470,64
1.470,64
1.470,65
1.494,59
1.520,59
1.509,76
1.530,87
1.600,95
1.630,102
1.667,105
1.692,105
1.692,105
1.668,93
1.581,73
1.571,60
1.545,58
1.520,56
1.596,55
1.773,48
2.081,53
2.184,52
2.210,51
2.237,52
2.290,58
2.241,80
2.082,85
4.999,86
5.045,100
2.456,102
2.508,102
2.625,99
2.559,96
2.463,88
2.402,81
2.343,65
2.395,61
2.369,62
2.343,61
2.395,60
2.369,60
2.342,57
2.343,62
2.343,63
2.369,66
2.369,63
2.369,61
2.343,60
2.290,55
2.316,55
2.210,51
2.079,45
2.184,48
2.237,49
2.342,54
2.343,60
2.395,60
2.342,59
2.369,64
2.344,67
2.343,63
2.371,68
2.395,60
2.394,58
2.342,54
2.367,50
2.419,52
2.341,50
2.315,52
2.289,52
2.264,58
2.212,53
2.315,51
2.184,46
1.874,43
1.722,48
1.595,48
1.544,52
1.545,59
1.521,61
1.546,62
1.571,66
1.571,65
1.622,62
1.622,64
1.673,64
1.700,67
1.827,67
1.984,71
2.198,74
2.166,70
2.219,71
2.189,68
2.082,64
1.851,62
1.673,64
1.648,60
1.622,66
1.622,60
1.571,66
1.571,65
1.597,66
1.571,60
1.571,63
1.546,63
1.571,63
1.571,62
1.571,62
1.571,61
1.571,60
1.648,60
1.775,66
2.092,73
2.358,76
2.430,72
2.430,72
2.424,69
2.431,73
2.401,71
2.456,73
2.498,85
2.534,96
2.568,104
2.627,106
2.545,105
2.508,102
2.542,104
2.576,106
2.576,106
2.475,90
2.421,60
2.420,55
2.368,55
2.343,62
2.395,63
2.396,67
2.397,68
2.430,72
2.370,67
2.369,61
2.395,65
2.404,73
2.421,66
2.424,69
2.511,82
2.589,103
2.564,103
2.577,100
2.473,85
2.490,83
2.480,81
2.498,85
2.542,83
2.516,83
2.449,69
2.471,58
2.497,59
2.472,61
2.497,59
2.446,64
2.498,66
2.527,68
2.449,69
2.508,73
2.568,78
2.474,80
2.500,80
2.465,83
2.458,74
2.473,67
2.452,71
2.501,69
2.448,68
2.395,63
2.472,66
2.394,59
2.445,59
2.421,62
2.401,71
2.494,84
2.549,94
2.611,102
2.593,104
2.637,102
2.651,99
2.632,95
2.503,86
2.462,77
2.469,79
2.421,85
2.475,90
2.503,95
2.527,90
2.514,88
2.464,78
2.451,70
2.448,68
2.421,66
2.422,67
2.395,66
2.369,64
2.378,73
2.408,82
2.431,87
2.488,92
2.469,89
2.475,90
5.072,95
5.081,97
5.077,96
5.050,101
5.060,98
5.069,100
5.064,105
5.039,105
5.111,111
5.096,107
5.079,109
5.099,108
5.074,101
5.093,94
5.071,90
5.034,88
5.031,82
5.053,87
5.064,93
5.047,95
5.052,96
5.089,93
5.052,91
5.053,87
5.011,78
4.976,71
4.973,69
4.985,77
4.999,86
4.999,95
5.036,98
5.004,96
5.041,99
5.019,94
5.047,95
5.039,93
5.043,94
5.068,94
5.093,94
5.071,90
5.143,94
5.152,96
5.156,97
5.147,95
5.143,94
5.127,91
5.139,93
5.109,88
5.078,87
5.069,85
5.094,85
5.023,86
5.053,87
5.028,87
5.059,88
5.015,89
5.083,92
5.043,94
5.021,90
5.056,97
3.018,106
3.051,101
3.191,99
5.124,101
3.716,95
3.635,89
3.450,87
3.335,83
3.192,79
2.944,80
2.897,81
3.012,83
3.273,86
3.552,82
3.565,85
3.392,100
3.040,105
2.932,104
5.039,105
4.379,100
4.061,95
4.012,95
3.971,97
3.946,97
3.758,93
2.950,91
2.775,77
2.839,80
2.826,76
2.826,76
2.824,75
2.800,76
2.803,78
2.771,74
2.824,75
2.803,78
2.855,78
2.876,75
2.879,77
2.876,75
2.886,79
2.881,78
2.798,75
2.834,79
2.798,82
2.807,84
2.839,90
2.833,84
2.807,84
2.801,88
2.845,81
2.824,75
2.800,76
2.920,86
3.339,99
5.121,107
5.153,109
4.934,103
4.745,89
4.748,94
4.645,93
4.474,89
4.368,92
4.152,93
4.073,88
4.102,93
4.097,92
4.144,103
4.053,93
4.057,94
3.884,94
2.972,86
2.850,82
2.818,71
2.873,73
4.023,92
4.005,99
3.868,96
2.847,87
2.829,78
2.834,79
2.860,79
2.860,79
2.892,80
2.860,79
2.881,83
2.954,82
3.147,90
3.728,88
3.887,90
3.931,89
3.937,90
3.939,86
3.931,89
3.893,91
3.696,91
3.067,89
2.983,88
2.873,73
2.916,66
2.916,66
2.840,69
2.878,76
2.849,74
2.875,74
2.865,80
2.879,77
2.879,77
2.876,75
2.855,78
2.892,80
2.853,77
2.907,83
2.876,82
2.907,83
2.902,82
2.865,80
2.881,78
2.927,74
2.943,67
2.918,68
2.843,70
2.875,74
2.870,71
2.824,75
2.826,76
2.852,76
2.839,80
2.719,75
2.669,76
2.670,77
2.730,79
2.756,79
2.860,79
2.826,76
2.693,75
2.664,73
2.745,74
2.764,70
2.768,73
2.797,74
2.798,75
2.797,74
2.824,75
2.797,74
2.823,74
2.911,89
2.958,98
2.980,103
2.970,107
2.992,106
3.162,111
5.029,109
5.099,108
5.335,104
6.139,106
6.162,99
6.169,95
6.261,93
4.889,83
4.973,90
5.052,96
5.052,96
5.025,101
4.967,99
4.937,98
4.922,100
4.969,106
4.946,100
4.983,103
4.971,100
4.992,99
6.107,98
6.205,92
6.215,94
6.273,91
6.200,87
6.240,94
5.008,97
4.958,103
4.913,104
4.822,94
6.269,95
6.237,99
6.203,97
4.362,102
4.301,112
4.326,112
4.276,112
4.227,112
4.166,109
4.157,100
4.082,94
4.078,93
4.079,89
4.156,94
4.086,95
4.079,89
4.122,88
4.070,75
4.127,93
6.228,103
6.224,102
5.673,108
5.185,104
4.927,101
4.303,106
4.144,97
4.040,81
4.087,86
4.107,85
4.128,99
4.140,102
2.499,100
1.978,100
1.998,105
1.936,96
1.858,81
1.840,76
1.910,91
1.977,94
2.247,96
2.046,88
2.020,88
1.841,77
1.777,68
1.724,64
1.749,63
1.834,72
1.940,75
2.247,72
2.540,77
2.659,86
2.688,81
2.746,82
2.761,80
2.751,83
2.756,79
2.751,83
2.772,82
2.772,82
2.746,82
2.772,82
2.782,79
2.837,85
2.853,88
2.855,83
2.859,84
2.803,83
2.631,80
2.462,77
2.274,73
2.146,74
2.088,71
2.092,73
1.962,73
2.038,72
2.167,71
2.359,77
2.615,75
2.748,76
2.771,74
2.827,77
2.904,76
2.881,78
2.850,82
2.863,85
2.755,84
2.711,86
2.498,85
2.121,75
1.911,73
1.888,74
1.853,68
1.831,70
1.859,72
1.856,70
1.856,70
1.837,74
1.835,73
1.883,71
1.831,70
1.829,69
1.811,74
1.866,77
1.841,77
1.837,74
1.862,74
1.834,72
1.835,73
1.832,71
1.866,77
1.840,76
1.840,76
1.837,74
1.837,74
1.841,77
1.840,76
1.843,78
1.837,74
1.865,76
1.837,74
1.859,72
1.835,73
1.837,74
1.862,74
1.837,74
1.866,77
1.838,75
1.865,76
1.853,80
1.860,73
1.859,72
1.840,76
1.859,72
1.837,74
1.838,75
1.862,74
1.840,76
1.860,73
1.885,72
1.862,74
1.859,72
1.862,74
1.860,73
1.882,70
1.834,72
1.886,73
1.834,72
1.829,69
1.888,74
1.883,71
1.916,76
1.961,72
2.091,72
2.434,82
2.644,88
2.763,86
2.845,81
2.902,82
2.925,87
2.920,86
2.916,85
2.897,81
2.897,81
2.892,80
2.902,82
2.912,79
2.933,78
2.886,79
2.902,75
2.902,75
2.928,75
2.912,79
2.886,79
2.839,80
2.860,79
2.749,77
2.646,83
2.267,90
2.129,93
2.051,93
1.977,94
2.000,99
1.990,97
1.967,92
1.949,89
1.926,94
2.038,96
1.999,93
2.012,91
2.064,91
2.195,102
2.213,100
2.306,88
4.102,93
4.200,105
3.161,98
3.771,96
2.843,70
2.837,63
2.843,70
2.824,82
2.735,80
2.516,78
2.121,75
2.038,72
2.224,74
2.348,70
2.369,65
2.343,66
2.004,61
1.978,62
2.004,63
2.004,66
1.978,60
2.005,67
1.978,62
1.981,69
2.036,71
2.088,71
2.006,68
2.058,80
2.110,90
2.117,91
2.124,88
2.108,85
2.032,68
2.003,53
1.976,49
1.952,58
1.952,54
1.978,60
1.977,59
1.926,56
1.978,62
2.030,63
1.979,67
1.978,62
1.978,66
1.978,62
2.004,62
2.030,64
2.030,66
2.059,69
2.147,75
2.314,79
2.444,79
2.508,87
2.607,86
2.670,88
2.651,84
2.511,82
2.084,68
1.978,66
1.954,67
1.953,62
1.978,64
1.927,61
1.927,61
1.926,56
1.926,55
1.926,59
1.926,56
1.927,63
1.964,74
1.989,74
2.074,78
2.365,84
2.775,88
2.919,95
2.937,99
2.928,97
2.839,90
2.787,80
2.748,76
2.725,78
2.722,76
2.693,75
2.690,73
2.617,92
2.365,99
2.221,102
2.117,96
2.051,93
2.091,96
2.038,91
2.008,86
1.937,73
1.961,72
1.993,76
1.936,72
1.928,67
1.934,71
1.929,68
1.928,67
1.877,64
1.926,58
1.953,63
3.181,74
3.167,79
3.166,84
3.108,82
3.127,81
3.108,82
3.100,86
3.063,83
3.058,82
2.982,76
3.238,105
3.337,105
3.166,84
3.093,79
3.113,83
3.187,83
3.314,84
3.500,87
3.659,93
3.604,92
3.630,98
2.108,100
2.242,95
2.111,95
2.046,88
2.030,85
2.019,76
2.013,73
2.039,73
2.033,69
2.006,68
2.038,72
2.032,68
2.005,67
2.038,72
2.062,71
2.039,73
2.015,74
2.068,74
2.013,73
2.036,71
2.033,69
2.035,70
2.030,66
2.038,72
2.030,66
2.036,71
2.007,69
2.030,66
2.032,68
2.039,73
2.033,69
2.033,69
2.032,68
2.035,70
2.036,71
2.038,72
2.036,71
1.987,73
2.043,75
2.007,69
1.987,73
2.007,69
2.004,66
2.033,69
2.009,70
1.984,71
1.981,69
2.031,67
2.036,71
2.201,76
2.410,76
2.829,78
2.944,80
2.957,77
3.043,79
2.991,79
3.063,83
3.048,80
2.944,80
2.772,75
2.302,74
1.994,77
1.986,91
1.958,101
1.995,104
1.902,100
1.752,95
1.724,85
1.584,82
1.579,81
1.536,88
1.553,81
1.567,99
1.571,100
1.571,100
1.580,102
1.675,107
1.697,106
1.660,97
1.694,93
1.774,94
1.834,91
1.922,93
2.091,91
2.801,88
2.873,87
3.016,89
2.959,83
2.990,89
2.983,88
3.024,86
3.029,87
3.080,87
3.088,83
3.088,83
3.108,82
3.108,82
3.122,80
3.135,77
3.182,75
3.162,78
3.192,79
3.153,72
3.126,71
3.147,68
3.085,76
3.169,94
3.253,109
3.309,104
3.129,87
3.020,66
3.123,69
3.125,70
-99999999
3.126,71
3.113,78
3.129,87
3.135,88
3.086,88
3.020,85
3.029,87
2.626,79
2.157,79
2.121,82
2.108,85
2.108,85
2.039,73
2.007,69
2.045,76
2.074,83
2.078,84
2.112,86
2.139,86
2.134,85
2.144,87
2.069,75
2.004,63
2.030,66
1.979,67
2.031,67
2.084,68
2.043,75
2.123,76
2.863,85
3.108,82
3.160,88
3.227,96
3.277,102
3.221,107
2.940,106
2.293,107
2.239,100
2.475,90
3.048,68
3.125,70
3.128,72
3.192,79
3.228,87
3.223,86
3.187,83
3.228,87
3.223,86
3.199,86
3.199,86
3.223,86
3.201,81
3.167,79
3.192,79
3.192,79
3.187,78
3.167,79
3.197,80
3.160,77
3.197,80
3.197,80
3.215,89
3.258,92
3.272,95
3.284,98
3.281,97
3.293,100
3.298,101
3.242,106
3.040,105
2.508,102
2.355,103
2.400,108
2.582,101
3.034,92
3.184,92
3.227,91
3.137,83
3.117,84
3.083,82
3.108,82
3.088,78
3.108,82
3.096,85
3.103,81
3.086,88
3.088,83
3.083,82
3.048,80
3.043,79
2.947,70
2.881,78
2.824,75
2.853,77
2.931,77
2.975,81
2.996,80
3.027,81
3.053,81
3.071,85
3.147,90
3.092,89
3.117,84
3.145,85
3.092,89
3.141,84
3.113,83
2.800,76
2.351,72
2.265,66
2.213,66
2.242,69
2.213,66
2.214,67
2.189,68
2.186,63
2.239,61
2.265,65
2.291,61
2.446,65
2.553,68
2.499,67
2.343,65
2.186,62
2.190,69
2.230,78
2.253,76
2.202,77
2.343,85
2.862,94
2.898,102
2.663,96
2.403,91
2.269,86
2.248,73
2.160,66
2.186,62
2.186,61
2.159,56
2.159,59
2.186,60
2.185,58
2.185,59
2.134,61
2.143,72
2.133,54
2.157,42
2.108,64
6.274,87
6.267,90
6.243,90
6.299,102
6.325,109
6.187,112
7.847,114
7.738,105
7.710,98
7.752,102
7.846,107
7.821,107
7.703,109
2.232,105
2.192,108
2.137,95
2.046,88
2.159,94
2.130,89
2.150,88
7.668,100
7.648,101
7.614,99
7.668,100
7.617,94
7.664,84
7.788,105
7.788,105
7.827,102
7.790,99
7.790,99
7.788,105
7.757,110
7.786,111
7.703,109
7.535,104
6.474,102
6.378,103
6.244,95
6.237,99
6.207,98
6.216,100
6.199,96
6.240,94
6.362,99
6.458,111
7.853,109
7.815,99
6.331,98
6.249,96
6.273,91
6.243,90
6.196,101
6.199,96
6.221,101
6.271,101
6.296,101
6.450,109
7.561,111
7.732,110
7.809,117
7.774,101
7.728,87
7.686,83
7.635,83
7.676,91
7.676,91
7.646,95
7.673,101
7.659,104
7.524,108
6.554,110
6.396,101
6.306,98
6.285,93
6.236,93
6.218,90
6.230,92
6.269,95
6.255,88
6.311,99
6.374,102
7.713,105
7.652,109
6.400,109
2.509,109
2.400,108
2.467,105
2.434,103
2.325,91
2.355,97
2.261,99
2.265,85
2.178,78
2.314,79
2.202,77
2.256,78
2.300,87
2.313,99
2.268,95
2.254,88
2.189,80
2.212,59
2.343,64
2.302,74
3.900,88
3.884,94
3.856,93
3.838,90
3.813,90
3.848,97
3.844,96
3.838,90
3.713,85
3.251,81
3.029,73
3.060,76
3.113,78
3.118,79
3.172,90
3.231,103
3.227,102
3.249,101
3.141,99
3.070,94
2.911,84
2.985,78
2.811,66
2.445,58
2.265,60
2.239,63
2.241,68
2.218,70
2.241,68
2.244,70
2.227,76
2.244,70
2.268,69
2.268,69
2.302,74
2.306,77
2.402,81
3.063,83
3.061,77
2.957,77
2.664,73
2.458,74
2.335,83
2.250,74
2.271,71
2.293,68
2.317,61
2.348,70
2.449,69
2.556,70
2.556,70
2.709,68
2.813,68
2.872,72
2.974,71
2.973,70
3.025,70
2.969,67
2.710,69
2.343,62
2.239,61
2.212,58
2.239,61
2.213,61
2.213,61
2.213,64
2.239,64
2.239,66
2.239,65
2.253,76
2.265,85
2.351,96
2.457,109
2.527,120
2.393,119
2.500,120
2.481,115
2.395,100
2.254,88
2.410,92
2.208,89
2.269,86
2.365,89
2.274,87
3.820,87
3.352,87
3.145,85
3.226,81
3.660,84
2.345,90
2.213,85
2.225,82
2.230,83
2.220,81
2.282,83
2.204,78
2.225,75
2.186,65
2.186,60
2.161,67
2.150,77
2.141,71
2.192,70
2.186,63
2.186,65
2.213,63
2.186,61
2.186,62
2.134,62
2.213,61
2.185,59
2.186,65
2.241,68
2.345,68
2.661,71
2.953,74
3.083,82
3.088,78
3.191,89
3.281,103
3.292,94
3.120,65
3.071,62
3.077,71
3.111,77
3.082,74
3.093,79
3.078,81
3.117,89
3.243,94
3.307,92
3.543,95
3.712,94
3.863,95
3.910,100
3.893,102
3.890,101
3.906,99
3.888,95
3.888,95
3.942,102
3.906,99
3.832,99
3.569,86
3.216,79
3.083,75
3.080,73
3.085,76
3.073,80
3.085,76
3.111,77
3.108,75
3.448,81
3.962,95
4.014,101
4.083,113
4.049,104
3.942,102
3.880,93
3.869,87
3.867,81
3.996,103
4.120,110
4.003,105
3.926,98
3.950,98
3.942,91
3.968,87
3.900,88
3.662,106
3.397,101
3.518,107
3.946,103
3.962,95
4.011,90
4.011,90
3.992,96
3.962,95
3.918,96
3.860,94
3.825,92
3.782,93
3.610,93
3.335,83
3.206,82
3.160,77
3.170,85
3.191,84
3.197,80
3.417,85
3.758,93
3.872,97
3.901,98
3.762,94
3.685,89
3.561,89
3.629,88
3.450,87
3.310,83
3.192,79
3.152,81
3.170,85
3.157,82
3.147,80
3.157,82
3.215,84
3.343,85
3.364,84
3.322,86
3.285,83
3.236,83
3.248,86
3.223,86
3.170,85
3.170,85
3.170,85
3.206,82
3.122,80
3.166,84
3.172,80
3.179,87
3.182,82
3.157,82
3.166,84
3.166,84
3.142,79
3.162,83
3.170,85
3.162,83
3.152,81
3.187,83
3.147,80
3.127,81
3.132,75
3.150,70
3.224,70
3.333,77
3.350,81
3.305,82
3.253,87
3.195,85
3.187,83
3.199,86
3.203,87
3.195,85
3.157,82
3.191,84
3.162,78
3.439,79
3.739,80
3.862,90
3.827,98
3.759,99
3.715,107
3.743,101
3.746,102
3.810,106
3.778,104
3.729,98
3.515,94
3.371,86
3.293,85
3.234,88
3.182,82
3.152,81
3.162,83
3.132,82
3.157,82
3.122,80
3.147,80
3.172,80
3.137,78
3.137,78
3.122,80
3.142,79
3.118,79
3.142,79
3.184,76
3.185,77
3.202,72
3.227,72
3.154,73
3.104,72
3.077,71
3.077,71
3.038,78
3.068,79
3.088,78
3.172,80
3.226,81
3.160,77
3.134,76
3.132,75
3.160,77
3.152,81
3.147,80
3.160,77
3.197,80
3.159,76
3.157,82
3.142,79
3.127,81
3.111,77
3.147,80
3.179,87
3.208,92
3.284,98
3.407,117
3.598,91
3.354,74
3.394,80
3.107,74
3.113,78
3.132,82
3.142,79
3.098,80
3.113,83
3.055,73
3.244,85
3.819,96
3.899,76
3.918,91
3.948,92
3.912,90
3.958,94
3.925,88
3.746,91
3.862,90
4.014,108
4.128,112
4.149,124
4.108,120
6.262,112
6.187,99
6.207,98
6.262,99
6.162,89
6.253,97
6.282,98
6.471,101
6.421,101
6.399,96
4.148,104
4.137,108
4.198,111
4.223,111
4.177,112
4.192,116
4.231,113
4.177,112
4.190,109
4.209,114
6.139,106
6.153,103
6.221,108
6.246,108
6.282,104
3.586,99
3.376,87
3.371,86
3.314,84
3.325,81
3.305,82
3.222,69
3.194,57
3.269,64
3.206,75
3.233,76
3.271,80
3.276,81
3.266,79
3.221,80
3.256,82
3.265,84
3.231,82
3.221,80
3.251,81
3.265,84
3.240,84
3.256,82
3.256,82
3.236,83
3.269,85
3.261,83
3.246,80
3.276,81
3.246,80
3.251,81
3.366,94
3.420,95
3.535,93
3.641,90
3.759,79
3.727,77
3.551,74
3.231,75
3.388,84
3.540,85
3.713,85
3.766,86
3.798,82
3.703,77
3.378,74
3.295,68
3.228,73
3.231,75
3.236,78
3.216,79
3.246,80
3.211,78
3.283,76
3.241,79
3.240,84
3.259,77
3.234,77
3.233,76
3.259,77
3.221,80
3.208,76
3.233,76
3.271,80
3.234,77
3.234,77
3.224,70
3.252,72
3.202,72
3.221,68
3.225,71
3.231,75
3.478,75
3.738,85
3.869,87
3.910,85
3.910,85
3.914,86
3.946,82
3.860,85
3.744,81
3.567,80
3.381,76
3.258,76
3.275,71
3.326,72
3.407,77
3.419,80
3.299,71
3.220,67
3.221,68
3.246,68
3.274,70
3.280,74
3.281,82
3.320,90
3.273,86
3.271,80
3.228,73
3.372,70
3.401,73
3.505,92
3.493,90
3.322,86
3.276,81
3.231,82
3.261,83
3.231,82
3.241,79
3.228,73
3.277,72
3.765,69
4.053,93
3.927,111
3.619,108
3.745,115
3.644,108
3.475,122
3.399,115
3.375,96
3.283,88
3.359,98
3.234,88
3.277,91
3.277,91
3.392,100
3.379,103
3.415,106
3.411,105
3.464,106
3.404,103
3.408,98
3.355,97
3.313,93
3.317,94
3.327,87
3.345,90
3.366,94
3.397,101
3.404,103
3.453,103
3.397,108
3.417,113
3.399,115
3.424,115
3.352,109
3.312,105
3.260,104
3.305,97
3.326,96
3.366,94
3.346,95
3.400,102
3.348,101
3.379,103
3.422,108
3.334,98
3.307,92
3.297,86
3.379,82
3.374,81
3.360,83
3.281,82
3.236,78
3.209,77
3.223,86
3.191,84
3.206,82
3.219,85
3.215,84
3.191,84
3.211,83
3.231,82
3.219,85
3.272,95
3.351,102
3.305,103
3.312,105
3.274,101
3.165,93
3.244,100
6.257,98
6.235,105
6.271,108
6.224,102
6.221,101
6.210,105
6.228,97
6.243,90
6.400,87
6.593,90
6.813,89
6.875,102
6.744,107
6.579,110
6.460,118
6.406,117
6.402,116
6.389,106
6.482,104
6.496,101
6.666,100
6.754,97
6.812,93
6.796,86
6.767,85
6.813,89
6.837,93
6.841,94
6.599,91
6.344,95
6.219,95
6.216,100
6.228,103
6.216,100
6.414,106
7.050,128
7.018,113
6.704,82
6.244,86
6.156,88
6.131,88
6.106,88
6.230,92
6.440,94
6.249,91
6.153,97
6.194,95
6.212,89
6.187,84
6.131,88
6.287,99
2.043,97
1.834,96
1.783,96
1.838,103
1.847,99
1.859,102
1.889,103
1.797,79
1.818,78
1.808,72
1.775,64
1.775,65
1.800,62
1.800,61
1.774,59
1.826,60
1.800,61
1.825,58
1.825,59
1.826,60
1.825,59
1.799,56
1.775,62
1.854,69
1.826,66
1.879,68
1.856,70
1.834,72
1.851,60
8.402,86
8.425,80
8.435,75
8.403,70
8.401,69
8.404,71
8.337,77
8.343,84
8.314,78
8.337,77
8.278,71
8.348,67
8.348,67
8.403,70
8.412,76
1.798,52
1.825,59
1.902,61
1.876,56
1.850,55
1.875,52
1.901,56
1.876,57
1.876,57
1.876,59
1.930,69
1.888,74
1.913,74
1.911,73
1.877,63
1.904,68
1.907,70
1.919,78
2.000,89
2.047,98
2.007,95
1.974,89
1.939,74
1.883,71
1.902,62
1.926,53
1.901,54
1.926,56
0.313,61
1.877,65
1.953,60
0.362,57
0.212,54
0.312,54
0.412,55
0.360,44
0.385,42
0.437,36
0.410,42
0.362,36
0.362,36
0.364,34
0.464,34
0.412,36
0.360,38
0.363,35
0.310,41
0.360,40
0.410,45
0.363,63
0.272,73
0.380,78
0.355,83
0.450,82
0.359,84
0.442,86
0.442,86
0.378,88
0.478,88
0.384,89
0.290,90
1.995,104
2.092,109
2.044,110
2.074,111
2.106,106
2.108,100
2.008,86
1.980,80
1.961,72
1.953,63
1.978,62
1.984,71
1.989,74
1.978,64
1.953,62
1.927,62
1.927,62
1.939,74
1.942,76
1.939,74
1.958,70
1.930,69
1.954,67
1.916,76
2.051,93
2.064,102
2.069,103
2.064,102
2.056,100
1.990,97
2.052,99
2.004,100
2.026,99
1.967,92
1.923,89
1.898,84
1.860,73
1.826,63
1.825,59
1.780,70
1.802,80
1.729,70
1.774,59
1.775,60
1.775,63
1.775,64
1.724,64
1.781,71
1.730,71
1.781,71
1.756,71
1.801,67
1.803,69
1.775,65
1.801,67
1.829,69
1.854,69
1.852,67
1.877,63
1.877,61
1.902,61
1.876,57
1.876,56
1.903,67
1.868,83
1.898,89
1.981,95
1.910,102
1.976,106
2.016,103
2.000,99
2.007,95
1.898,84
1.831,70
1.828,68
1.801,67
1.800,64
1.775,63
1.775,62
1.749,64
1.800,61
1.877,63
1.927,61
1.978,65
2.007,69
2.004,62
1.978,64
1.977,59
1.977,59
1.978,60
1.929,68
2.020,77
2.013,87
1.872,89
1.885,96
1.932,101
1.972,105
1.904,107
1.944,104
1.914,103
1.932,101
1.944,98
2.004,100
2.035,101
2.069,103
2.021,98
2.019,92
2.019,92
2.029,94
1.955,90
1.898,84
1.859,72
1.829,69
1.827,67
1.775,66
1.831,70
1.826,61
1.800,63
1.800,66
1.826,66
1.877,65
1.902,63
1.877,65
1.927,63
1.902,65
1.903,67
1.954,67
1.927,64
1.927,63
1.927,61
1.885,72
1.967,92
2.007,95
2.021,98
2.000,99
2.012,102
2.052,99
1.955,90
5.310,104
5.327,102
5.359,104
5.197,95
5.252,96
5.264,93
5.144,85
5.065,84
5.089,93
5.252,102
5.260,104
5.294,100
5.302,96
5.290,89
5.409,98
5.319,100
5.115,89
5.111,78
5.277,96
5.391,106
5.420,107
5.514,112
5.510,111
5.441,106
5.393,100
5.345,90
5.309,88
5.359,98
5.359,104
5.327,102
5.452,109
5.537,105
5.420,90
5.438,93
5.509,98
5.420,90
5.384,98
5.498,108
5.473,108
1.953,100
1.824,106
1.808,96
1.684,74
1.774,59
1.724,63
1.671,48
1.697,50
1.698,56
1.697,52
1.698,58
1.724,61
1.749,63
1.727,69
1.700,67
1.724,66
1.724,61
1.724,63
1.724,64
1.724,63
1.724,62
1.749,60
1.724,62
1.724,65
1.750,67
1.787,75
1.741,78
1.802,80
1.818,83
1.787,82
1.835,87
1.796,89
1.865,92
1.880,95
1.905,95
1.940,97
1.880,95
1.876,94
1.847,89
1.796,84
1.802,80
1.775,65
1.747,49
1.747,52
1.723,59
1.775,62
1.749,62
1.751,68
1.775,65
1.749,64
1.749,64
1.802,68
1.826,64
1.826,60
1.825,58
1.799,53
1.774,53
1.773,52
1.825,54
1.774,56
1.774,59
1.774,59
1.825,59
1.825,59
1.799,54
1.850,55
1.825,55
1.825,57
1.900,52
1.926,56
1.953,65
1.978,61
1.953,60
1.978,61
1.978,62
1.978,63
1.978,60
2.006,68
2.030,64
2.031,67
2.005,67
2.030,66
2.038,72
2.035,70
2.069,82
2.116,81
2.105,79
2.072,77
2.079,79
2.045,76
2.035,70
2.003,57
1.977,56
1.926,58
1.877,62
1.877,66
1.829,69
1.827,67
1.775,63
1.800,63
1.775,62
1.825,59
1.800,65
1.775,64
1.775,66
1.750,67
1.776,67
1.775,64
1.776,67
1.749,65
1.752,69
1.756,71
1.752,69
1.783,72
1.780,70
1.781,71
1.781,71
1.749,65
1.775,65
1.775,63
1.774,56
1.748,57
1.748,57
1.723,56
1.699,61
1.724,63
1.777,68
1.705,71
1.765,77
1.716,78
1.746,79
1.711,75
1.721,79
1.690,78
1.687,76
1.706,81
1.679,71
1.681,72
1.673,63
1.699,63
1.672,58
1.621,53
1.726,68
1.816,88
1.854,95
1.762,82
1.711,75
1.748,94
1.780,101
1.829,95
1.714,88
1.738,92
1.726,90
1.652,86
1.665,83
1.630,72
1.681,72
1.650,80
1.650,80
1.655,81
1.677,86
1.648,85
1.665,83
1.673,85
1.703,86
1.669,84
1.640,83
1.706,81
1.637,76
1.665,78
1.655,81
1.670,79
1.696,79
1.655,81
1.720,84
1.701,80
1.711,82
1.640,78
1.637,76
1.631,73
1.654,71
1.650,68
1.656,72
1.625,69
1.631,73
1.625,69
1.597,66
1.622,62
1.648,60
1.649,67
1.573,68
1.622,62
1.621,58
1.621,59
1.596,54
1.569,50
1.596,55
1.621,59
1.621,58
1.596,56
1.544,50
1.596,58
1.622,60
1.681,72
1.630,72
1.602,70
1.602,70
1.609,75
1.609,75
1.571,65
1.546,65
1.597,63
1.571,62
1.571,63
1.546,62
1.571,63
1.571,62
1.522,67
1.571,62
1.546,65
1.571,63
1.571,64
1.572,67
1.597,63
1.572,67
1.578,71
1.571,66
1.547,67
1.546,64
1.597,64
1.571,65
1.571,66
1.597,66
1.571,62
1.571,64
1.546,65
1.571,61
1.573,80
1.631,87
1.630,91
1.704,101
1.692,105
1.715,104
1.701,107
1.732,102
1.692,105
1.656,102
1.699,100
1.736,97
1.694,93
1.657,87
1.580,72
1.620,50
1.518,45
1.518,45
1.519,50
1.570,53
1.545,58
1.596,59
1.571,65
1.573,68
1.575,69
1.548,68
1.573,68
1.571,62
1.597,65
1.545,59
1.571,65
1.546,65
1.571,62
1.570,59
1.571,62
1.581,73
1.563,78
1.560,76
1.619,79
1.644,84
1.618,84
1.587,77
5.043,58
5.042,51
5.046,68
5.041,79
5.053,87
5.046,80
5.021,80
5.061,78
5.051,81
5.002,81
5.071,80
5.030,74
5.052,72
5.050,71
5.046,68
5.094,64
5.070,67
5.044,61
4.995,65
5.006,74
4.936,76
4.894,79
4.906,87
4.862,88
4.886,92
4.918,89
4.864,78
4.909,75
4.936,77
4.957,75
4.962,78
4.984,76
4.924,68
4.967,79
4.930,91
4.835,82
4.844,84
4.788,77
4.861,76
4.893,84
4.861,76
5.000,70
5.018,53
4.995,65
5.007,75
5.052,91
5.047,95
5.077,96
5.089,93
5.047,95
5.084,88
5.115,84
5.081,75
5.058,76
5.086,78
5.094,85
5.071,90
5.068,94
5.033,92
4.985,92
4.899,90
4.844,89
4.912,88
4.845,79
4.922,85
5.086,83
5.169,85
5.000,70
4.797,54
4.746,41
4.700,62
4.732,72
4.800,68
1.519,49
1.548,32
1.469,36
1.518,43
1.519,52
1.520,53
1.571,60
1.571,60
1.597,60
1.571,60
1.571,60
1.570,59
1.571,62
1.546,63
1.521,65
1.577,70
1.581,73
1.578,71
1.577,70
1.603,71
1.581,73
1.584,75
1.598,67
1.584,75
1.546,66
1.570,59
1.520,57
1.569,52
1.543,45
1.594,42
1.596,36
1.598,34
1.568,43
1.544,46
1.520,59
1.419,60
1.469,53
4.747,52
4.673,47
4.578,33
4.750,34
4.845,40
4.894,39
4.895,50
4.869,42
4.869,43
4.748,53
4.724,66
4.714,77
4.721,79
4.708,87
4.720,89
4.708,91
4.708,87
4.733,87
4.701,67
4.649,53
4.647,43
4.772,51
4.848,66
4.805,81
4.708,87
4.702,90
4.769,93
4.770,89
4.733,87
4.683,72
4.700,64
4.872,61
4.997,68
5.009,76
5.044,66
5.068,57
4.992,39
18.365,70
18.366,71
18.342,81
18.332,79
18.357,79
18.555,99
18.588,86
18.632,50
18.437,68
18.372,82
18.317,81
18.299,76
18.287,80
18.236,67
18.137,33













17.783,45
17.786,62
17.813,80
17.801,77
17.853,78
17.926,77
18.031,84
17.873,82
17.913,90
17.823,82
17.813,90
17.832,84
17.948,97
18.047,97
17.886,85
17.881,93
17.913,90
18.018,96
17.931,93
17.963,90
17.944,96
19.613,81
19.737,81
17.525,92
9.151,46
9.114,75
9.119,83
9.224,99
9.281,107
9.291,103
9.323,105
9.350,112
9.126,94
8.954,95
8.859,87
8.922,89
8.897,84
9.003,80
5.121,80
5.171,90
5.127,91
5.164,93
5.158,92
5.121,90
5.103,87
5.084,88
5.071,80
5.084,88
5.081,82
5.144,85
5.106,75
5.161,78
5.083,76
8.963,75
8.928,68
8.954,69
8.966,77
8.927,67
8.850,64
8.906,70
8.932,71
8.909,72
8.916,77
8.963,82
8.922,89
8.921,93
9.047,93
9.139,103
9.243,117
9.269,104
9.316,97
9.406,120
9.152,94
9.102,85
9.094,83
9.111,87
9.183,101
9.261,96
13.085,87
17.544,91
18.193,91
17.556,93
17.594,91
17.782,99
17.625,92
17.689,95
19.543,75
19.553,79
24.394,45
19.281,56
19.406,64
19.280,47
18.292,27
18.411,34
18.780,44
18.631,40
18.908,35










18.833,62
18.785,68
18.883,66
18.832,59

18.490,70




10.809,23
10.835,33
10.713,29
10.787,30
10.755,41
10.806,46
10.806,47
10.905,42
10.856,37
10.706,37
10.805,45
10.855,42
7.491,52
7.505,75
7.527,87
7.582,92
7.588,93
7.650,81
7.719,64
7.944,64
8.002,72
8.146,66
7.020,68
7.052,87
7.093,63
23.066,83
22.936,74
22.142,98
21.553,67
10.581,51
6.967,61
6.941,58
6.951,73
7.007,77
7.004,82
7.075,81
7.049,71
7.091,51
7.136,21
27.017,61
26.754,74
24.800,95
24.589,83
24.376,86
24.561,92
24.231,87
24.643,89
24.186,76
24.194,79
24.108,74
23.819,84
23.681,81
26.595,68
26.792,53
27.042,64
24.309,82
24.334,75
24.331,73
24.384,82
24.339,78
24.324,80
24.264,83
24.286,76
24.249,80
24.294,79
24.422,85
24.443,89
24.418,84
24.369,79
24.359,75
24.359,75
24.337,77
24.323,67
24.322,66
24.322,66
24.284,75
24.312,77
24.289,78
24.300,69
24.300,69
24.374,68
24.381,73
24.234,75
24.074,80
24.112,77
24.272,85
24.339,83
24.389,78
24.437,77
24.439,78
24.449,80
24.454,81
24.449,80
24.449,80
24.449,80
24.449,80
24.344,79
24.289,83
24.224,80
24.454,81
24.336,76
24.349,80
24.387,77
24.387,77
24.479,81
24.489,78
24.464,78
24.461,76
24.436,76
24.461,76
24.483,74
24.449,80
24.444,79
24.439,78
24.414,78
24.454,81
24.414,83
24.449,80
24.462,77
24.494,79
24.499,80
24.528,71
24.600,69
24.633,74
24.661,76
24.672,65
24.619,44
24.571,54
24.428,71
24.703,71
24.458,74
7.546,31
7.442,53
7.405,74
7.406,75
7.323,70
7.340,39
7.593,60
7.560,78
7.557,76
7.467,59
7.473,25
17.801,88
17.889,95
17.170,81
16.954,77
16.956,78
16.948,73
16.961,79
16.890,67
16.911,79
16.906,83
16.910,89
16.892,69
9.478,52
9.506,67
9.477,79
9.467,82
9.432,80
9.405,85
9.451,89
9.386,81
9.405,62
16.368,69
16.300,87
16.350,87
16.615,85
16.644,86
16.623,96
16.674,87
16.809,93
17.032,118
17.032,105
16.942,95
16.892,95
16.943,86
17.625,92
17.619,96
17.528,104
17.487,94
17.487,94
17.453,88
17.487,85
17.504,83
17.540,86
17.586,85
17.561,85
17.504,83
17.528,83
17.519,91
17.539,95
17.566,101
17.589,95
17.459,89
16.275,87
16.250,91
16.336,93
16.505,88
16.772,91
17.059,84
16.756,83
16.354,92
16.305,92
16.231,92
16.225,91
16.275,73
9.562,71
9.543,82
9.514,87
9.552,89
9.517,75
9.581,65
9.578,38
16.892,95
16.860,84
16.861,44


18.333,48
22.787,75
21.227,85
21.422,93
21.367,77
7.317,54
7.301,72
7.339,84
7.315,79
7.290,79
7.275,81
7.239,84
7.279,74
7.299,71
7.292,58
7.290,44
7.219,18
21.898,84
21.859,81
21.754,80
21.792,77
21.814,82
21.842,88
21.977,85
22.817,83
22.880,101
21.916,92
22.604,86
21.542,77
21.571,105
21.572,93
21.597,93
23.114,77
23.216,83
23.021,79
23.081,81
23.046,79
23.014,77
22.992,78
23.189,88
23.040,98
21.343,98
21.360,91
21.219,78
21.351,94
21.093,77
21.080,80
8.944,21
9.003,33
7.292,59
7.343,62
7.405,74
7.520,68
9.125,50
9.077,60
9.102,62
10.706,52
10.555,45
20.965,103
21.436,87
10.655,40
10.655,43
9.202,55
9.175,39
9.200,45
9.175,38
24.205,102
23.939,104
23.810,82
23.927,86
22.562,103
22.605,108
22.520,93
23.970,79
22.482,81
10.013,25
10.133,56
10.334,60
10.533,64
10.465,71
9.379,64
9.304,65
9.279,66
9.328,58
9.428,48
10.636,31
10.784,18
22.452,80
22.467,83
9.102,35
9.276,45
9.176,50
9.177,53
9.227,58
9.183,70
10.757,57
9.027,64
9.099,45
9.100,46
9.200,38
9.335,28
20.615,82
20.590,82
9.033,19
9.079,11
20.565,82
20.570,83
20.574,84
20.560,81
20.574,84
20.674,84
20.737,87
20.692,76
20.724,84
20.736,91
9.331,33
9.150,42
9.151,52
9.100,51
9.177,55
9.100,48
9.201,50
9.858,60
10.056,43
10.706,51
10.657,55
10.607,36
21.003,85
21.439,97
21.468,98
21.460,96
21.349,79
21.591,76
21.589,97
21.486,87
10.605,39
24.687,88
24.647,85
24.597,85
21.584,81
21.871,105
27.294,80
21.541,92
21.657,108
24.575,95
24.538,98
24.405,91
24.589,83
24.554,81
24.494,79
24.384,75
24.400,69
24.414,83
24.359,82
24.283,74
24.280,72
24.402,70
24.514,78
24.543,84
24.508,74
24.522,62
24.523,67
24.559,75
24.544,79
24.537,77
24.504,81
24.489,83
24.454,81
24.461,76
24.511,76
24.427,70
24.450,69
24.486,76
24.486,76
24.484,75
24.483,74
24.461,76
24.378,71
21.323,89
21.404,90
21.504,90
21.417,88
21.522,93
21.417,88
21.491,92
21.585,96
21.659,81
21.764,82
21.806,86
21.744,78
21.669,83
21.642,88
21.573,84
21.419,83
21.392,77
21.299,79
21.112,87
21.095,83
17.001,97
16.948,87
16.897,72
16.879,77
16.866,80
16.856,78
16.843,86
16.854,88
16.821,81
16.818,86
16.889,85
16.881,78
16.888,57
16.836,42
26.316,47
26.316,49
17.318,25
17.294,28
17.633,42
17.584,46
17.584,49
7.817,49
7.819,64
7.831,82
7.840,84
7.776,81
7.761,78
7.752,72
7.769,65
7.792,50
15.127,91
15.224,108
15.276,115
15.256,103
10.575,111
10.613,101
10.488,86
10.446,82
10.434,85
10.436,90
10.443,87
10.474,88
10.480,89
10.493,87
10.505,84
10.513,86
10.560,80
10.595,75
10.566,72
10.584,67
10.583,63
10.607,57
10.657,54
10.631,48
10.656,37
10.512,31
17.143,101
10.360,34
10.407,49
10.414,70
10.376,78
10.368,73
10.326,78
10.343,87
10.288,86
10.267,91
10.243,87
10.280,89
10.286,90
10.383,94
10.316,81
16.386,84
16.393,95
7.767,37
7.797,69
7.806,82
7.784,88
7.811,78
7.844,63
7.892,47
15.219,63
15.167,50
17.614,69
17.611,60
17.612,34
14.995,63
15.026,81
15.044,65
26.365,38

24.918,44
15.699,28
15.620,68
15.621,69
24.574,68
24.948,68
25.119,56
25.120,35
24.869,38


24.999,31
24.927,28


24.871,59
24.821,57
24.802,25
24.774,33
20.978,64
21.276,94
22.879,86
22.834,73
21.783,71
21.792,77
21.848,89
21.860,91
21.816,92
21.829,90
21.742,88
21.754,90
21.636,87
24.781,73
24.734,75
24.656,73
24.644,79
24.687,77
24.668,84
24.512,77
24.381,73
24.459,75
24.437,77
24.448,67
24.474,68
24.568,84
24.522,85
24.322,85
24.137,88
24.087,77
24.099,80
24.213,98
24.493,89
24.536,92
24.655,91
24.580,96
24.543,84
24.261,92
9.810,32
9.916,27
9.663,28
9.834,18
9.729,40
9.730,46
9.759,68
9.756,55
9.730,52
10.006,51
9.857,57
9.980,39
22.620,93
22.552,90
22.550,85
22.522,79
10.058,53
10.082,49
10.106,42
10.116,27
20.620,83
20.720,83
10.473,76
9.220,78
9.156,69
10.458,57
9.982,54
10.006,52
9.805,40
22.347,89
22.272,84
22.355,86
9.538,27
9.681,55
9.754,43
9.754,41
9.810,33
18.798,88
18.762,95
18.626,83
24.097,85
24.062,77
9.404,58
9.765,72
9.707,66
9.255,68
10.231,79
10.071,75
9.304,60
9.316,82
9.643,82
9.735,69
9.715,72
9.150,42
9.025,37
22.418,78
9.985,68
10.092,102
10.233,59
10.331,42
22.717,83
22.727,90
22.652,90
23.981,102
8.527,31
8.546,41
23.661,75
23.745,79
12.484,19
12.376,40
12.327,49
13.896,49
13.900,11
23.945,79
24.074,80
24.030,72
23.906,91
23.630,71
8.526,32
8.495,43
8.350,31
23.611,75
23.664,77
23.734,74
23.935,82
13.157,28
13.248,41
13.250,55
12.964,20
23.884,74
24.104,81
24.164,78
24.331,73
24.331,73
24.074,68
24.175,69
23.945,79
24.037,77
24.022,85
23.988,77
24.104,81
23.790,78
23.687,76
23.651,80
23.731,72
24.381,73
24.720,49
24.546,36

24.822,63
24.821,56
24.719,42
25.044,36
24.996,61
21.183,71
24.473,67
24.496,57
24.977,28

25.143,48
25.143,51
25.119,53
25.019,53
24.976,70
25.069,58
24.969,50
24.944,52
24.869,40

26.316,48
26.367,54
26.340,43
23.997,59
24.023,67
23.998,62
14.247,62
14.251,86
14.149,80
14.147,85
14.106,73
15.096,33
15.193,53
14.994,57
15.118,58
15.017,79
15.096,80
15.161,78
15.206,75
15.195,67
15.219,62
15.143,58
15.243,56
15.316,79
13.906,91
13.732,96
13.690,104
13.754,108
13.580,101
13.342,98
13.184,91
13.097,84
13.083,81
13.085,73
13.049,50
24.031,87
23.877,86
23.873,85
17.688,68
17.873,103
17.866,108
17.902,104
17.903,83
17.943,81
17.891,70
21.960,91
16.850,74
17.162,94
17.037,55
17.062,57
17.086,52
24.300,95
26.675,81
24.551,86
26.964,84
21.527,61
21.714,82
21.669,83
21.717,77
21.777,35






24.470,48
24.545,52
24.571,22
24.747,60
24.796,58
24.796,55
24.144,39
23.971,50


24.146,58
24.098,67
24.278,71
24.096,55
24.659,20

17.583,79
17.585,94
17.635,94
17.607,84
11.697,78
11.807,90
11.817,82
17.632,89
17.618,81
17.594,72
17.733,38
24.814,78
24.973,68
24.539,78
24.264,78
24.193,84
24.629,81
24.539,78
24.675,69
24.721,58
24.819,42
24.669,39
24.769,43
3.616,16
3.589,36
3.636,39
3.663,36
3.764,14
24.820,50
24.771,55
24.772,65
24.752,70
24.637,77
24.669,79
24.803,71
24.912,88
24.772,64
24.781,73
24.851,86
8.369,38
8.319,43
8.446,49
8.435,20
26.923,70
27.014,79
13.871,48
13.930,26
10.806,48
10.815,26
3.645,19
3.638,36
3.688,58
3.663,56
3.664,64
3.614,62
3.663,59
3.614,65
3.564,59
3.614,61
3.688,56
3.760,48
3.714,32
3.835,36
3.786,35
3.863,31
3.808,45
3.809,48
3.783,45
3.714,32
3.719,27
3.765,24
12.401,43
12.401,39
12.351,39
12.401,45
12.401,40
12.450,38
12.406,33
12.426,38
12.376,40
12.403,54
12.201,43
22.416,77
3.763,34
3.760,50
3.663,54
3.613,49
3.562,39
10.132,46
10.239,70
10.087,69
13.905,27
22.487,75
22.540,88
22.559,87
22.614,92
22.662,103
22.612,97
9.000,22
8.999,49
9.026,56
8.976,64
8.949,48
8.847,43
10.131,39
10.156,41
10.110,67
10.084,64
26.995,80
8.371,36
8.396,50
8.243,39
24.237,77
24.159,75
3.858,44
3.859,52
3.810,59
3.860,53
3.811,35
23.815,78
24.094,79
24.189,83
8.395,38
8.598,54
8.597,52
8.874,57
8.422,57
8.346,59
13.216,88
3.808,39
3.883,50
3.858,43
3.861,34
13.159,72
13.104,69
13.151,63
13.151,64
13.084,72
13.188,82
13.141,88
13.209,91
12.454,85
12.437,91
3.907,39
3.882,42
3.883,46
3.861,67
3.836,60
3.916,71
3.882,45
3.908,49
3.859,48
3.835,54
3.934,59
3.836,65
8.675,60
8.649,59
8.572,48
8.847,41
9.050,37
9.049,42
8.948,40
11.753,47
21.536,73
21.786,87
21.786,87
21.556,86
21.473,84
21.531,86
21.498,84
21.552,85
21.581,86
21.636,87
21.544,83
21.423,84
21.427,85
21.506,86
21.423,84
21.269,78
21.249,79
21.159,71
24.474,33
24.545,48
24.546,56
24.545,49
24.746,55
25.094,53
25.119,57
25.122,32
25.044,58
25.017,45
11.857,32
11.730,35






4.104,45
4.081,51
4.081,47
4.007,49
4.056,47
4.008,36
11.530,66
11.637,81
11.572,78
11.569,76
11.577,79
11.638,91
11.558,95
11.604,94
11.576,89
11.576,89
11.551,84
11.423,78
11.498,83
11.563,96
11.527,99
11.546,98
11.506,100
11.532,107
11.560,108
11.543,110
11.687,115
15.235,104
15.240,99
15.252,102
15.224,101
15.227,96
15.244,85
11.950,93
11.910,101
12.010,108
13.142,104
11.488,115
11.493,103
11.452,99
4.007,37
4.032,53
4.033,62
4.056,46
4.040,26
11.701,89
11.805,61
11.805,60
17.648,75
11.490,73
11.437,71
11.567,75
11.582,80
11.552,79
11.555,85
11.407,67
11.455,55
11.383,68
11.406,63
11.362,71
11.453,79
3.987,31
3.932,40
3.956,42
4.007,50
4.008,57
4.032,54
4.104,45
3.942,26
17.745,87
17.728,83
17.748,82
8.928,33
9.073,84
8.966,77
17.280,78
13.225,94
3.864,30
3.883,51
3.934,57
3.958,56
3.957,48
3.957,48
3.956,45
3.956,45
3.957,51
3.908,49
3.958,55
3.958,54
3.958,55
3.958,55
3.958,56
3.958,56
3.959,63
3.958,54
3.958,54
3.983,55
3.957,49
3.957,51
3.959,60
3.983,54
3.934,53
3.957,50
3.883,48
3.858,38
3.966,26
3.837,23
3.887,15
24.918,39
24.644,45
24.596,53
3.835,22
3.957,37
3.933,46
3.957,52
3.958,55
3.958,59
3.983,59
4.007,48
25.118,52
25.157,20
24.919,48
24.896,54
9.126,59
9.024,40
8.999,51
24.471,57
17.748,75
17.798,82
17.758,79
17.678,83
13.354,95
8.935,73
9.151,106
11.825,93
13.151,100
13.238,103
13.223,79
13.331,29
9.155,32
9.050,51
9.151,47
9.152,57
11.741,74
11.827,79
12.458,70
12.626,53
12.525,38
8.852,17
9.102,65
9.000,59
9.049,44
9.126,56
9.185,81
12.802,65
14.523,32
24.971,94
10.009,67
10.091,81
7.645,68
7.794,61
7.850,71
7.906,82
11.402,84
11.390,73
11.306,66
11.496,77
10.139,70
10.081,38
22.074,52
23.661,82
23.461,82
23.486,75
9.806,50
9.924,77
10.080,99
10.055,89
10.055,84
10.068,87
10.092,91
10.125,98
10.196,103
10.117,96
10.171,97
10.183,94
10.133,94
10.217,96
10.142,96
10.104,93
10.199,88
10.142,91
13.340,92
13.184,91
13.141,88
13.222,89
13.128,90
13.123,79
13.110,73
13.053,68
13.075,54
13.650,63
13.860,75
13.856,72
13.900,68
14.071,54
13.970,40
12.302,47
12.327,49
10.233,59
10.201,78
10.248,92
10.109,64
9.937,69
13.797,56
11.218,75
11.283,80
11.676,89
11.572,78
11.588,72
14.344,45
12.377,48
12.329,61
8.044,55
7.994,61
7.869,63
14.568,41
10.157,48
10.106,44
24.481,87
24.411,76
12.901,55
12.751,58
7.517,56
7.543,63
7.493,61
7.446,69
7.434,77
7.424,70
7.406,75
7.465,79
7.552,73
7.668,65
7.797,69
7.826,81
7.890,84
7.971,90
7.953,87
7.936,78
7.951,81
7.961,78
7.986,83
7.994,85
8.054,87
8.090,93
8.069,94
8.103,96
8.090,93
8.022,90
7.950,71
7.793,58
7.593,60
7.468,60
7.443,64
7.443,66
7.448,70
7.493,63
7.493,64
7.493,64
7.493,66
7.585,83
7.495,68
7.494,67
7.524,71
7.543,64
7.518,61
7.492,53
7.547,30
14.868,43
11.829,57
11.786,71
11.777,79
9.245,83
9.304,85
9.378,94
9.111,87
9.329,85
12.000,93
11.800,93
13.354,95
13.346,93
13.309,91
13.148,79
13.172,89
13.196,93
13.246,93
13.247,89
13.272,84
17.335,79
7.570,33
7.542,59
7.543,66
7.543,66
7.568,61
7.568,63
7.593,35
24.449,80
13.288,20
13.349,46
13.302,67
13.389,92
13.448,106
13.306,101
15.157,110
14.994,106
9.301,40
9.328,54
9.270,78
9.316,75
9.318,76
9.285,71
14.928,115
15.052,115
14.971,113
14.924,114
14.892,112
14.848,107
14.815,105
14.715,105
14.673,107
14.723,107
14.701,108
14.748,107
14.726,108
14.705,109
14.713,111
14.609,110
14.659,110
14.696,113
14.755,109
14.784,110
14.924,114
15.037,111
14.888,111
15.041,112
14.318,112
9.265,75
9.306,68
9.277,46
9.201,49
9.081,30
9.229,34
9.361,26
17.496,73
11.831,67
12.022,83
12.065,74
12.004,56
12.011,71
17.427,76
17.443,71
13.439,92
13.307,71
13.442,78
13.384,73
15.152,96
4.625,57
4.690,77
4.716,78
4.751,68
4.772,51
4.746,39
17.769,91
17.789,95
15.114,93
15.135,104
15.045,100
14.985,92
15.008,97
15.020,100
15.004,96
10.133,94
10.217,96
7.786,83
8.023,95
8.151,121
4.510,96
4.453,85
4.510,72
4.575,53
4.550,47
4.573,39
4.754,25
12.979,107
12.961,109
13.031,101
12.935,102
12.927,100
12.926,94
12.923,89
12.951,94
12.948,89
7.392,51
7.473,70
7.525,81
7.727,102
7.692,106
7.749,108
7.735,104
7.724,101
9.962,114
10.191,115
10.245,116
10.171,103
14.434,103
7.591,47
7.517,53
7.541,52
7.593,63
7.560,78
7.625,81
10.239,101
10.175,98
10.303,105
10.317,102
10.250,98
14.163,98
14.218,99
12.704,107
12.868,104
9.089,82
9.101,59
9.199,84
9.249,89
9.381,107
9.324,93
13.310,73
13.251,66
13.300,36
13.333,26
10.885,12
11.129,45
11.031,59
11.185,69
11.179,79
11.309,107
11.327,99
11.277,93
14.452,70
14.439,78
14.472,64
14.497,65
9.102,85
6.425,73
6.508,83
6.595,86
6.603,82
6.618,90
6.713,99
6.747,101
6.649,96
11.932,80
11.677,79
11.321,77
11.220,76
11.086,86
10.833,85
10.625,78
10.545,75
10.526,78
10.655,79
10.865,81
10.973,77
11.059,80
11.271,77
11.428,79
11.471,77
11.687,81
12.760,91
11.408,90
13.141,77
13.439,76
4.722,50
4.650,60
4.625,59
4.600,58
4.553,23
13.218,78
13.206,70
13.226,65
13.251,85
9.253,100
9.212,109
9.211,96
9.024,79
8.937,74
13.452,80
13.508,91
13.524,94
13.566,104
13.600,100
13.569,105
13.521,99
13.596,112
13.609,109
7.808,76
4.822,55
4.857,73
4.855,81
4.856,72
4.854,71
4.822,58
4.773,57
13.616,104
13.642,111
15.081,103
15.023,95
13.777,86
15.236,78
12.636,109
12.585,96
15.124,108
15.256,97
15.338,105
15.210,98
15.276,115
15.153,109
4.996,34
4.968,47
4.944,56
4.897,60
4.922,60
4.896,55
4.846,50
4.870,47
4.869,42
4.894,41
4.876,30
13.278,107
13.195,105
13.203,107
13.217,104
13.253,107
13.241,117
13.295,118
13.241,117
13.256,121
13.177,120
13.056,121
4.850,33
4.894,40
4.920,46
4.895,52
4.895,48
4.895,46
4.895,47
4.921,36
15.289,93
12.696,118
12.607,108
12.621,105
12.650,106
12.632,108
12.682,108
12.412,96
14.396,94
14.732,116
12.677,113
4.944,53
4.903,71
4.878,71
4.946,85
7.924,101
7.899,108
7.648,108
12.746,105
12.757,108
12.780,114
13.072,112
15.181,97
15.227,102
13.238,103
13.118,111
13.258,115
13.074,119
7.996,107
7.953,109
5.021,80
4.991,84
4.977,81
4.953,81
4.967,79
4.967,79
4.953,72
4.947,68
4.944,58
4.921,54
4.943,52
4.895,47
4.894,45
4.946,34
4.878,28
4.853,29
4.852,30
4.943,37
4.919,44
4.944,54
4.943,49
4.943,47
4.943,50
4.967,45
13.085,109
12.754,107
12.794,111
12.789,103
12.707,101
7.793,55
7.834,88
7.781,82
7.752,72
7.736,78
7.724,70
4.859,74
4.884,75
4.914,78
4.948,80
4.946,85
4.971,85
4.898,67
7.806,82
14.116,105
13.736,103
13.745,99
13.853,101
13.650,100
13.669,105
13.688,110
4.845,38
4.870,51
4.944,54
4.944,58
4.943,49
5.023,30
13.425,63
4.942,39
4.922,66
4.944,57
4.922,61
4.921,58
4.921,59
4.921,55
4.701,23
15.127,102
14.844,106
14.475,95
11.587,115
9.253,100
9.129,80
9.300,89
9.291,82
9.264,74
4.895,48
5.041,40
4.944,55
4.944,53
4.968,49
4.969,53
4.969,55
4.993,52
4.968,49
4.992,44
4.894,38
4.896,57
4.899,68
4.948,80
5.004,87
5.004,87
5.010,88
4.995,85
4.962,78
4.945,64
4.945,60
4.945,60
4.995,62
4.944,58
4.993,50
5.017,46
4.942,39
12.141,97
12.191,97
9.085,102
9.135,91
9.066,76
9.153,85
4.980,87
4.957,75
4.953,72
5.033,92
5.077,96
5.049,70
23.029,70
9.003,15
9.076,56
9.162,73
9.190,82
9.300,89
9.319,88
9.349,93
14.854,96
14.800,86
14.810,92
7.117,55
7.154,74
7.315,79
7.252,73
7.269,67
4.970,61
4.944,55
4.995,64
5.020,67
5.049,70
5.095,67
5.094,62
5.094,61
5.118,55
5.093,54
5.092,52
5.067,48
5.142,46
5.166,44
5.192,46
5.167,48
5.192,49
5.192,52
5.168,56
5.218,54
5.269,66
5.194,65
5.196,68
5.194,65
5.199,70
5.194,66
5.144,62
5.136,83
5.066,79
7.321,69
7.295,68
7.168,60
7.391,43
7.516,51
5.342,49
5.493,60
5.427,73
5.326,81
5.281,75
5.286,83
5.240,84
5.169,66
5.194,61
5.142,52
5.195,67
9.463,91
9.379,85
9.285,71
15.852,87
15.805,103
13.946,106
15.506,97
15.331,82
14.998,69
7.342,54
7.330,75
7.243,64
11.406,64
7.993,94
7.853,73
7.768,53
7.944,62
7.924,70
9.243,117
9.478,119
9.414,109
9.325,89
9.270,78
9.333,86
9.337,91
9.275,89
9.375,99
9.438,102
9.381,90
9.362,91
9.393,92
9.382,95
9.358,86
9.211,72
15.192,106
15.221,107
15.240,99
15.342,106
15.374,101
15.169,113
14.118,99
14.109,97
13.873,85
12.777,100
12.700,106
12.796,105
12.757,101
12.839,103
13.512,97
13.487,97
15.257,110
15.202,102
15.092,106
5.093,58
5.161,78
5.190,84
5.194,85
5.236,83
5.211,78
5.144,65
5.192,52
5.142,50
5.167,51
5.192,46
5.167,49
5.167,46
5.167,49
5.167,49
5.141,42
5.192,46
5.167,49
5.167,46
5.192,47
5.142,48
5.141,42
5.166,42
18.147,82
18.089,86
18.060,85
18.230,93
15.231,103
7.692,46
7.878,73
7.961,78
7.956,75
8.009,77
8.045,62
15.188,105
13.636,116
13.537,103
13.014,103
12.789,103
3.523,27
3.612,42
3.563,50
3.515,56
3.516,63
3.525,73
3.481,77
3.516,85
3.466,65
3.491,60
3.515,57
3.415,52
3.466,35
3.562,42
3.563,49
3.590,60
3.615,67
3.626,75
3.577,75
3.574,73
3.599,73
3.565,64
3.614,62
3.564,53
3.564,53
3.614,64
3.616,68
3.619,70
3.561,84
3.629,88
3.622,91
3.634,93
3.635,84
3.597,81
3.660,84
3.621,81
3.576,74
3.521,70
3.554,76
3.549,73
3.530,77
3.505,76
3.547,81
3.582,78
3.605,77
3.536,84
3.610,93
3.580,88
3.536,89
3.582,78
3.591,67
3.563,51
3.391,53
3.449,72
3.516,66
3.539,54
3.517,34
3.568,24
15.086,83
9.212,73
9.331,80
3.415,51
3.316,51
3.417,61
3.464,47
3.514,52
3.538,49
3.564,55
3.614,65
5.258,76
5.351,72
5.296,68
5.331,75
5.388,93
5.471,95
5.451,91
5.500,81
7.366,41
15.315,89
15.311,78
15.356,82
15.369,100
15.424,70
23.120,84
22.976,67
9.405,35
9.437,81
7.693,94
7.672,86
7.666,51
14.962,98
5.196,32
5.319,65
5.440,79
5.458,88
5.564,89
5.530,82
7.826,81
7.815,84
7.794,85
7.654,74
7.569,67
7.595,68
7.593,65
7.546,69
7.526,72
7.532,76
7.508,77
7.565,79
7.633,77
7.643,62
7.643,61
7.266,50
7.369,61
7.499,71
7.493,64
7.515,45
7.991,42
8.144,52
8.218,43
14.944,53
3.469,69
3.602,82
3.642,69
3.613,46
3.587,40
3.513,38
3.565,62
3.582,78
3.587,79
3.530,77
3.548,72
3.673,87
3.646,81
3.557,83
5.140,84
5.176,81
5.193,54
5.166,42
21.992,77
22.033,81
22.041,77
3.171,23
3.147,33
3.172,33
3.216,40
3.267,47
3.168,48
3.167,43
3.167,42
3.216,39
3.193,48
3.217,50
3.269,65
3.269,66
3.283,76
3.322,86
3.334,98
3.332,92
3.231,75
3.227,72
3.201,71
3.178,72
3.170,66
3.502,74
3.668,86
3.647,96
3.618,86
3.654,77
3.678,76
3.666,68
3.739,68
3.713,85
3.709,89
3.618,86
3.646,81
3.623,73
3.628,76
3.636,79
3.700,82
3.629,77
3.636,79
3.659,93
3.788,90
5.699,81
3.723,74
3.711,55
3.752,77
3.758,84
3.722,87
3.685,89
3.696,91
3.691,90
3.715,90
3.681,78
3.667,69
3.773,74
3.800,76
3.759,79
3.815,86
3.777,88
3.702,92
3.721,91
3.691,90
3.712,94
3.651,82
3.615,67
3.589,58
3.620,71
3.664,60
3.663,59
3.645,71
3.565,66
3.912,68
4.023,76
3.565,65
3.787,67
3.860,65
3.762,61
3.710,50
3.688,55
3.762,65
3.714,68
3.691,68
3.695,81
3.691,80
3.669,70
3.663,54
3.663,58
10.724,98
10.675,111
13.421,112
10.734,120
10.649,104
15.485,104
14.487,117
14.277,101
3.808,45
3.844,91
3.774,75
3.760,46
16.047,108
13.079,95
5.690,48
5.640,42
5.681,76
9.716,109
13.206,101
15.340,89
13.245,105
7.790,84
7.743,55
7.769,61
15.446,107
18.908,85
18.599,88
11.204,46
11.163,71
11.057,62
9.780,42
9.704,41
9.706,22
7.975,28
7.816,45
7.844,60
5.643,63
5.742,65
5.767,63
5.714,44
5.740,50
5.841,59
5.617,58
7.643,66
7.774,70
7.744,65
7.743,59
7.818,53
7.843,59
7.843,57
7.841,40
7.846,32
7.846,10




16.917,31
11.454,52
11.430,36
22.899,56
11.104,38
11.155,37
9.556,62
9.630,56
9.706,58
11.096,76
11.069,75
11.232,100
7.618,66
7.667,56
7.746,68
7.746,68
7.769,66
7.768,57
7.643,61
7.805,74
7.772,69
3.996,20
3.971,20
3.793,26
3.810,36
3.761,59
3.825,76
3.813,90
3.819,96
3.817,101
3.835,106
3.806,105
3.787,100
3.812,100
3.775,97
3.823,97
3.777,92
3.827,98
3.856,93
3.813,90
3.782,84
3.778,78
3.786,66
3.860,63
3.869,73
3.897,82
3.889,86
3.867,81
3.857,84
3.885,85
3.860,85
3.869,87
3.875,88
3.853,83
3.869,87
3.875,88
3.875,88
3.857,89
3.864,86
3.897,82
3.892,81
3.925,77
3.868,72
3.888,69
3.916,71
3.946,75
3.902,78
3.881,84
3.889,86
3.851,88
3.888,95
3.813,90
3.881,99
3.838,90
3.909,94
3.826,88
3.811,85
3.807,89
3.788,80
3.843,81
3.890,70
3.890,70
3.925,77
3.912,80
3.906,84
3.912,90
3.887,90
3.934,94
3.962,95
3.959,100
3.918,96
3.918,96
3.948,92
3.924,92
3.897,82
3.917,81
3.922,75
3.872,75
3.844,72
3.838,80
3.813,80
3.838,80
3.853,83
3.853,83
3.832,84
3.811,85
3.815,86
3.826,88
3.832,89
3.848,82
3.853,83
3.860,66
3.811,64
3.761,57
3.664,64
3.666,68
3.673,73
3.676,75
3.695,81
3.635,84
3.664,85
3.651,82
3.646,81
3.661,79
3.749,82
3.803,83
3.803,83
3.793,81
3.783,79
3.823,82
3.811,85
3.811,85
3.881,89
3.811,85
3.860,85
3.836,85
3.832,84
3.836,85
3.820,87
3.820,87
3.836,85
3.815,86
3.820,87
3.762,85
3.774,82
3.717,86
3.664,85
3.709,84
3.739,80
3.783,79
3.771,73
3.814,69
3.816,70
3.853,78
3.864,86
3.803,83
3.828,83
3.815,86
3.857,89
3.856,93
3.825,92
3.851,88
3.833,79
3.838,80
3.817,71
3.913,69
3.912,80
3.935,85
3.864,86
3.939,86
3.900,88
3.856,93
3.868,96
3.885,100
3.884,94
3.853,78
3.859,52
3.882,43
4.011,80
3.999,77
3.965,71
3.967,72
4.035,80
4.066,91
4.001,83
3.951,83
3.917,81
3.899,76
3.862,68
3.959,61
3.919,73
3.881,89
3.937,90
3.954,93
3.899,92
3.914,86
3.826,77
3.798,82
3.758,84
3.749,75
3.778,78
3.813,90
3.782,89
3.815,86
3.803,83
3.820,87
3.815,86
3.838,90
3.833,79
3.786,66
3.761,56
3.783,45
3.860,58
3.784,52
3.958,58
3.860,60
3.959,64
3.990,71
3.959,63
3.910,64
3.959,66
3.961,68
3.916,71
3.885,62
3.910,63
3.910,66
3.835,58
3.859,47
3.908,47
4.008,59
4.011,68
3.999,77
3.976,78
3.976,78
3.971,75
3.974,77
3.948,76
3.974,77
3.998,76
3.981,79
3.974,77
3.986,80
4.006,79
3.946,82
3.971,82
3.902,78
3.927,78
3.922,75
3.964,70
3.958,59
3.908,46
3.884,36
3.907,45
3.860,55
3.910,64
3.890,70
3.900,77
3.906,84
3.887,80
3.866,71
3.860,65
3.860,61
3.859,49
3.834,46
3.858,43
3.909,53
3.910,64
3.893,72
3.921,74
3.924,76
3.882,79
3.892,81
3.875,77
3.892,81
3.877,78
3.828,78
3.843,81
3.887,80
3.887,80
3.874,76
3.922,82
3.897,75
3.894,73
3.865,70
3.918,72
3.893,72
3.924,76
3.916,71
3.919,73
3.959,65
3.885,61
3.933,50
3.956,44
3.907,45
3.809,50
3.860,65
3.844,72
3.875,77
3.902,83
3.925,77
3.897,75
3.919,73
3.925,77
3.955,84
4.005,84
3.946,82
4.040,81
-99999999
4.057,55
16.477,82
11.196,92
11.517,116
7.770,67
7.868,54
7.797,69
7.922,69
3.909,58
3.871,74
3.834,37
3.762,61
3.798,75
3.811,85
3.744,81
3.795,87
3.778,83
3.777,77
3.771,73
3.820,73
3.823,75
3.801,77
3.773,74
3.777,77
3.798,82
3.807,84
3.811,85
3.807,89
3.832,89
3.807,89
3.825,92
3.832,89
3.788,90
3.777,88
3.819,96
3.819,96
3.819,96
3.831,93
3.815,86
3.769,81
3.798,82
3.793,81
3.783,79
3.739,80
3.788,80
3.744,81
3.803,83
3.765,90
3.807,89
3.782,84
3.734,84
3.786,85
3.800,92
3.800,92
3.777,92
3.827,98
3.803,98
3.783,99
3.787,100
3.856,93
3.782,89
3.819,91
3.836,85
3.838,80
3.844,72
3.786,66
3.836,62
3.785,58
3.860,58
3.809,49
3.858,42
3.835,36
3.848,20
14.694,37
14.910,76
14.942,89
14.941,93
3.769,26
3.783,39
3.761,54
3.762,60
3.761,59
3.739,68
3.789,69
3.798,75
3.798,75
3.800,76
3.770,72
3.763,67
3.814,69
3.811,64
3.760,48
3.809,49
3.836,60
3.786,63
3.760,48
3.835,53
3.811,62
3.734,42
3.865,29
3.861,23
11.792,82
15.136,83
15.177,102
11.678,106
3.835,58
3.820,73
3.749,82
3.813,90
3.771,87
3.844,91
3.909,94
3.851,88
3.918,91
3.891,71
3.860,66
3.907,79
3.836,85
3.832,89
3.795,87
3.864,86
3.899,92
3.900,88
3.910,85
3.975,98
4.014,101
3.814,95
3.800,92
3.844,91
3.868,96
3.893,91
3.912,90
4.029,99
4.088,101
5.169,100
3.940,101
3.881,99
3.799,97
3.808,99
3.750,103
3.737,94
3.739,80
3.817,71
3.946,82
3.942,91
3.937,90
3.967,91
3.902,83
3.954,93
0.159,84
5.551,96
4.214,96
4.053,93

4.004,93

0.252,92
0.271,91



0.209,84



0.209,84
0.188,85
0.180,78

0.221,91
0.279,98

0.250,97


0.150,75
0.149,74

0.140,68
0.165,80
0.200,82


0.155,83



0.195,81
0.140,80

0.161,37
0.166,31
0.140,33
0.166,31
0.141,31

0.139,34
0.166,31
0.160,41
0.137,57


0.162,56



0.113,35


0.135,40
0.111,48

0.163,60
0.137,58

0.162,59
0.113,60

0.163,65
0.163,66
0.169,71


0.169,71

0.163,66
0.168,70
0.162,57
0.144,71
0.162,56
0.141,31
0.143,29
0.168,29
0.143,25
0.141,24

0.169,71
0.184,84
0.121,72
0.168,70
0.113,65
